country,year,log_gdppc_growth,rgdpe,rgdp_pc,tariff,tariff_import_weighted,tariff_lag1,tariff_lag2,trade_gdp,income_group,hc,csh_i,csh_g,pl_i,pop_growth
Albania,1997,-20.280173718424166,12118.62109375,3752.2900533647503,19.35,14.413559548318247,,,44.7293780649181,Low-income countries,2.6345043182373,0.0920959711074829,0.252641439437866,0.322220335325146,-0.004947396621565181
Albania,2000,10.814409753199428,14723.3681640625,4650.2463447894725,10.36,11.650889203150975,14.413559548318247,,61.6092610436407,Lower-middle-income countries,2.8011474609375,0.201741993427277,0.21297100186348,0.366630587002939,-0.007064673853850234
Albania,2001,9.658315884332147,16123.0927734375,5121.786758349023,5.6,11.283571148623826,11.650889203150975,14.413559548318247,64.2474462587009,Lower-middle-income countries,2.8150897026062,0.240735232830048,0.228211045265198,0.364509067185839,-0.005766483392947386
Albania,2002,7.413914893130702,17287.470703125,5515.942321771346,10.56,8.342437112474126,11.283571148623826,11.650889203150975,65.9914650336802,Lower-middle-income countries,2.8291015625,0.251809477806091,0.239019572734833,0.353127709115507,-0.004409724697541417
Albania,2003,10.337220943631742,19072.255859375,6116.650928189005,8.39,8.16100517905911,8.342437112474126,11.283571148623826,64.8232150960777,Lower-middle-income countries,2.84318327903748,0.259292393922806,0.236986771225929,0.397806117380109,-0.005119505501921751
Albania,2004,9.55274307258982,20853.2734375,6729.777912656999,6.51,7.313461360869307,8.16100517905911,8.342437112474126,65.0379383187697,Lower-middle-income countries,2.85733485221863,0.28633925318718,0.250434845685959,0.458731596166549,-0.006251201642092807
Albania,2005,8.186054055078706,22467.828125,7303.857871130848,1.91,7.334096138035523,7.313461360869307,8.16100517905911,69.1162926602322,Lower-middle-income countries,2.87155675888062,0.293757319450378,0.251077383756638,0.455695947509424,-0.00728705100059579
Albania,2006,9.161417789615456,24420.517578125,8004.603886419963,1.39,6.577685059338328,7.334096138035523,7.313461360869307,72.2019089483674,Lower-middle-income countries,2.87803173065186,0.318196386098862,0.228437557816505,0.428669740988354,-0.008274939465156894
Albania,2007,9.09066916469019,26499.765625,8766.376521848155,7.92,5.841986000194025,6.577685059338328,7.334096138035523,79.9119008919954,Lower-middle-income countries,2.884521484375,0.31713005900383,0.227313444018364,0.457488613880864,-0.009194466336823748
Albania,2008,9.71455271676156,28913.884765625,9660.728705858473,4.4,5.1298334201311855,5.841986000194025,6.577685059338328,75.2485472798728,Lower-middle-income countries,2.89102554321289,0.318625867366791,0.22015044093132,0.490800203904173,-0.009959494320712414
Albania,2009,8.341287916806017,31098.84765625,10501.120438892189,1.14,4.87799274379859,5.1298334201311855,5.841986000194025,73.3213575646169,Upper-middle-income countries,2.89754462242126,0.30174058675766,0.222281411290169,0.429435338419839,-0.010564034983388648
Albania,2010,1.6053324977502115,31252.564453125,10671.05872565747,6.43,4.8480612684005635,4.87799274379859,5.1298334201311855,75.5325329687378,Upper-middle-income countries,2.90407800674438,0.273024380207062,0.222167447209358,0.411530981560509,-0.011122655307051366
Albania,2011,5.319764683738093,32766.37109375,11254.104783558601,3.41,4.5610986336149475,4.8480612684005635,4.87799274379859,80.6989985298954,Lower-middle-income countries,2.93933033943176,0.26684507727623,0.205883845686913,0.446265860623463,-0.005896364245144392
Albania,2012,2.422689933197475,33552.59765625,11530.086438455068,5.76,3.519983745731764,4.5610986336149475,4.8480612684005635,76.9683583166821,Upper-middle-income countries,2.98676872253418,0.245835155248642,0.19441194832325,0.408784541638368,-0.0005153304034610784
Albania,2013,-3.321552193588495,32429.322265625,11153.399163365802,1.3,3.7073188230259553,3.519983745731764,4.5610986336149475,75.7506185619748,Upper-middle-income countries,2.98455333709717,0.241026476025581,0.202180340886116,0.455271728803947,-0.0008357431767544998
Albania,2014,4.391838145425986,33840.73828125,11654.154088817595,1.31,3.668844747888928,3.7073188230259553,3.519983745731764,75.0212023084129,Upper-middle-income countries,2.98233938217163,0.241894632577896,0.204155221581459,0.410592956822461,-0.0013160518559902634
Albania,2015,4.0269196264898,35169.203125,12133.034867827306,4.66,3.6105110530147386,3.668844747888928,3.7073188230259553,71.2794476606014,Upper-middle-income countries,2.98012733459473,0.22424428164959,0.195925176143646,0.360632021746432,-0.0017637591624943827
Albania,2016,0.845528126244055,35458.46875,12236.058021296352,1.31,3.5708845424356848,3.6105110530147386,3.668844747888928,74.0144504546815,Upper-middle-income countries,2.9779167175293,0.225166156888008,0.201253682374954,0.363607099018618,-0.00026395243212884445
Albania,2017,4.310142373440762,37024.984375,12774.980272523826,1.27,2.635954347329196,3.5708845424356848,3.6105110530147386,76.7873817898989,Upper-middle-income countries,2.97570776939392,0.225537493824959,0.204488426446915,0.382415096930232,0.0001293971526494797
Albania,2018,3.4945123543391077,38288.63671875,13229.295352979772,4.41,3.2135749798286946,2.635954347329196,3.5708845424356848,75.6940783717425,Upper-middle-income countries,2.98273301124573,0.230268925428391,0.203478693962097,0.414027870544583,-0.001384900936465261
Albania,2019,6.543854187316711,40747.75,14123.954509689742,1.14,3.2914849540561977,3.2135749798286946,2.635954347329196,75.382128932689,Upper-middle-income countries,2.98979878425598,0.216408357024193,0.204313784837723,0.402066459503032,-0.0031910791831575303
Albania,2020,-4.360364483697943,38832.64453125,13521.33235116231,5.29,3.411935087174259,3.2914849540561977,3.2135749798286946,59.5207118897718,Upper-middle-income countries,2.99690508842468,0.216807931661606,0.20792081952095,0.409190262403533,-0.004535731813944732
Albania,2021,9.043645133582956,42177.8828125,14801.152713417683,1.41,3.414626596479784,3.411935087174259,3.2914849540561977,75.5903217283122,Upper-middle-income countries,3.00405287742615,0.243235483765602,0.209397867321968,0.432448443854916,-0.007801718441181604
Albania,2022,8.183845082473518,45421.00390625,16063.401965990335,2.54,3.402798316137248,3.414626596479784,3.411935087174259,84.6980571024438,Upper-middle-income countries,3.0112419128418,0.250126212835312,0.193002671003342,0.413511769596236,-0.007759791338284305
Albania,2023,4.369972813344525,47182.19140625,16780.932015574457,4.75,3.5105445680632545,3.402798316137248,3.414626596479784,82.4936825596994,Upper-middle-income countries,3.01847267150879,0.254111021757126,0.204843789339066,0.491881753934607,-0.005657846621531126
Algeria,1993,-8.973477982449651,255316.984375,9360.139864658375,13.01,15.3525442517826,,,44.9228133698634,Lower-middle-income countries,1.63172209262848,0.305319100618362,0.28455638885498,0.194054850001394,0.024060991535513665
Algeria,1997,-1.541026620277819,290170.5625,9809.919527848208,11.19,16.929563486688558,15.3525442517826,,52.2439115059386,Lower-middle-income countries,1.7806990146637,0.26356115937233,0.307225495576859,0.166824966301453,0.018640196587938362
Algeria,1998,-3.569890201370818,284489.21875,9465.893384780056,24.35,17.26104356147906,16.929563486688558,15.3525442517826,45.0944505585079,Lower-middle-income countries,1.81483399868011,0.302755266427994,0.308729946613312,0.162897367986598,0.015925362789616315
Algeria,2001,-5.1896571771372635,363552.0,11603.505653354525,13.24,15.159356432288005,17.26104356147906,16.929563486688558,54.5296491177208,Lower-middle-income countries,1.90001463890076,0.291612386703491,0.293610215187073,0.164164718626645,0.013732913412777936
Algeria,2002,0.40095365211616496,369901.15625,11650.123729029488,10.66,12.912204444482363,15.159356432288005,17.26104356147906,56.5896052814114,Lower-middle-income countries,1.91506826877594,0.302315592765808,0.308564752340317,0.173528687681785,0.013303947769689461
Algeria,2003,8.025650953389274,406176.78125,12623.6660478997,17.05,11.966640204991588,12.912204444482363,15.159356432288005,57.7691353044878,Lower-middle-income countries,1.93024098873138,0.285349756479263,0.302736520767212,0.197054913825007,0.013296152418962315
Algeria,2005,13.178498535374494,494314.5625,14929.802923044253,9.82,11.653574841426181,11.966640204991588,12.912204444482363,66.8404602203906,Lower-middle-income countries,1.96094822883606,0.273424029350281,0.268068462610245,0.269489766444322,0.014633088455300314
Algeria,2006,8.39889424130984,545975.3125,16237.905484930692,10.05,11.925678453987326,11.653574841426181,11.966640204991588,65.9152919677621,Lower-middle-income countries,1.97648453712463,0.259842783212662,0.266656190156937,0.281351936302192,0.015412736375419733
Algeria,2007,-2.45525951468597,541699.75,15844.077301583624,10.44,11.472594005182657,11.925678453987326,11.653574841426181,67.5454733939763,Lower-middle-income countries,1.99214398860931,0.272969841957092,0.267755508422852,0.343433707351832,0.01669071677934486
Algeria,2008,4.5005760841061,577036.875,16573.44174869254,7.13,11.363702198523233,11.472594005182657,11.925678453987326,71.0284922505261,Upper-middle-income countries,2.00792741775513,0.288020431995392,0.28596618771553,0.418752851590117,0.018188530616894294
Algeria,2009,-16.40292869193214,499214.4375,14066.164498641818,17.2,11.927118439116175,11.363702198523233,11.472594005182657,64.2847547238993,Upper-middle-income countries,2.02383589744568,0.327223002910614,0.340280622243881,0.397967816333499,0.019158852218723155
Algeria,2010,11.86641448782666,573163.1875,15838.38426111734,10.96,12.143696335630546,11.927118439116175,11.363702198523233,63.4912159928425,Upper-middle-income countries,2.03987050056458,0.298450201749802,0.323900878429413,0.396265499155798,0.019470588317965998
Algeria,2014,-2.466191663813788,590120.375,15052.159377198299,9.21,12.703863880157844,12.143696335630546,11.927118439116175,56.9235419669867,Upper-middle-income countries,2.18620228767395,0.31715327501297,0.315419763326645,0.523026707823344,0.020378652423233667
Algeria,2015,-10.26810875378068,543596.875,13583.290173155212,17.42,12.147858311358146,12.703863880157844,12.143696335630546,53.2046225904145,Upper-middle-income countries,2.22439670562744,0.332892954349518,0.333682954311371,0.451802936200073,0.02056247957284585
Algeria,2016,-4.925422919370703,528218.8125,12930.46486254184,15.55,12.831389656347291,12.147858311358146,12.703863880157844,49.7609327925216,Upper-middle-income countries,2.26325869560242,0.321857661008835,0.325757801532745,0.462308298750098,0.020556911118165377
Algeria,2017,-0.8580395810588115,534456.4375,12819.990988574791,9.68,13.034005718106986,12.831389656347291,12.147858311358146,49.8208161712587,Upper-middle-income countries,2.30279946327209,0.317580312490463,0.302729219198227,0.473534545013391,0.020320006078451858
Algeria,2018,-0.9822634341780656,539587.875,12694.68134775092,11.45,14.015055235899334,13.034005718106986,12.831389656347291,52.4361676779223,Upper-middle-income countries,2.34303092956543,0.316845029592514,0.27838921546936,0.470865653348745,0.019378062334014512
Algeria,2019,3.650267154796616,570043.375,13166.632466823883,14.6,14.26964928836859,14.015055235899334,13.034005718106986,46.5068426081672,Lower-middle-income countries,2.38396549224854,0.298534840345383,0.284289628267288,0.461673554039588,0.01840412914393319
Algeria,2020,-9.504770623306236,527307.5,11972.808012226304,20.11,14.445052117541191,14.26964928836859,14.015055235899334,40.3897565625388,Lower-middle-income countries,2.42561507225037,0.283923983573914,0.27296507358551,0.439429965996411,0.01711912164593965
Algeria,2021,13.491654189275692,613324.4375,13702.175576609501,11.48,14.445052117541191,14.445052117541191,14.26964928836859,46.8370592599607,Lower-middle-income countries,2.45266890525818,0.268830269575119,0.258990436792374,0.422022223984605,0.01619364602338269
Algeria,2022,11.994678319126884,702550.0625,15448.337689307536,12.09,13.958409363136191,14.445052117541191,14.445052117541191,51.2023757404409,Lower-middle-income countries,2.48042869567871,0.282074987888336,0.245664924383163,0.433251963327496,0.015875821069067264
Algeria,2023,-4.416232552186372,682350.9375,14780.948368258974,20.52,14.422625458347554,13.958409363136191,14.445052117541191,43.682914195572,Upper-middle-income countries,2.50891828536987,0.307155966758728,0.246170073747635,0.465209135406327,0.014989760119392237
Antigua and Barbuda,2014,-1.8568951916774878,2135.42895507813,24057.105335189884,17.83,11.429615642168443,16.750257809243482,13.66275479765766,141.546161057996,High-income countries,,0.502957820892334,0.471648156642914,0.63240399720583,0.007928605287937263
Antigua and Barbuda,2015,-3.4908210155935038,2077.13232421875,23231.803556898634,19.31,13.809469516261972,11.429615642168443,16.750257809243482,130.071549851721,High-income countries,,0.292783945798874,0.297310024499893,0.699913360789197,0.007228920094647595
Antigua and Barbuda,2016,-1.6980221054680555,2054.95068359375,22840.65270919706,19.27,13.434819797019582,13.809469516261972,11.429615642168443,132.025917905085,High-income countries,,0.340831339359283,0.317674905061722,0.762076287260034,0.006243818297798853
Antigua and Barbuda,2017,-3.5581195141611843,1994.11767578125,22042.24339856358,15.05,14.543084145576943,13.434819797019582,13.809469516261972,127.664323582144,High-income countries,,0.463652521371841,0.390281677246094,0.816559587340262,0.005531030466357834
Antigua and Barbuda,2018,12.925125397790538,2280.74633789063,25083.544177579897,21.85,16.99517678979783,14.543084145576943,13.434819797019582,130.655152659419,High-income countries,,0.448040187358856,0.306047648191452,0.763124177958951,0.005049791870345821
Antigua and Barbuda,2019,7.458028642644621,2469.18603515625,27025.809237295325,19.44,15.038411005458874,16.99517678979783,14.543084145576943,137.537783631991,High-income countries,,0.501744687557221,0.296545714139938,0.720402143866864,0.004805538898476236
Antigua and Barbuda,2020,-17.298711681212886,2087.9091796875,22732.717589089345,19.44,15.038411005458874,15.038411005458874,16.99517678979783,94.289529886499,High-income countries,,0.46114394068718,0.240506008267403,0.680014751712754,0.005261733661344081
Antigua and Barbuda,2021,10.824377326044754,2339.33935546875,25331.50716812039,19.44,15.038411005458874,15.038411005458874,15.038411005458874,101.074960584779,High-income countries,,0.444450587034225,0.208703190088272,0.667967946537537,0.005461616768560162
Argentina,1992,17.061220413704348,316084.5,9381.163925047085,12.23,12.551515835250049,,,14.730980586353,Upper-middle-income countries,2.57097387313843,0.140114352107048,0.0734222829341888,0.888781996102256,0.013843812003413891
Argentina,1993,12.569516881650777,363304.4375,10637.643778092384,3.65,12.475291075684506,12.551515835250049,,16.223151447784,Upper-middle-income countries,2.58705997467041,0.161771073937416,0.101160831749439,0.793773028067132,0.01353640185555438
Argentina,1995,9.150845027468613,470774.46875,13423.843748877247,5.22,11.350581663523354,12.475291075684506,12.551515835250049,19.7714230903755,Upper-middle-income countries,2.61953449249268,0.170009225606918,0.146543934941292,0.594702020033723,0.01310311507787798
Argentina,1996,24.565277603527136,609480.1875,17161.788026978702,10.13,13.403241383858726,11.350581663523354,12.475291075684506,21.5064684057215,Upper-middle-income countries,2.62702393531799,0.181786641478539,0.205687433481216,0.459843337087032,0.012574521792458437
Argentina,1997,2.3360855144151316,631510.0,17567.421597616387,18.79,13.928264606970854,13.403241383858726,11.350581663523354,23.3361788437439,Upper-middle-income countries,2.63453459739685,0.201025769114494,0.176116973161697,0.463479094942255,0.012146479593359683
Argentina,1998,-0.7534532093767865,634181.0625,17435.55668979563,7.47,15.668528478131963,13.928264606970854,13.403241383858726,23.3500279730689,Upper-middle-income countries,2.64206695556641,0.208235546946526,0.158302307128906,0.470487405734628,0.011755256320151286
Argentina,1999,-7.614453218132766,594499.8125,16157.221103310527,12.83,14.756444613394905,15.668528478131963,13.928264606970854,21.3827449624898,Upper-middle-income countries,2.64962077140808,0.188977956771851,0.153342589735985,0.470803353307295,0.011530431716729073
Argentina,2000,-2.300534356187889,587599.9375,15789.76165250138,19.55,14.492701035904867,14.756444613394905,15.668528478131963,22.6224447777343,Upper-middle-income countries,2.65719604492188,0.177233025431633,0.140311345458031,0.455373268672086,0.011331280757020057
Argentina,2001,-8.072314637445999,548015.0,14565.250469603512,13.55,13.508089936514216,14.492701035904867,14.756444613394905,21.8522554515453,Upper-middle-income countries,2.68300294876099,0.157247662544251,0.133405208587646,0.451762899559658,0.010979467275794352
Argentina,2002,-8.678746426638106,507861.78125,13354.46949801849,4.99,12.009973549352116,13.508089936514216,14.492701035904867,41.7527243585642,Upper-middle-income countries,2.70905995368958,0.115501716732979,0.135844051837921,0.229130326514935,0.010694131833534293
Argentina,2003,4.193686298021859,535112.8125,13926.42320551364,4.41,12.852422587308256,12.009973549352116,13.508089936514216,40.6447480311085,Upper-middle-income countries,2.73537039756775,0.143677651882172,0.12156255543232,0.274846593245079,0.01033139976964792
Argentina,2004,6.367765665459224,576108.5,14842.068908022162,9.66,12.202566579039775,12.852422587308256,12.009973549352116,40.692646108947,Upper-middle-income countries,2.76193618774414,0.172508031129837,0.107849329710007,0.3137787013384,0.010140765204623925
Argentina,2005,5.606397191216139,615622.875,15697.941894222906,17.85,11.732448491524467,12.202566579039775,12.852422587308256,40.5512709706238,Upper-middle-income countries,2.7887601852417,0.176452562212944,0.106333069503307,0.364375381088499,0.010274577219172354
Argentina,2006,8.133073180061956,674686.25,17028.022103312756,3.46,11.911356343689143,11.732448491524467,12.202566579039775,40.4334798719151,Upper-middle-income countries,2.7969753742218,0.17079821228981,0.113773480057716,0.398655204763431,0.010282476053455891
Argentina,2007,9.043225286414547,745899.625,18639.67920143866,8.48,11.807429116024256,11.911356343689143,11.732448491524467,40.945170618571,Upper-middle-income countries,2.80521464347839,0.184613347053528,0.125385567545891,0.443208225448123,0.009911019350667072
Argentina,2008,6.123597392533853,801076.0625,19816.77047343088,13.67,10.202017643356923,11.807429116024256,11.911356343689143,40.4026733790382,Upper-middle-income countries,2.81347823143005,0.18496161699295,0.139815390110016,0.502557407555311,0.010128887847742796
Argentina,2009,-5.098425045570565,769368.0,18831.750888897328,10.48,12.108208750519879,10.202017643356923,11.807429116024256,34.0571269054879,Upper-middle-income countries,2.82176613807678,0.147035777568817,0.181603506207466,0.498854407712464,0.010597747073248343
Argentina,2010,11.829333403836984,875177.1875,21196.53354741615,3.56,12.472049663555412,12.108208750519879,10.202017643356923,34.9710132635696,Upper-middle-income countries,2.83007836341858,0.167665779590607,0.201465204358101,0.53225927110213,0.01056363321562781
Argentina,2011,10.54007435433384,982867.6875,23552.65139588015,3.34,11.986603190892266,12.472049663555412,12.108208750519879,35.2061549999644,Upper-middle-income countries,2.8585422039032,0.172720894217491,0.230483829975128,0.591410677501526,0.010647400974978627
Argentina,2012,0.21033531260847838,995111.1875,23602.243074944687,9.04,11.89241045453185,11.986603190892266,12.472049663555412,30.5265423717108,Upper-middle-income countries,2.88729238510132,0.155670538544655,0.241588398814201,0.635613624581341,0.010276613644945698
Argentina,2013,-0.6226943062394241,998802.5625,23455.729889223152,11.47,11.039349612600938,11.89241045453185,11.986603190892266,29.3339290021037,Upper-middle-income countries,2.91633176803589,0.155906409025192,0.258284032344818,0.704614097292476,0.009929589896811475
Argentina,2014,-3.500064497402633,974450.6875,22648.965215309356,3.14,11.538760424756745,11.039349612600938,11.89241045453185,28.4067936452275,High-income countries,2.9456627368927,0.1522176861763,0.272890001535416,0.678157329929569,0.010317435786983964
Argentina,2015,2.8510323980247776,1013187.75,23303.98763374079,9.23,11.495999179077495,11.538760424756745,11.039349612600938,22.4862260889792,Upper-middle-income countries,2.97528910636902,0.148778095841408,0.292749643325806,0.747122148643824,0.010472588873572608
Argentina,2016,-0.9825324311005801,1013049.75,23076.139571032218,15.11,12.366517790309766,11.495999179077495,11.538760424756745,26.0938878488799,Upper-middle-income countries,3.00521349906921,0.149806752800941,0.29291832447052,0.662440339157459,0.009689111255809735
Argentina,2017,10.240998297406989,1132228.5,25564.614460681725,14.54,14.850764803501399,12.366517790309766,11.495999179077495,25.2896011376779,High-income countries,3.03543877601624,0.150692537426949,0.230307921767235,0.696649607786096,0.008812495950127008
Argentina,2018,2.8397663338653345,1174467.875,26300.996047867735,3.42,12.565550379093988,14.850764803501399,12.366517790309766,30.7625359549926,Upper-middle-income countries,3.06596803665161,0.131016343832016,0.222230672836304,0.573429672514429,0.008229694804731125
Argentina,2019,-3.9709742314338214,1136796.75,25277.055036786693,4.06,11.737553501162017,12.565550379093988,14.850764803501399,32.6306150458499,Upper-middle-income countries,3.09680438041687,0.111911572515965,0.227895751595497,0.513665909506538,0.007109008530777228
Argentina,2020,-7.549644450289783,1059253.75,23438.984120296605,8.64,11.353804334821156,11.737553501162017,12.565550379093988,30.203698807416,Upper-middle-income countries,3.12795066833496,0.11107425391674,0.243939727544785,0.483178625740132,0.00484665636741255
Argentina,2021,12.445314930613272,1202829.375,26545.328296317726,14.43,10.64584120501382,11.353804334821156,11.737553501162017,33.078689567466,Upper-middle-income countries,3.13874697685242,0.143787637352943,0.23995004594326,0.520002716262208,0.0026587939504629787
Argentina,2022,5.72657892899322,1276408.75,28109.836340386904,3.23,10.568925035420907,10.64584120501382,11.353804334821156,31.5477080051071,Upper-middle-income countries,3.14963102340698,0.149333089590073,0.230385571718216,0.580818965909823,0.0021080873107264253
Argentina,2023,-2.3638990001021654,1250172.125,27453.140592266293,8.52,11.308283440418323,10.568925035420907,10.64584120501382,26.6405121334437,Upper-middle-income countries,3.16060328483582,0.149598717689514,0.236853435635567,0.674886077296352,0.002869761219201017
Armenia,2001,10.06642484305722,12372.52734375,4011.3901973317547,2.6,2.429195055172169,,,69.8642663925336,Low-income countries,3.09845232963562,0.129029616713524,0.128304526209831,0.258184176732735,-0.013294608979028455
Armenia,2003,12.656542579293983,15665.787109375,5154.969420334469,0.7,2.3092922549013823,2.429195055172169,,80.0513676022426,Lower-middle-income countries,3.09805917739868,0.162668988108635,0.100935764610767,0.268289542139853,-0.00546780657619661
Armenia,2004,10.16715646592008,17248.59375,5706.653358879168,1.19,2.4141894014849172,2.3092922549013823,2.429195055172169,73.0706339919371,Lower-middle-income countries,3.09786248207092,0.175771459937096,0.0973387211561203,0.304031100373484,-0.005420115755182975
Armenia,2005,12.613645975298837,19462.630859375,6473.838503679377,3.73,2.273357232886868,2.4141894014849172,2.3092922549013823,70.1397385835334,Lower-middle-income countries,3.09766578674316,0.196618437767029,0.10078988969326,0.409144051791917,-0.005370817363326452
Armenia,2006,13.69392727125831,22200.34765625,7423.929376212431,0.79,2.463639530730606,2.273357232886868,2.4141894014849172,61.0301379818566,Lower-middle-income countries,3.10037350654602,0.21715047955513,0.112693317234516,0.499577507135801,-0.005327584570350652
Armenia,2007,14.877644826445469,25627.5546875,8614.828225683646,2.84,2.3753552839814533,2.463639530730606,2.273357232886868,56.9750470853147,Lower-middle-income countries,3.10308337211609,0.219335630536079,0.117058828473091,0.661404411418183,-0.005216269600214263
Armenia,2008,6.497459935588168,27211.65625,9193.158169453276,0.97,2.9567729105793346,2.3753552839814533,2.463639530730606,54.5423279613666,Lower-middle-income countries,3.10579562187195,0.223718076944351,0.120600737631321,0.822145409947913,-0.004997306858726569
Armenia,2009,-9.60000607462348,24599.935546875,8351.652883644874,4.1,2.647527248857646,2.9567729105793346,2.3753552839814533,57.2742357441995,Lower-middle-income countries,3.1085102558136,0.1582450568676,0.148173272609711,0.785759063882685,-0.00490153647306224
Armenia,2010,8.211016606770372,26574.17578125,9066.348893222903,0.9,2.740107501227823,2.647527248857646,2.9567729105793346,64.642975973633,Lower-middle-income countries,3.11122751235962,0.138469308614731,0.166499257087708,0.832538679922242,-0.0049140800263720585
Armenia,2011,9.928239650745319,29269.76953125,10012.677418976891,4.42,3.036836164576928,2.740107501227823,2.647527248857646,69.4355736620453,Lower-middle-income countries,3.12573480606079,0.115534126758575,0.185546115040779,0.826776399226137,-0.0026670786547913217
Armenia,2012,11.365362408671764,32784.4609375,11217.843229389078,4.23,3.1094439239202516,3.036836164576928,2.740107501227823,75.9616759606704,Lower-middle-income countries,3.14553189277649,0.109078176319599,0.174471959471703,0.693983333632929,-0.00025419964114448135
Armenia,2013,-2.456963753548713,31988.6640625,10945.583247904717,3.82,2.9605916893814865,3.1094439239202516,3.036836164576928,77.5550481598824,Lower-middle-income countries,3.16545414924622,0.115807667374611,0.209930002689362,0.638408758334312,-3.421701043837544e-06
Armenia,2014,2.756596082527807,32881.6484375,11251.505921287206,0.65,3.223760999962605,2.9605916893814865,3.1094439239202516,75.778866962639,Lower-middle-income countries,3.18550252914429,0.107388362288475,0.223200678825378,0.670945978304295,-3.284892574040299e-05
Armenia,2015,2.88146994311127,33828.48828125,11580.43086100226,5.34,4.102515395760652,3.223760999962605,2.9605916893814865,71.6820743427575,Lower-middle-income countries,3.20567798614502,0.107344321906567,0.242055177688599,0.592173054816518,-0.0004261072735611826
Armenia,2016,6.919739366698252,36222.63671875,12410.142383769593,1.94,3.775433017862993,4.102515395760652,3.223760999962605,76.0779674593548,Lower-middle-income countries,3.23128962516785,0.0919246226549149,0.238370329141617,0.554820352478206,-0.0008164425955705656
Armenia,2017,12.43076523808817,40963.39453125,14052.800852446497,4.47,3.6352440484138153,3.775433017862993,4.102515395760652,87.202376539837,Upper-middle-income countries,3.12573480606079,0.0920471027493477,0.229172468185425,0.539324986470282,-0.0013130479061083111
Armenia,2018,1.88096676531746,41669.625,14319.630992125334,6.19,5.871390172016879,3.6352440484138153,3.775433017862993,92.473107021212,Upper-middle-income countries,3.13544416427612,0.143186584115028,0.178019121289253,0.4409971790882,-0.0017160731348280223
Armenia,2019,15.74358444012205,48674.08203125,16761.2091408767,11.63,5.910041430020984,5.871390172016879,3.6352440484138153,96.1141541288708,Upper-middle-income countries,3.14518332481384,0.122703671455383,0.199660539627075,0.373707273799049,-0.002061598576873047
Armenia,2020,-3.2363914988735587,46911.76171875,16227.434895094662,6.68,4.952302737407604,5.910041430020984,5.871390172016879,69.4888075396076,Upper-middle-income countries,3.15495300292969,0.143718704581261,0.229642227292061,0.351538734967048,-0.004514350022188918
Armenia,2021,2.8217470608067785,47911.4453125,16691.853608219768,5.56,5.449595383958322,4.952302737407604,5.910041430020984,79.6698888228399,Upper-middle-income countries,3.1577730178833,0.188564077019691,0.197774335741997,0.337158222353773,-0.007131479854632916
Armenia,2023,7.738920141434669,59457.52734375,20200.335919719182,6.39,6.2000748907075725,5.449595383958322,4.952302737407604,119.714642963872,Upper-middle-income countries,3.16343021392822,0.182447358965874,0.201762109994888,0.461382834572453,0.021469277211272342
Australia,1991,-1.2205092809846718,545160.0625,31415.547703526376,8.39,10.250137057135998,,,32.1891884083095,High-income countries,3.42362284660339,0.236697301268578,0.15282067656517,0.568527596709652,0.013161347146330549
Australia,1993,2.9796412834846464,590189.375,33300.92753949958,0.59,8.832630327524845,10.250137057135998,,35.3995349245547,High-income countries,3.4488537311554,0.252167463302612,0.152672007679939,0.510701443666718,0.009844830048880482
Australia,1996,4.049430171488666,688638.375,37619.602610324975,8.05,4.824208906112598,8.832630327524845,10.250137057135998,38.2330533547335,High-income countries,3.48704934120178,0.257373720407486,0.151071339845657,0.613108167812808,0.0115363501940422
Australia,1997,3.8708117535213304,723622.3125,39104.336864720026,3.53,4.788752176415239,4.824208906112598,8.832630327524845,37.9808322779409,High-income countries,3.49987483024597,0.26467165350914,0.153770536184311,0.587111185395032,0.010845192549814975
Australia,1998,3.2936178954265927,755806.125,40413.7291244435,3.47,4.591487089968721,4.788752176415239,4.824208906112598,39.9927024641912,High-income countries,3.5127477645874,0.269263446331024,0.156955927610397,0.50650280356239,0.01057912747200973
Australia,1999,3.8055639943239683,793866.3125,41981.33845295773,7.0,4.304186529638471,4.591487089968721,4.788752176415239,39.0297954188357,High-income countries,3.52566766738892,0.269761383533478,0.155854925513268,0.527921490654081,0.0110745400831469
Australia,2000,0.5467127779969161,807610.0,42211.48433989525,0.08,4.069269870826249,4.304186529638471,4.591487089968721,40.9352109785505,High-income countries,3.53863549232483,0.243143066763878,0.154584765434265,0.48422030670346,0.011697066044856541
Australia,2001,2.4407908776055365,837641.25,43254.45498688307,2.73,3.8284808990660584,4.069269870826249,4.304186529638471,44.2187044989977,High-income countries,3.52751183509827,0.255648493766785,0.155258372426033,0.443783075445523,0.012102728689109554
Australia,2002,1.8795943257039482,863668.25,44075.15199392917,2.69,3.96945764321095,3.8284808990660584,4.069269870826249,41.4490922022193,High-income countries,3.51642346382141,0.276048243045807,0.154509782791138,0.470201501804829,0.011802875709593152
Australia,2003,3.5797970227337217,905383.0625,45681.53403721414,0.13,4.021191819705887,3.96945764321095,3.8284808990660584,40.2015669125448,High-income countries,3.50536966323853,0.294637352228165,0.156717166304588,0.567009266552988,0.011371432236974677
Australia,2004,2.304131915114027,937108.3125,46746.31673369108,6.29,3.977035063751783,4.021191819705887,3.96945764321095,37.0096135930442,High-income countries,3.49435067176819,0.303858071565628,0.155556321144104,0.654969605313957,0.011399423765049654
Australia,2005,1.7877775503812643,965805.6875,47589.55201633547,2.5,3.21454542058817,3.977035063751783,4.021191819705887,39.1607469727979,High-income countries,3.4833664894104,0.298533231019974,0.15598951280117,0.704907905791527,0.012286016276853218
Australia,2006,2.0654183064166887,1000344.875,48582.69632213482,2.53,3.0380153711544122,3.21454542058817,3.977035063751783,41.5594471705758,High-income countries,3.472416639328,0.296116709709168,0.157228276133537,0.748563248918243,0.014483249139761956
Australia,2007,1.4578048615415895,1032978.0625,49296.12479371424,4.64,3.1428040966108926,3.0380153711544122,3.21454542058817,42.0080200326348,High-income countries,3.46150135993958,0.304748594760895,0.157116904854774,0.889683793956956,0.017523089063042008
Australia,2008,-0.4639632473065092,1048610.75,49067.9386515739,0.09,2.945251501683712,3.1428040966108926,3.0380153711544122,42.8467764017331,High-income countries,3.45062017440796,0.281218826770782,0.15525609254837,0.943351894701621,0.01965987211832365
Australia,2009,0.16373889600345137,1070599.0,49148.34776514597,2.88,3.0974518216389613,2.945251501683712,3.1428040966108926,45.7408630288694,High-income countries,3.43977355957031,0.270573168992996,0.160450011491776,0.91131682759592,0.019114723093001107
Australia,2010,5.051005538225084,1144600.125,51694.59782478948,2.02,2.57881213263608,3.0974518216389613,2.945251501683712,40.5215889941287,High-income countries,3.4289608001709,0.250282675027847,0.157565802335739,1.1455012180514,0.016326979898026117
Australia,2011,2.9927347076800004,1197386.625,53265.06270636606,0.07,2.445639128359107,2.57881213263608,3.0974518216389613,41.851132029052,High-income countries,3.44216704368591,0.254100680351257,0.158023685216904,1.32577295608431,0.01515868213353766
Australia,2012,-0.45031631234788705,1211778.375,53025.74069766281,3.48,2.603310533445141,2.445639128359107,2.57881213263608,43.1642964994556,High-income countries,3.45542430877686,0.269747316837311,0.154935598373413,1.30448544221397,0.016450805727327378
Australia,2013,3.4027787210799687,1274768.25,54861.13950302695,2.32,2.662111903877907,2.603310533445141,2.445639128359107,41.2728790174276,High-income countries,3.4687328338623,0.286832213401794,0.148459777235985,1.10895508730954,0.016647598156999344
Australia,2014,-0.9401612555667072,1282368.375,54347.77334131053,2.49,2.7190332863961446,2.662111903877907,2.603310533445141,42.4840230270994,High-income countries,3.48209238052368,0.287059158086777,0.155186668038368,1.02925065502149,0.01534587638922602
Australia,2015,-3.3435248551601404,1258723.375,52560.68439446431,3.42,2.7628085196213763,2.7190332863961446,2.662111903877907,41.6639319280984,High-income countries,3.49550342559814,0.265001803636551,0.174878910183907,0.952554737752251,0.014824600225226359
Australia,2016,4.360131193479688,1335790.25,54903.094180620006,0.2,2.7500644673744685,2.7628085196213763,2.7190332863961446,40.974079475775,High-income countries,3.50896620750427,0.247277960181236,0.173993825912476,0.952241269462115,0.015823739460623987
Australia,2017,-0.5857690000718563,1349880.125,54582.428970429784,2.41,2.881627431784046,2.7500644673744685,2.7628085196213763,42.2037316765804,High-income countries,3.52248072624207,0.24055027961731,0.176443368196487,1.03847339358459,0.016350417926230154
Australia,2018,2.2751165978696974,1402646.125,55838.47697102824,2.14,2.8458455828595683,2.881627431784046,2.7500644673744685,43.7360650798433,High-income countries,3.53604745864868,0.227952808141708,0.183422729372978,1.01870640365999,0.015593583745614481
Australia,2019,0.27013120020313863,1426764.875,55989.518031713575,0.18,2.8027430646809615,2.8458455828595683,2.881627431784046,46.1875018936291,High-income countries,3.54966616630554,0.224974319338799,0.193046435713768,0.913864279177687,0.014347702235458115
Australia,2020,4.577151028026449,1508889.875,58611.7978894406,3.85,2.78195481700096,2.8027430646809615,2.8458455828595683,44.6644560654359,High-income countries,3.56333756446838,0.2352115213871,0.207815632224083,0.909228851244817,0.010193131875243733
Australia,2021,6.083460870163471,1616776.25,62288.11357129915,2.17,2.9355915281044105,2.78195481700096,2.8027430646809615,40.3024802691697,High-income countries,3.5980269908905,0.241232246160507,0.212105855345726,1.05181308025085,0.008225390458878046
Australia,2022,2.4004019642411834,1671658.625,63801.368108922936,2.48,3.0598192517800094,2.9355915281044105,2.78195481700096,45.8217702307271,High-income countries,3.62050604820251,0.242007777094841,0.207506760954857,1.03545175044909,0.009378105034272277
Australia,2023,-1.4378411193874285,1663526.25,62890.569413987854,3.93,3.1110848020513795,3.0598192517800094,2.9355915281044105,49.2251840594381,High-income countries,3.60863065719605,0.242655128240585,0.215551972389221,1.05395439039905,0.009501685361807954
Austria,1990,5.9498406387042735,230948.796875,30072.930246975637,7.18,10.249136021298032,,,71.769481946408,High-income countries,2.96514987945557,0.322724640369415,0.145614638924599,0.622510149285423,0.007740807282077267
Austria,2000,3.4845927078601235,353887.71875,44164.59485845873,1.14,3.4689320722730437,10.249136021298032,,85.8426077336549,High-income countries,3.11702919006348,0.272283583879471,0.157522305846214,0.543349143889595,0.0023784872915677546
Austria,2001,-1.749330048764186,349022.6875,43398.728624251504,1.79,3.469852805455372,3.4689320722730437,10.249136021298032,87.9962567186047,High-income countries,3.13323092460632,0.260560780763626,0.161994874477386,0.564822940221932,0.0036505435908540385
Austria,2002,1.581034283513283,356322.0,44090.33022521678,1.75,3.459755214259175,3.469852805455372,3.4689320722730437,87.5844937054619,High-income countries,3.14951682090759,0.240683048963547,0.164556637406349,0.60041302998601,0.004887546337490889
Austria,2003,0.09739894884805977,358477.1875,44133.29466345882,5.61,3.269825263115947,3.459755214259175,3.469852805455372,86.8822263228608,High-income countries,3.16588711738586,0.257262676954269,0.160218715667725,0.704995609030262,0.005056218907153021
Austria,2004,2.3322114042981568,369234.78125,45174.67276222608,2.89,3.277323590464965,3.269825263115947,3.459755214259175,91.4742201880009,High-income countries,3.18234300613403,0.261766165494919,0.158686637878418,0.762026632712434,0.006245566396712476
Austria,2005,-0.3014118891004003,370632.78125,45038.71592562294,1.78,3.1420611300990053,3.277323590464965,3.269825263115947,94.6747547827805,High-income countries,3.19888401031494,0.268738955259323,0.14093841612339,0.749015023523192,0.006793178102753039
Austria,2006,4.689407999900297,390348.03125,47201.069620205715,5.31,3.0204636380529064,3.1420611300990053,3.277323590464965,98.7857253161241,High-income countries,3.21551084518433,0.264866530895233,0.149876549839973,0.771724732035807,0.0049328845313412195
Austria,2007,4.172696889553684,408312.0625,49212.2965758992,2.16,2.9415727674960097,3.0204636380529064,3.1420611300990053,101.36495843546,High-income countries,3.23222470283508,0.278441697359085,0.146431595087051,0.851202370672642,0.0032660432186966126
Austria,2008,2.540863277962835,420147.28125,50478.73484682011,0.66,2.760602168805327,2.9415727674960097,3.0204636380529064,102.7437043613,High-income countries,3.24902486801147,0.286757051944733,0.159582540392876,0.905404086561612,0.0031649455532583026
Austria,2009,-0.9709856955399943,417177.90625,49990.96546989563,1.57,2.850134342240963,2.760602168805327,2.9415727674960097,87.6004931021953,High-income countries,3.26591277122498,0.275193631649017,0.16836941242218,0.828698789073474,0.0026173020149271586
Austria,2010,1.6559686162455733,425161.59375,50825.69250284396,1.52,2.7035441995368905,2.850134342240963,2.760602168805327,99.6448825546716,High-income countries,3.28288817405701,0.274864792823792,0.164145261049271,0.794854241436302,0.0023968665750975227
Austria,2011,5.033274065962701,448614.9375,53449.36329940536,4.84,2.5644734462815193,2.7035441995368905,2.850134342240963,105.775098372378,High-income countries,3.29365229606628,0.299399971961975,0.164634451270103,0.825545694940637,0.0033628616633332165
Austria,2012,1.8473683474043767,459066.5,54445.94686110028,1.47,2.3883980636683817,2.5644734462815193,2.7035441995368905,105.840791389706,High-income countries,3.30445194244385,0.310627490282059,0.163407057523727,0.739596430257486,0.004556476696592426
Austria,2013,-0.3705859074869977,460070.0625,54244.55125718543,1.49,2.5221040137931867,2.3883980636683817,2.5644734462815193,104.985374015367,High-income countries,3.31528687477112,0.30954247713089,0.175902485847473,0.780315916836248,0.005889567001942986
Austria,2014,0.39399286841899084,465502.9375,54458.69249423566,5.33,2.732651217472349,2.5221040137931867,2.3883980636683817,104.49673998926,High-income countries,3.32615733146668,0.297021448612213,0.174940019845963,0.797164878569403,0.007799690764133338
Austria,2015,3.6777523286653846,488378.125,56498.83405199815,1.44,2.8716482664664245,2.732651217472349,2.5221040137931867,103.11758174626,High-income countries,3.33706331253052,0.299698024988174,0.177113264799118,0.657173431448036,0.011194021723430314
Austria,2016,3.071142209088329,509078.90625,58260.91307251216,0.88,3.1236625696555977,2.8716482664664245,2.732651217472349,101.573494597172,High-income countries,3.3480052947998,0.30949330329895,0.182612478733063,0.656123639688143,0.01080165242091713
Austria,2017,1.7771841299552449,521816.5625,59305.57203511669,1.5,3.072525288235732,3.1236625696555977,2.8716482664664245,105.556066755438,High-income countries,3.35898303985596,0.316516697406769,0.183944523334503,0.664294419228942,0.0069412453498785
Austria,2018,3.0428285241459463,540559.6875,61137.87443520158,1.46,3.05777098721193,3.072525288235732,3.1236625696555977,108.377969971828,High-income countries,3.36999678611755,0.332791090011597,0.177665963768959,0.682707897103309,0.004860662610673305
Austria,2019,5.072823043128238,571211.75,64319.30251024786,5.78,3.1900269155012855,3.05777098721193,3.072525288235732,108.207284904426,High-income countries,3.38104629516602,0.320891439914703,0.179344117641449,0.640659862565074,0.0044266899712464
Austria,2020,-4.79201839702359,546969.5,61309.793692809595,1.76,3.288444045833127,3.1900269155012855,3.05777098721193,99.9482141095975,High-income countries,3.39213252067566,0.317033857107163,0.189026534557343,0.666308982397105,0.0045532446118228265
Austria,2021,4.013092908594729,572279.8125,63820.24921889088,1.29,2.8499807699468023,3.288444045833127,3.1900269155012855,111.032268737901,High-income countries,3.41118836402893,0.330556839704514,0.199962094426155,0.728472196899605,0.005104083191632025
Austria,2022,1.1172669031191518,585009.6875,64537.28991115734,4.45,2.729240282584722,2.8499807699468023,3.288444045833127,124.38345148483,High-income countries,3.43048191070557,0.334871470928192,0.188801571726799,0.708622825834535,0.010827683431354096
Austria,2023,-2.4441923479830763,575025.25,62978.99583907832,1.66,2.851966608736608,2.729240282584722,2.8499807699468023,116.813919411879,High-income countries,3.45001626014709,0.288912773132324,0.19282054901123,0.785085675003422,0.007227469432706801
Bahrain,1999,15.116541235934022,14566.173828125,22251.546450465463,6.44,10.734343388760571,,,124.735737154328,Upper-middle-income countries,2.32051396369934,0.199609741568565,0.183351621031761,0.383946907110937,0.023549920168014715
Bahrain,2000,26.995258792838683,19516.513671875,29147.35285480771,5.6,10.375713125243976,10.734343388760571,,135.809135327865,Upper-middle-income countries,2.34190058708191,0.197304502129555,0.141219034790993,0.355942188207773,0.0226063946783312
Bahrain,2001,3.5118929008852717,21131.0859375,30189.163229545855,10.22,8.512263173676011,10.375713125243976,10.734343388760571,127.026266277537,High-income countries,2.33037757873535,0.223927363753319,0.159385979175568,0.299140750522322,0.04436533230161405
Bahrain,2002,-5.99852105641574,21386.091796875,28431.503710962686,4.99,5.811107465228217,8.512263173676011,10.375713125243976,131.133634216392,High-income countries,2.31891107559204,0.258961409330368,0.188176453113556,0.417989350957095,0.0719807818023444
Bahrain,2003,12.23555567982988,26067.9453125,32132.030668354542,8.07,5.776223724974671,5.811107465228217,8.512263173676011,128.091582155216,High-income countries,2.30750107765198,0.283185631036758,0.188467442989349,0.366574808280789,0.07561005908405832
Bahrain,2004,8.224833510901242,30401.615234375,34886.56185308374,5.16,5.7883364852583785,5.776223724974671,5.811107465228217,140.737310039923,High-income countries,2.29614734649658,0.331091642379761,0.187982991337776,0.286618486723411,0.07154099401206737
Bahrain,2005,20.523977197157173,39947.53125,42834.39836200574,4.97,5.538656923719228,5.7883364852583785,5.776223724974671,148.313525108923,High-income countries,2.28484916687012,0.380508214235306,0.171103805303574,0.297510212374461,0.06783136262587823
Bahrain,2006,7.871496349154761,46092.9453125,46342.359893446526,7.37,5.408768573296158,5.538656923719228,5.7883364852583785,147.104181068989,High-income countries,2.28080487251282,0.39324626326561,0.150080904364586,0.328487489351696,0.06437807039530313
Bahrain,2007,8.97467591572294,53603.85546875,50693.779080626635,4.96,5.294632751193559,5.408768573296158,5.538656923719228,137.785050572304,High-income countries,2.27676749229431,0.435156434774399,0.140182837843895,0.351932228386111,0.06121432852509877
Bahrain,2008,9.293377740390163,62346.21484375,55630.79861922846,4.81,5.29700185699065,5.294632751193559,5.408768573296158,145.882511145821,High-income countries,2.27273750305176,0.375195920467377,0.109339214861393,0.358015502860206,0.05814818880263049
Bahrain,2009,-13.200845384120719,57702.08984375,48751.13728291955,4.07,5.29700185699065,5.29700185699065,5.294632751193559,117.963725409489,High-income countries,2.268714427948,0.296288967132568,0.142085656523705,0.350391338282504,0.054598883744931756
Bahrain,2010,11.99460178473295,66684.484375,54963.786653797586,3.72,5.163239830598013,5.29700185699065,5.29700185699065,115.561486449616,High-income countries,2.26469850540161,0.311593651771545,0.13375361263752,0.359302971809768,0.02473289796122874
Bahrain,2011,12.673759423360131,75288.296875,62390.44496771435,10.72,5.9229014126505515,5.163239830598013,5.29700185699065,167.529641035854,High-income countries,2.30664491653442,0.255119293928146,0.147235751152039,0.384032190612196,-0.005385199289243026
Bahrain,2012,7.285669491197488,81620.8515625,67105.68958762744,5.02,5.9229014126505515,5.9229014126505515,5.163239830598013,178.824020821684,High-income countries,2.34936833381653,0.274634212255478,0.174941867589951,0.400061939917639,0.007903365528848544
Bahrain,2013,-4.81253153427641,80401.5078125,63952.68529624889,3.39,4.510591009671603,5.9229014126505515,5.9229014126505515,184.58950884485,High-income countries,2.39288306236267,0.257891058921814,0.176416233181953,0.42586345387298,0.03307348205763441
Bahrain,2014,-5.493178255199815,79472.4609375,60534.39616581661,4.67,4.429649565455206,4.510591009671603,5.9229014126505515,168.57585814186,High-income countries,2.43720364570618,0.277308881282806,0.186466172337532,0.424884268337975,0.04330941100303065
Bahrain,2015,-13.858632631396262,72181.2734375,52700.524540941115,4.38,4.279410822638022,4.429649565455206,4.510591009671603,147.916060172904,High-income countries,2.48234534263611,0.25973504781723,0.194443210959435,0.424046871739602,0.04235640955169245
Bahrain,2016,-4.427510960946002,72077.921875,50418.10310757384,4.63,4.188215325980351,4.279410822638022,4.429649565455206,132.822997902774,High-income countries,2.52832293510437,0.302964568138123,0.187539666891098,0.42573894723022,0.042842250096295664
Bahrain,2017,6.3230375304538455,79596.4765625,53709.004795900124,3.91,4.317912130322346,4.188215325980351,4.279410822638022,136.429239810394,High-income countries,2.5783224105835,0.348499715328217,0.182806059718132,0.414184857527276,0.035991670204423065
Bahrain,2018,-1.8862569849503075,78932.9921875,52705.40988704791,3.23,4.0531253193350825,4.317912130322346,4.188215325980351,144.075372574535,High-income countries,2.71675133705139,0.32632452249527,0.189422205090523,0.49938056199936,0.010492034652558768
Bahrain,2019,8.39324741038272,85158.6875,57320.05593435958,4.39,4.35966086904904,4.0531253193350825,4.317912130322346,135.417543398211,High-income countries,2.75606608390808,0.312578678131104,0.187141761183739,0.458803600156986,-0.008015338746151346
Bahrain,2020,-3.1804292691994362,82348.9140625,55525.71718292442,4.57,4.32647176596483,4.35966086904904,4.0531253193350825,135.460985012931,High-income countries,2.79594969749451,0.340895712375641,0.207748532295227,0.402328926467188,-0.0017468653673665124
Bahrain,2021,-3.6937984415159164,80362.5859375,53512.12703027906,3.31,4.374166975738423,4.32647176596483,4.35966086904904,153.799316485108,High-income countries,2.80802702903748,0.265707969665527,0.178784608840942,0.450025037370926,0.012521433573731922
Bahrain,2022,11.653026706605374,92200.40625,60125.77202911849,5.93,4.848478469931316,4.374166975738423,4.32647176596483,167.141241152535,High-income countries,2.82015657424927,0.25545945763588,0.167681485414505,0.409563598379546,0.020885550828613153
Bahrain,2023,-11.09915578233096,84462.6875,53809.337464148426,4.21,4.735054752859969,4.848478469931316,4.374166975738423,157.447854682297,High-income countries,2.81691694259644,0.294136166572571,0.190173551440239,0.414097383729547,0.023336889884167267
Bangladesh,1989,8.776335749722985,161138.234375,1472.4722695133705,107.13,88.81784492378239,,,18.3251740190693,Low-income countries,1.44586801528931,0.101992018520832,0.150519043207169,0.267724314930216,0.020474225238182875
Bangladesh,1994,2.861263829978178,195012.21875,1620.467569250435,77.7,77.1838695194831,88.81784492378239,,22.8658645545703,Low-income countries,1.53588140010834,0.125602245330811,0.157089531421661,0.236844761905521,0.01854179551107915
Bangladesh,1998,-1.2761749686580615,208672.75,1609.85184250504,11.29,22.146744340544515,77.1838695194831,88.81784492378239,27.8800634028394,Low-income countries,1.60527288913727,0.179860904812813,0.0996528565883637,0.233073084964591,0.01887961391531423
Bangladesh,1999,-2.6538690237024376,207104.546875,1567.6904122015562,19.7,18.50500713257914,22.146744340544515,77.1838695194831,28.3879405571158,Low-income countries,1.62248873710632,0.199903160333633,0.0865481570363045,0.232586569583756,0.018995178009328484
Bangladesh,2000,-0.7624611225556244,209321.71875,1555.7828352956508,8.95,18.11002426853547,18.50500713257914,22.146744340544515,29.3217143619038,Low-income countries,1.63988935947418,0.207403510808945,0.0729416832327843,0.228334924404284,0.018273280674050874
Bangladesh,2001,0.8287727744265894,214611.421875,1568.7303183614788,9.68,17.887226820049563,18.11002426853547,18.50500713257914,32.0980170730117,Low-income countries,1.66190958023071,0.210769265890121,0.0652289241552353,0.218367909750705,0.016668932474950715
Bangladesh,2002,2.5890262287296295,223665.890625,1609.8754890985451,28.99,18.311666937954417,17.887226820049563,18.11002426853547,28.9673807211649,Low-income countries,1.68422555923462,0.214707866311073,0.0660722106695175,0.211458975354816,0.015434063573698253
Bangladesh,2003,1.6045593081465803,230615.546875,1635.9152491221364,9.63,19.04980108602726,18.311666937954417,17.887226820049563,27.657884900158,Low-income countries,1.70684111118317,0.218852996826172,0.0676699802279472,0.223633795234278,0.014553053050676112
Bangladesh,2004,1.7511811724360449,237906.875,1664.8153973913577,17.14,15.762551479020596,19.04980108602726,18.311666937954417,26.8582341492431,Low-income countries,1.72466349601746,0.227814719080925,0.0677612945437431,0.233235123553343,0.01361547906910232
Bangladesh,2005,2.2200849098194197,246333.625,1702.1890410766935,17.33,22.982710924863735,15.762551479020596,19.04980108602726,34.396934864465,Low-income countries,1.74209010601044,0.234159022569656,0.067235454916954,0.22680649079016,0.012606651625389098
Bangladesh,2006,8.486406261953938,271283.0,1852.950357428382,3.66,21.95351995586622,22.982710924863735,15.762551479020596,38.1119244325921,Low-income countries,1.76760101318359,0.236671984195709,0.0667610764503479,0.266999743035859,0.011611677509582918
Bangladesh,2007,11.759680308014975,308436.4375,2084.180973570261,9.69,9.334371268450793,21.95351995586622,22.982710924863735,39.9423826531735,Low-income countries,1.79348564147949,0.233759537339211,0.0626865103840828,0.278262156267856,0.010756425318559693
Bangladesh,2008,9.568145449768384,342811.8125,2293.4504129754405,8.02,10.46518537879271,9.334371268450793,21.95351995586622,42.6209140325589,Low-income countries,1.81974923610687,0.241068154573441,0.0587754808366299,0.278115763822348,0.009984405660692808
Bangladesh,2009,11.076356621047712,386551.125,2562.08397574146,2.94,10.7130022040396,10.46518537879271,9.334371268450793,40.092796223023,Low-income countries,1.84639751911163,0.244503676891327,0.0588551573455334,0.282921396763228,0.009318924914579974
Bangladesh,2010,12.655225594636033,442562.5,2907.731536030402,15.66,10.194515663669224,10.7130022040396,10.46518537879271,37.8028426708321,Low-income countries,1.87343597412109,0.239676088094711,0.0568786486983299,0.2860211106078,0.008765305342499197
Bangladesh,2011,12.763299873977108,507400.15625,3303.5783683812465,7.18,9.66239366283269,10.194515663669224,10.7130022040396,47.4208498356898,Low-income countries,1.89753115177155,0.237004116177559,0.0535314679145813,0.28328240855,0.009085258955821907
Bangladesh,2012,11.01843426220288,571959.3125,3688.3919518437665,12.56,11.19607902386373,9.66239366283269,10.194515663669224,48.1109227490467,Low-income countries,1.92193627357483,0.250090003013611,0.0593747869133949,0.277436849444769,0.00958355912717579
Bangladesh,2013,6.182938814072614,614175.875,3923.6406726207115,16.33,10.979363686910146,11.19607902386373,9.66239366283269,46.2964027228174,Low-income countries,1.9466552734375,0.241816133260727,0.0584943927824497,0.329740837327274,0.009384083501208451
Bangladesh,2015,8.138958370196292,739007.125,4636.669500738218,3.72,10.883611996073629,10.979363686910146,11.19607902386373,42.0859963070382,Lower-middle-income countries,1.99705111980438,0.246191814541817,0.0560873486101627,0.357670653277075,0.00893819377767624
Bangladesh,2016,9.060325923905133,816343.4375,5076.385982975442,12.87,10.883611996073629,10.883611996073629,10.979363686910146,31.3341501346142,Lower-middle-income countries,2.02273631095886,0.255267232656479,0.0581359826028347,0.38213038739841,0.008924324160394903
Bangladesh,2018,9.157752472825642,950846.0,5814.7502252327,6.94,12.615164247995118,10.883611996073629,10.883611996073629,32.5146317240884,Lower-middle-income countries,2.07510161399841,0.273565173149109,0.0596224591135979,0.382868284682545,0.008209551978429097
Bangladesh,2019,7.809268650242096,1036815.125,6287.040919835,2.95,10.250741842401665,12.615164247995118,10.883611996073629,31.5780544912404,Lower-middle-income countries,2.10179042816162,0.275835454463959,0.0641736462712288,0.391111307923521,0.00846411251797985
Bangladesh,2020,6.726979395825694,1118274.125,6724.518416406439,17.72,12.265370570028345,10.250741842401665,12.615164247995118,26.271447376215,Lower-middle-income countries,2.12882280349731,0.2747543156147,0.0625348538160324,0.376562323430112,0.008363108362290816
Bangladesh,2021,7.146638120733506,1210947.0,7222.684463774279,7.04,11.967880505299847,12.265370570028345,10.250741842401665,27.7240047036631,Lower-middle-income countries,2.07164478302002,0.280166536569595,0.062957376241684,0.374210371257904,0.008149779936932333
Bangladesh,2022,6.048737406358562,1299698.625,7673.049061747223,12.72,12.060210753794907,11.967880505299847,12.265370570028345,33.7799672705735,Lower-middle-income countries,2.1118311882019,0.293911814689636,0.0618247240781784,0.355665631505093,0.0102423384746686
Bangladesh,2023,2.7677814138529655,1352598.25,7888.388604710445,13.46,10.847994149628244,12.060210753794907,11.967880505299847,30.9829714104596,Lower-middle-income countries,2.15412998199463,0.287269294261932,0.0653037130832672,0.335217281377868,0.012217147546410345
Belgium,2000,6.269706152030352,431358.4375,42076.7016393449,1.8,3.206036487407071,,,142.230135067034,High-income countries,2.9736270904541,0.258123934268951,0.178866103291512,0.532965229018453,0.0024450165730067752
Belgium,2001,0.7589980661551365,436140.96875,42397.278036442876,2.05,3.550646541590797,3.206036487407071,,139.576839834619,High-income countries,2.99241900444031,0.250816196203232,0.184897765517235,0.51703732393861,0.003436147238163212
Belgium,2002,2.155647423790086,447636.125,43321.13564992379,2.09,3.6590320428212033,3.550646541590797,3.206036487407071,136.085149488081,High-income countries,3.01132941246033,0.223545789718628,0.19631926715374,0.555706658044867,0.004458693252187285
Belgium,2003,-2.5259388017419226,438299.1875,42240.57487958089,2.45,3.7167740712749366,3.6590320428212033,3.550646541590797,132.715552833888,High-income countries,3.03035950660706,0.239095941185951,0.192877739667892,0.6497148124441,0.0041804602846640115
Belgium,2004,1.218990941886311,445600.21875,42758.634797873434,2.44,3.53096931190958,3.7167740712749366,3.6590320428212033,136.918405348432,High-income countries,3.04950976371765,0.273124992847443,0.172027975320816,0.705098136805581,0.004330516435312681
Belgium,2005,0.4691269178639601,450169.78125,42959.69831621415,2.09,3.3527952272706476,3.53096931190958,3.7167740712749366,144.529050669983,High-income countries,3.06878113746643,0.295070588588715,0.157670989632607,0.693903677178376,0.0055113545717051515
Belgium,2006,2.4834448475052895,464552.71875,44039.936774549264,2.3,3.3706637593072677,3.3527952272706476,3.53096931190958,149.567509299511,High-income countries,3.07356929779053,0.305403381586075,0.168372347950935,0.720583055571607,0.006615795758557752
Belgium,2007,4.4708577709357655,489341.96875,46053.577819871505,2.09,3.190393021686578,3.3706637593072677,3.3527952272706476,152.468446875303,High-income countries,3.07836484909058,0.321488440036774,0.169012203812599,0.784424377067307,0.0072779424425060135
Belgium,2008,1.534771115803757,500848.5625,46765.84669722088,2.22,3.167545687639047,3.190393021686578,3.3706637593072677,161.088447790447,High-income countries,3.08316802978516,0.345543682575226,0.183651655912399,0.8263175249438,0.007894506114918265
Belgium,2009,-0.521471265751039,503045.96875,46522.61099784656,2.82,3.347192447930103,3.167545687639047,3.190393021686578,135.13840572229,High-income countries,3.08797860145569,0.298883318901062,0.18864381313324,0.73940816416274,0.009592482813664649
Belgium,2010,3.9136186848223176,529107.6875,48379.425930812664,1.95,3.2691719586482924,3.347192447930103,3.167545687639047,150.162563621427,High-income countries,3.09279680252075,0.310853272676468,0.188589096069336,0.689778394561001,0.011374237256827513
Belgium,2011,3.551289787749745,553348.8125,50128.39114741674,1.59,2.9227270998941117,3.2691719586482924,3.347192447930103,160.765516888126,High-income countries,3.09899544715881,0.339670389890671,0.189414858818054,0.749366140513487,0.009283689617231694
Belgium,2012,0.09251576879858447,557317.375,50174.789273355214,0.43,2.7769849695784914,2.9227270998941117,3.2691719586482924,160.383301425059,High-income countries,3.10520648956299,0.3434739112854,0.188826262950897,0.674181945730162,0.00622114681660868
Belgium,2013,-0.06819659437518055,559582.75,50140.58344076795,0.38,2.7614719445122944,2.7769849695784914,2.9227270998941117,157.573622782434,High-income countries,3.11142992973328,0.32721820473671,0.19313108921051,0.714401844103306,0.004738511476864993
Belgium,2014,1.308486220066385,569485.0,50800.9772242382,0.33,2.410749316882565,2.7614719445122944,2.7769849695784914,158.571610953523,High-income countries,3.11766600608826,0.33233854174614,0.201128929853439,0.739873973092707,0.004456164719429889
Belgium,2015,2.7267481926335435,588631.6875,52205.25044266977,0.39,2.596778567431132,2.410749316882565,2.7614719445122944,155.068682045926,High-income countries,3.12391448020935,0.332539618015289,0.195138901472092,0.611150194260682,0.005800744149440096
Belgium,2016,3.3597544442811156,611841.375,53989.015945977924,0.4,2.884898376633934,2.596778567431132,2.410749316882565,159.057696611945,High-income countries,3.13017559051514,0.344666689634323,0.192630752921104,0.602740583994226,0.0050748435748353415
Belgium,2017,1.7649860283864172,625147.375,54950.373490946,0.42,2.802408105302638,2.884898376633934,2.596778567431132,166.904078237791,High-income countries,3.13644909858704,0.354199588298798,0.195726528763771,0.614937951132446,0.0038645039160702943
Belgium,2018,2.177532305189267,641831.125,56160.05846732826,0.46,2.6209434751443164,2.802408105302638,2.884898376633934,168.277692877218,High-income countries,3.14273524284363,0.386700123548508,0.196847900748253,0.63504060725163,0.004562478924328595
Belgium,2019,5.642586150195683,682773.0625,59420.047076667244,0.55,2.5931883488795466,2.6209434751443164,2.802408105302638,165.46547893199,High-income countries,3.14903402328491,0.361458986997604,0.198861554265022,0.604694206608408,0.0054114532007840666
Belgium,2020,-3.463493966659925,662370.625,57397.26893346829,0.68,2.6289523716027188,2.5931883488795466,2.6209434751443164,156.950121282783,High-income countries,3.15534543991089,0.345586866140366,0.206165209412575,0.616727055185911,0.00429765681898342
Belgium,2021,5.274966821288096,700108.1875,60506.2333828025,0.56,2.1274750164629634,2.6289523716027188,2.5931883488795466,177.381892440073,High-income countries,3.16043567657471,0.342701226472855,0.205203950405121,0.664213725917417,0.002659952688481848
Belgium,2022,0.438692116269479,707499.625,60772.25253439755,0.48,1.533559918619014,2.1274750164629634,2.6289523716027188,191.939444094087,High-income countries,3.16554522514343,0.357945144176483,0.204509779810905,0.671055323896277,0.006115301646562266
Belgium,2023,1.6310982136175767,723524.5625,61771.63596559791,0.52,1.8099042398426983,1.533559918619014,2.1274750164629634,168.961009401668,High-income countries,3.17067384719849,0.348648101091385,0.206197649240494,0.69058547013193,0.006086413427966342
Belize,1996,-3.542987717886703,2239.26586914063,10647.453136515762,11.91,15.069053077801367,,,79.5087265675501,Lower-middle-income countries,2.80099892616272,0.0960372164845467,0.300820559263229,0.727363149617787,0.029747208558154714
Belize,1999,1.0875110229159546,2222.30883789063,9535.39162997623,12.45,11.928977962840904,15.069053077801367,,93.2766808297926,Lower-middle-income countries,2.91471219062805,0.137877449393272,0.259005010128021,0.702027956586528,0.03442264474565038
Belize,2001,3.7827461817444785,2588.45141601563,10421.37787822493,13.14,10.720357071097775,11.928977962840904,15.069053077801367,93.1105047748977,Lower-middle-income countries,2.98325705528259,0.164084911346436,0.232489883899689,0.633091093947783,0.03099324482060184
Belize,2002,2.417845683953068,2733.26000976563,10676.421570201166,7.03,12.319576881213916,10.720357071097775,11.928977962840904,92.9980315751416,Upper-middle-income countries,3.0131778717041,0.147230938076973,0.209734469652176,0.641075918805301,0.030256794688871436
Belize,2003,2.2438292401579574,2880.13208007813,10918.6901208512,15.09,11.932546616689246,12.319576881213916,10.720357071097775,94.3158377263351,Upper-middle-income countries,3.04339909553528,0.118720054626465,0.191148921847343,0.659080445949364,0.029902822286142827
Belize,2004,0.30794302670091867,2975.62622070313,10952.365289240342,7.71,12.080302509338573,11.932546616689246,12.319576881213916,86.3404361637577,Upper-middle-income countries,3.07392311096191,0.112090416252613,0.174716114997864,0.682465444049156,0.02953892669924496
Belize,2005,-1.2182387820422136,3026.619140625,10819.748760863115,8.4,10.951377698598531,12.080302509338573,11.932546616689246,92.9523034679142,Upper-middle-income countries,3.10475325584412,0.122255884110928,0.167339369654655,0.687917548720146,0.02917407800479821
Belize,2006,2.9328130040347844,3207.470703125,11141.770830438587,7.3,10.09104245884389,10.951377698598531,12.080302509338573,98.8593155893536,Upper-middle-income countries,3.13652086257935,0.11201599240303,0.143370360136032,0.704854989497116,0.028708352174519502
Belize,2007,1.3236203417795522,3343.03588867188,11290.225898925633,9.68,9.727476639574624,10.09104245884389,10.951377698598531,95.8936207603538,Upper-middle-income countries,3.16861343383789,0.110061898827553,0.144398972392082,0.708450025290256,0.028160455831244047
Belize,2008,-3.1161645684500527,3330.87475585938,10943.82905779446,6.91,9.302223128374788,9.727476639574624,10.09104245884389,105.44022082926,Lower-middle-income countries,3.20103430747986,0.159641399979591,0.14490695297718,0.703201249303596,0.02751726177824132
Belize,2009,-2.9123585558028964,3322.99365234375,10629.701972220533,14.48,12.152844575081232,9.302223128374788,9.727476639574624,89.546935149541,Lower-middle-income countries,3.23378705978394,0.127584755420685,0.154463887214661,0.68527541964198,0.02675470576732719
Belize,2010,2.3427813710346967,3484.80126953125,10881.672686634452,7.51,12.152844575081229,12.152844575081232,9.302223128374788,95.0335109125279,Lower-middle-income countries,3.26687455177307,0.110309541225433,0.145371779799461,0.733003845747321,0.024117125199350387
Belize,2011,2.7839685594976515,3662.09521484375,11188.871349179495,10.45,8.947172309995867,12.152844575081229,12.152844575081232,107.194658055335,Lower-middle-income countries,3.19089961051941,0.0829048529267311,0.133733868598938,0.725009898470878,0.02178474303410627
Belize,2012,-0.05765407675131229,3739.55859375,11182.42236793316,5.77,8.926696830043928,8.947172309995867,12.152844575081229,111.631926259558,Upper-middle-income countries,3.11669135093689,0.0946502909064293,0.157118737697601,0.732215991973636,0.02150867547632629
Belize,2013,-2.56259377988588,3723.564453125,10899.502829474835,14.58,12.000054890771054,8.926696830043928,8.947172309995867,108.793506333784,Upper-middle-income countries,3.04420876502991,0.11670083552599,0.175651773810387,0.733971457175873,0.021339752240682852
Belize,2014,-2.1793093274478537,3721.10278320313,10664.53854633581,6.48,12.000054890771054,12.000054890771054,8.926696830043928,107.120308663627,Upper-middle-income countries,2.97341203689575,0.148643240332603,0.179898157715797,0.721342213473271,0.02113176888389323
Belize,2015,0.7049969079185203,3827.01245117188,10739.988862024791,14.49,12.159218981691554,12.000054890771054,12.000054890771054,104.078794373133,Upper-middle-income countries,2.90426158905029,0.162504151463509,0.199987888336182,0.660886807797252,0.021014419415329888
Belize,2016,-2.582995074201655,3817.04907226563,10466.127616198379,7.31,12.199793359599306,12.159218981691554,12.000054890771054,96.4646013748772,Upper-middle-income countries,2.90106010437012,0.18609407544136,0.215460792183876,0.639316818641514,0.023223120716398427
Belize,2017,-4.53587791452712,3732.76733398438,10002.002491906207,14.61,12.035664596373621,12.199793359599306,12.159218981691554,97.6922737501655,Upper-middle-income countries,2.89786219596863,0.162379369139671,0.230634197592735,0.628894613402611,0.023031020396433566
Belize,2018,3.865379140220959,3952.90063476563,10396.187096005086,7.29,12.419998342754148,12.035664596373621,12.199793359599306,100.664995094298,Upper-middle-income countries,2.89466762542725,0.181145206093788,0.243805572390556,0.594757525661261,0.018645984761036627
Belize,2019,9.154262459733431,4395.67333984375,11392.801836678296,15.67,12.796178495381307,12.419998342754148,12.035664596373621,102.122848888331,Upper-middle-income countries,2.89147663116455,0.184405297040939,0.229450792074204,0.552546891369811,0.014628453351026582
Belize,2020,-11.892265580692474,3953.21997070313,10115.400680386298,6.87,12.762622283070757,12.796178495381307,12.419998342754148,81.821964412463,Lower-middle-income countries,2.88828921318054,0.197080254554749,0.191964358091354,0.513375704371936,0.012832359813105265
Belize,2021,14.30108708623301,4613.91162109375,11670.566089182008,12.34,13.119175189206842,12.762622283070757,12.796178495381307,99.3162710954122,Upper-middle-income countries,2.86932563781738,0.229123413562775,0.189660951495171,0.530457974512633,0.011534704907647964
Belize,2022,6.13269271046839,4997.38818359375,12408.688097557811,7.08,12.421584891216279,13.119175189206842,12.762622283070757,108.52917413145,Upper-middle-income countries,2.89482998847961,0.228517904877663,0.183237463235855,0.557914378390124,0.01851248051020038
Belize,2023,0.6192456664965817,5132.9736328125,12485.766767725354,8.73,12.421584891216279,12.421584891216279,13.119175189206842,106.531755710256,Upper-middle-income countries,2.9209086894989,0.214114427566528,0.187035977840424,0.5945174913302,0.02057727742772897
Benin,2001,3.9145269795505477,17886.92578125,2402.3497623628787,16.83,12.622403502928593,,,48.2571706392197,Low-income countries,1.42352223396301,0.135207533836365,0.0781386345624924,0.259241893598046,0.030543550664929198
Benin,2002,5.58185352521976,19497.56640625,2540.258534998579,11.31,12.695740493486815,12.622403502928593,,43.7684225364311,Low-income countries,1.4369044303894,0.115602076053619,0.0776262432336807,0.265511646920048,0.03040108015973786
Benin,2003,3.6907283735385654,20856.986328125,2635.7641633556887,13.28,12.694549406155094,12.695740493486815,12.622403502928593,41.6162305574334,Low-income countries,1.45041263103485,0.120208106935024,0.0900135189294815,0.313143372984851,0.030492025971465164
Benin,2004,5.621070304378417,22748.904296875,2788.165487108618,8.74,12.695059547324705,12.694549406155094,12.695740493486815,39.9029743365096,Low-income countries,1.46404767036438,0.12411142885685,0.0936310142278671,0.325876437157316,0.030617310609649007
Benin,2005,-0.4631567556582006,23384.923828125,2775.2817692321655,11.39,12.678966245236797,12.695059547324705,12.694549406155094,39.0959311879142,Low-income countries,1.47781085968018,0.0961871221661568,0.102396920323372,0.338252658591232,0.03220611997041267
Benin,2006,-0.5553440759576311,23992.583984375,2759.9121230462697,13.15,12.60275717579947,12.678966245236797,12.695059547324705,39.7746987128551,Low-income countries,1.49318385124207,0.101465880870819,0.107302293181419,0.355589624703036,0.031206688829741314
Benin,2007,0.8816820014734716,24931.013671875,2784.3533601551444,7.76,11.75268561738523,12.60275717579947,12.678966245236797,49.1137841529705,Low-income countries,1.50871670246124,0.123846463859081,0.10346894711256,0.405929598732872,0.029550955472771534
Benin,2008,0.9064157052391941,25929.275390625,2809.7059024354644,7.76,11.75268561738523,11.75268561738523,12.60275717579947,47.7753592695169,Low-income countries,1.52441108226776,0.111230298876762,0.114004485309124,0.443128697887878,0.0301959398464251
Benin,2009,-0.9463163875093272,26467.03125,2783.2426057816547,15.94,11.75268561738523,11.75268561738523,11.75268561738523,44.7026290629806,Low-income countries,1.54026877880096,0.121026709675789,0.123113229870796,0.434537344739426,0.02999036422142476
Benin,2010,-1.892308347887539,26757.6171875,2731.0702612527866,10.69,11.75268561738523,11.75268561738523,11.75268561738523,51.4308599492924,Low-income countries,1.55629146099091,0.124689623713493,0.120094008743763,0.41835280530825,0.029842416279850514
Benin,2011,-0.5639334529598194,27411.375,2715.7121877843074,12.3,11.72829431589147,11.75268561738523,11.75268561738523,47.2170288118403,Low-income countries,1.59960615634918,0.12753638625145,0.120105795562267,0.473202590262939,0.0297782202797765
Benin,2012,3.0848578413239736,29121.69140625,2800.793621702466,7.76,11.728294315891466,11.72829431589147,11.75268561738523,50.7367367791134,Low-income countries,1.64412641525269,0.114404797554016,0.113710008561611,0.479943875634917,0.029676654004099134
Benin,2013,1.7985341793970377,30537.552734375,2851.622570148627,10.67,11.72829431589147,11.728294315891466,11.72829431589147,59.2001918331875,Low-income countries,1.68988573551178,0.136423051357269,0.11758379638195,0.533432598372194,0.029488516013581823
Benin,2014,3.4072765529155724,32543.580078125,2950.4594992100638,11.18,10.994451511081541,11.72829431589147,11.728294315891466,65.2682749404551,Low-income countries,1.73004007339478,0.139214500784874,0.109927549958229,0.527811860368085,0.029550187594558075
Benin,2015,0.17489029242439003,33577.90234375,2955.624081316076,8.23,13.776999614478848,10.994451511081541,11.72829431589147,56.7563131849476,Low-income countries,1.76620972156525,0.148544102907181,0.125104054808617,0.446504357872174,0.029539162766672344
Benin,2016,2.537944059221431,35463.1328125,3031.5961535896963,8.71,12.680630389756008,13.776999614478848,10.994451511081541,58.9869283378276,Low-income countries,1.80313551425934,0.141049236059189,0.114844173192978,0.447774999761495,0.029246021667954203
Benin,2017,-1.6769126752103958,35892.78515625,2981.1828086767364,31.72,17.937060384676272,12.680630389756008,13.776999614478848,61.4765969588474,Low-income countries,1.84083318710327,0.173120349645615,0.121400393545628,0.462550434148884,0.02881178694118569
Benin,2018,1.3625290745554963,37423.46875,3022.080278457835,17.57,15.526019433441368,17.937060384676272,12.680630389756008,61.7951944903448,Low-income countries,1.87931907176971,0.194742903113365,0.125583186745644,0.49470805431809,0.028136418840483124
Benin,2019,5.048900436550063,40453.00390625,3178.5796069972275,12.82,12.147437701008991,15.526019433441368,17.937060384676272,63.68133231423,Lower-middle-income countries,1.91860961914063,0.188246726989746,0.123712696135044,0.466037098369568,0.027353884283143337
Benin,2020,0.7001713564324774,41836.4765625,3200.9132064397945,8.42,12.147437701008991,12.147437701008991,15.526019433441368,44.8332333768726,Lower-middle-income countries,1.95872163772583,0.189329132437706,0.138523772358894,0.494159145145104,0.026625987515328742
Benin,2021,0.8389021159247889,43296.8828125,3227.878683895386,10.49,12.242634801386137,12.147437701008991,12.147437701008991,48.0548608324409,Lower-middle-income countries,1.98621380329132,0.222288951277733,0.128120109438896,0.517029275785265,0.025923016751034922
Benin,2022,2.372334532218723,45480.24609375,3305.37031057667,12.58,11.688033689592379,12.242634801386137,12.147437701008991,44.3815928877424,Lower-middle-income countries,2.01414346694946,0.243378892540932,0.126556098461151,0.562618303661182,0.025474092634266476
Benin,2023,2.460229002604386,47803.9296875,3387.6985689000535,7.77,12.335466046455966,11.688033689592379,12.242634801386137,44.6631308180211,Lower-middle-income countries,2.04318475723267,0.262474030256271,0.12662211060524,0.620806680643078,0.02522747722777252
Botswana,1997,5.449190788970348,18369.64453125,11687.821926351937,4.74,12.452636671192035,,,108.604415150755,Upper-middle-income countries,2.33044576644897,0.171682730317116,0.189854606986046,0.450484408787061,0.023026466225437636
Botswana,1998,-4.522384398447166,17950.712890625,11171.027482514457,4.26,10.353716364000432,12.452636671192035,,101.841039320292,Upper-middle-income countries,2.37315845489502,0.288467019796371,0.20485483109951,0.387712807353241,0.02215412494900626
Botswana,1999,12.922248617494247,20873.05859375,12711.995572312251,4.09,9.59817696591668,10.353716364000432,12.452636671192035,98.9290812021418,Upper-middle-income countries,2.41665434837341,0.204889997839928,0.199776098132133,0.382005546403446,0.021606949239256767
Botswana,2000,3.8171353903010186,22152.529296875,13206.609643405618,4.12,9.011670059972753,9.59817696591668,10.353716364000432,91.924729689918,Upper-middle-income countries,2.46094727516174,0.26987361907959,0.197630777955055,0.328943936839944,0.021321060629176325
Botswana,2001,-3.822901893481223,21764.91015625,12711.262555818237,5.21,9.459305318121395,9.011670059972753,9.59817696591668,87.5250655680957,Upper-middle-income countries,2.494708776474,0.275820195674896,0.206082388758659,0.310191761830379,0.020576386583060935
Botswana,2002,3.0083019235808806,22855.462890625,13099.465595398917,3.87,8.541950042223668,9.459305318121395,9.011670059972753,91.8357740585774,Upper-middle-income countries,2.52893304824829,0.248546943068504,0.205464363098145,0.271487992245158,0.018808098610957336
Botswana,2003,1.9657633711808842,23722.9765625,13359.517722510553,1.26,7.871183741543434,8.541950042223668,9.459305318121395,85.8340425151264,Upper-middle-income countries,2.56243538856506,0.267666131258011,0.249793842434883,0.3394010254026,0.017596255060457144
Botswana,2004,5.780276193565648,25579.228515625,14154.489186609715,1.21,8.250460985683478,7.871183741543434,8.541950042223668,90.9978228872631,Upper-middle-income countries,2.58605027198792,0.285768181085587,0.30567142367363,0.372518415611569,0.017533820375114084
Botswana,2005,11.755615052669377,29291.1875,15920.187871254437,1.09,8.382218879327274,8.250460985683478,7.871183741543434,88.5053520573505,Upper-middle-income countries,2.60988306999207,0.256988018751144,0.295774966478348,0.324596841997581,0.017949916313253378
Botswana,2006,1.0804893370492508,30166.841796875,16093.136466626585,1.13,8.357149131458186,8.382218879327274,8.250460985683478,86.612433913524,Upper-middle-income countries,2.6307475566864,0.210738271474838,0.311032325029373,0.374761389099834,0.01865177120650574
Botswana,2007,3.044756468672638,31708.103515625,16590.669173794384,2.34,5.941966475353856,8.357149131458186,8.382218879327274,98.4965249407252,Upper-middle-income countries,2.65177893638611,0.23850704729557,0.315311014652252,0.356478016454879,0.019381347493905965
Botswana,2008,16.722071469467004,38239.734375,19610.421891106016,2.33,5.9683698041826965,5.941966475353856,8.357149131458186,99.008222007989,Upper-middle-income countries,2.67297863960266,0.493470877408981,0.267347484827042,0.211950496780112,0.020082147581122922
Botswana,2009,-23.41234865956565,30889.318359375,15517.022815587996,2.32,5.960487582677044,5.9683698041826965,5.941966475353856,88.4807886337378,Upper-middle-income countries,2.69434762001038,0.400610148906708,0.35568767786026,0.278077724174844,0.02065878467557758
Botswana,2010,7.009925616885937,33838.6640625,16643.78583486096,1.9,5.848964972540766,5.960487582677044,5.9683698041826965,94.6390020873926,Upper-middle-income countries,2.71588730812073,0.42358073592186,0.328918278217316,0.328370152023683,0.021094359752837133
Botswana,2011,6.11042588515982,36686.03125,17692.50639608205,0.34,5.860109707310996,5.848964972540766,5.960487582677044,98.9614677801469,Upper-middle-income countries,2.73850703239441,0.447394043207169,0.323267817497253,0.385363783881808,0.019687747963549995
Botswana,2012,-10.867860098164783,33464.82421875,15870.508593428773,0.3,5.971036946164388,5.860109707310996,5.848964972540766,111.875280620952,Upper-middle-income countries,2.76163005828857,0.410073608160019,0.345871418714523,0.385221928667576,0.01677740211570078
Botswana,2013,3.1098396688204133,35046.83984375,16371.810406099552,0.3,6.000216019252854,5.971036946164388,5.860109707310996,125.78303991122,Upper-middle-income countries,2.78527045249939,0.289838820695877,0.364120960235596,0.388790708870701,0.015092187501575594
Botswana,2014,9.538743183772525,39119.34375,18010.38273165737,0.3,5.947402335111333,6.000216019252854,5.971036946164388,119.497541791464,Upper-middle-income countries,2.80944228172302,0.286413490772247,0.350297182798386,0.387140730173625,0.014544189842222277
Botswana,2015,-6.81440189398792,37067.7890625,16823.965556015984,2.29,4.9178868525346795,5.947402335111333,6.000216019252854,112.900891016005,Upper-middle-income countries,2.83416080474854,0.288989841938019,0.380054444074631,0.386002848922294,0.014275322373777044
Botswana,2016,13.563939481474918,43059.58203125,19267.9633355871,3.08,5.876213226150606,4.9178868525346795,5.947402335111333,100.464689766026,Upper-middle-income countries,2.85944128036499,0.223243311047554,0.369850397109985,0.392402777148141,0.014197017261986966
Botswana,2017,-4.44251812996761,41777.76953125,18430.71570459782,3.98,6.382262055247389,5.876213226150606,4.9178868525346795,81.9239513763494,Upper-middle-income countries,2.88529968261719,0.230408161878586,0.368956387042999,0.443239761481517,0.014204764733244613
Botswana,2018,-3.10533338572192,41079.15625,17867.175719105526,3.69,6.351603362486177,6.382262055247389,5.876213226150606,87.4551039946493,Upper-middle-income countries,2.91175222396851,0.242766499519348,0.369186013936996,0.469247954322909,0.014189810851460649
Botswana,2019,-0.47499799250037,41470.28515625,17782.508236735142,0.49,7.292679829350139,6.351603362486177,6.382262055247389,83.0929813601175,Upper-middle-income countries,2.93881607055664,0.281921088695526,0.379393756389618,0.454708398796534,0.014226284707738901
Botswana,2020,-8.349895102947258,38701.265625,16357.987984668798,0.38,6.455139554535372,7.292679829350139,6.351603362486177,77.6634178431966,Upper-middle-income countries,2.96650910377502,0.30294343829155,0.428679436445236,0.435540805914302,0.014394103578492912
Botswana,2021,9.993367040321566,43411.265625,18077.173507489875,0.3,6.187267608188924,6.455139554535372,7.292679829350139,88.7587495945773,Upper-middle-income countries,2.99484920501709,0.265488028526306,0.373848378658295,0.470249906554142,0.014913010642506719
Botswana,2022,5.913959990220619,46793.45703125,19178.495208496934,0.39,7.845746504481807,6.187267608188924,6.455139554535372,85.6117077589148,Upper-middle-income countries,3.02385544776917,0.239966973662376,0.365351647138596,0.526481052683865,0.01588480218782673
Botswana,2023,-0.7679172171343396,47203.46875,19031.784272031302,2.84,9.37879499193539,7.845746504481807,6.187267608188924,68.8033578360816,Upper-middle-income countries,3.05354738235474,0.266701608896256,0.359526127576828,0.48621955062705,0.016403166403547775
Brazil,1989,-1.180623120260904,1075982.625,7344.442302508375,14.11,28.29076003502252,,,14.3908776472134,Upper-middle-income countries,1.69850778579712,0.182980567216873,0.131929069757462,0.476586179002951,0.018438997158571446
Brazil,1990,-5.284050832319309,1038996.3125,6966.4332820539885,32.46,18.791416070965614,28.29076003502252,,15.1555990810218,Upper-middle-income countries,1.71669137477875,0.146244257688522,0.130354315042496,0.531833641729504,0.017861357508626163
Brazil,1991,6.32006098521849,1125934.625,7420.926980851368,4.2,16.408889546499232,18.791416070965614,28.29076003502252,16.5920777626646,Upper-middle-income countries,1.74462711811066,0.162183538079262,0.134858280420303,0.348035354873742,0.01715769565199743
Brazil,1992,1.3442749212210003,1160358.125,7521.358164399319,24.23,15.593523185374595,16.408889546499232,18.791416070965614,19.2533747878959,Upper-middle-income countries,1.77301752567291,0.148664101958275,0.160787582397461,0.332330605144089,0.01667246817820356
Brazil,1993,5.425394288389818,1245057.75,7940.693956526316,11.23,12.959037379030558,15.593523185374595,16.408889546499232,19.5993205474635,Upper-middle-income countries,1.80186975002289,0.14767162501812,0.187321975827217,0.379523837786517,0.01619928557943595
Brazil,1994,9.595637315365302,1392041.375,8740.409522227375,7.75,13.204923521599932,12.959037379030558,15.593523185374595,18.6747597961023,Upper-middle-income countries,1.8311915397644,0.150594770908356,0.216946050524712,0.496164072832957,0.01563299735332002
Brazil,1995,14.871774152556583,1640300.0,10141.894207448746,15.97,12.687427772820573,13.204923521599932,12.959037379030558,16.9844599991956,Upper-middle-income countries,1.86099052429199,0.157685935497284,0.259323656558991,0.533899432472865,0.015390125520700515
Brazil,1996,18.22225438529177,1998192.0,12169.068094064727,9.22,14.835064521510713,12.687427772820573,13.204923521599932,15.6355914758682,Upper-middle-income countries,1.89644837379456,0.157218173146248,0.34599769115448,0.488675816837174,0.015141075916305091
Brazil,1997,-4.8780947924827345,1931557.875,11589.695473990212,5.05,14.002281576159758,14.835064521510713,12.687427772820573,16.5762092613247,Upper-middle-income countries,1.932581782341,0.176385760307312,0.303278982639313,0.478848435687068,0.01486504265333366
Brazil,1998,-5.185685066770063,1861434.125,11004.007574974068,17.72,15.927437990909482,14.002281576159758,14.835064521510713,16.4385849312059,Upper-middle-income countries,1.96940386295319,0.183637619018555,0.278618812561035,0.477554853496678,0.014877209810275183
Brazil,1999,-5.264994463703765,1791875.0,10439.634651851155,5.98,13.847738494640117,15.927437990909482,14.002281576159758,20.9821664782285,Upper-middle-income countries,2.0069272518158,0.173901468515396,0.25640606880188,0.343902150858996,0.014565276715929443
Brazil,2000,-1.166186780415579,1795624.375,10318.596151868687,15.29,12.689811690531288,13.847738494640117,15.927437990909482,22.6397613567941,Upper-middle-income countries,2.04516577720642,0.187040165066719,0.228187993168831,0.377553876754531,0.013752112831792118
Brazil,2001,-1.8311220680299556,1786172.625,10131.369466605398,13.6,10.464608290197914,12.689811690531288,13.847738494640117,26.936285022064,Upper-middle-income countries,2.08590292930603,0.19362099468708,0.212587520480156,0.308994858093811,0.013033550315998177
Brazil,2002,1.6065105902033139,1837772.875,10295.445409905838,9.5,10.000547348613564,10.464608290197914,12.689811690531288,27.6183574022309,Lower-middle-income countries,2.12745189666748,0.191076785326004,0.197771295905113,0.259178049954983,0.0124142062598116
Brazil,2003,-1.7370599570906364,1827567.75,10118.151657669938,11.5,9.515862481246822,10.000547348613564,10.464608290197914,28.1403847231593,Lower-middle-income countries,2.16982817649841,0.18524868786335,0.191865846514702,0.285356057470286,0.011802139548277246
Brazil,2004,3.8442583021794263,1920773.0,10514.692740653829,8.38,9.060773904438276,9.515862481246822,10.000547348613564,29.6782524787535,Lower-middle-income countries,2.21304869651794,0.192898586392403,0.178755596280098,0.333275904642261,0.011299141703202231
Brazil,2005,1.6964282729224678,1975163.25,10694.588548506435,1.32,8.534611950119531,9.060773904438276,9.515862481246822,27.0867952043315,Lower-middle-income countries,2.25713014602661,0.187973976135254,0.169776827096939,0.415652942939428,0.01095906125266044
Brazil,2006,7.458671439345643,2150759.75,11522.764319817961,10.33,8.455620326625953,8.534611950119531,9.060773904438276,26.04169989179,Upper-middle-income countries,2.29880857467651,0.193215325474739,0.173699244856834,0.477959700063394,0.01058338425299521
Brazil,2007,8.844231215854848,2373551.0,12588.288492021737,1.3,8.560265395658782,8.455620326625953,8.534611950119531,25.2926113755394,Upper-middle-income countries,2.34125638008118,0.208102002739906,0.175738632678986,0.564539230025723,0.01012368206356662
Brazil,2008,8.89957572000597,2619445.75,13759.956266018837,10.67,8.568760435524045,8.560265395658782,8.455620326625953,27.257569417356,Upper-middle-income countries,2.38448834419251,0.229554459452629,0.173989981412888,0.60997285040378,0.009579846358954036
Brazil,2009,6.59060504047595,2823070.5,14697.372033377915,15.37,9.874110993007326,8.568760435524045,8.560265395658782,22.1059756060333,Upper-middle-income countries,2.42851853370667,0.223746359348297,0.181512296199799,0.497876948233499,0.008956322394769956
Brazil,2010,12.106278017558125,3213294.5,16588.86164215742,8.26,10.042945544006514,9.874110993007326,8.568760435524045,22.772178113177,Upper-middle-income countries,2.47336173057556,0.250598877668381,0.182277292013168,0.600597678991148,0.008408832251457277
Brazil,2011,10.27378021667591,3590073.5,18383.789794854114,14.22,10.069547069199421,10.042945544006514,9.874110993007326,23.9344051758721,Upper-middle-income countries,2.5608959197998,0.264506131410599,0.181612938642502,0.601819972770828,0.008138138842375575
Brazil,2012,-0.9549852075780407,3584929.5,18209.062957364084,8.14,10.091269848692885,10.069547069199421,10.042945544006514,25.1142736107398,Upper-middle-income countries,2.62187433242798,0.253070920705795,0.158842027187347,0.58381529848721,0.00811598483382081
Brazil,2013,0.2087730854203329,3621657.0,18247.11829075077,1.21,10.346796252842111,10.091269848692885,10.069547069199421,25.7859573274674,Upper-middle-income countries,2.68430471420288,0.250863790512085,0.163675993680954,0.598784393931094,0.008105116475232599
Brazil,2014,-0.8855496377645267,3618788.5,18086.244361381243,11.58,10.1776674247396,10.346796252842111,10.091269848692885,24.6854058131291,Upper-middle-income countries,2.74822163581848,0.233839049935341,0.167700186371803,0.603824160814132,0.008063141777344462
Brazil,2015,-7.048868250497975,3399294.25,16855.26358249547,1.67,10.540049170799731,10.1776674247396,10.346796252842111,26.95362593736,Upper-middle-income countries,2.81366038322449,0.197258591651917,0.176150843501091,0.473693573363781,0.007917217735927906
Brazil,2016,-5.33381220513256,3247383.0,15979.791053468785,11.4,10.441773918005426,10.540049170799731,10.1776674247396,24.5336820777006,Upper-middle-income countries,2.8806574344635,0.172354117035866,0.186396017670631,0.487235896988575,0.007619726704967356
Brazil,2017,-0.07580645117766238,3268639.5,15967.68193129334,17.04,10.858169746757216,10.441773918005426,10.540049170799731,24.3197343743057,Upper-middle-income countries,2.94924998283386,0.17305326461792,0.190070912241936,0.537654429273024,0.0072824666001736205
Brazil,2018,3.887724231550571,3421522.0,16600.686377565322,7.81,10.99224817867598,10.858169746757216,10.441773918005426,28.8762033763866,Upper-middle-income countries,3.01947546005249,0.175849452614784,0.187796786427498,0.485921220364059,0.00683439571425648
Brazil,2019,2.746854673789123,3539813.25,17063.00363009488,16.95,11.290437326738648,10.99224817867598,10.858169746757216,28.8902578698964,Upper-middle-income countries,3.09137320518494,0.176896348595619,0.17994512617588,0.467021010999722,0.0065199434608134155
Brazil,2020,-2.6330654686493205,3467857.0,16619.586917990102,7.38,10.506821874622776,11.290437326738648,10.99224817867598,32.3020785437939,Upper-middle-income countries,3.16498303413391,0.170640721917152,0.175400197505951,0.404111619490539,0.005793507097079598
Brazil,2021,6.131512854918597,3702860.25,17670.508493774767,2.48,9.872783087332543,10.506821874622776,11.290437326738648,37.6563307598082,Upper-middle-income countries,3.22658061981201,0.197056740522385,0.172776341438293,0.45083836777371,0.004253609072165432
Brazil,2022,2.670991724233218,3816818.75,18148.84605398271,11.03,9.5119149779443,9.872783087332543,10.506821874622776,38.8160659763397,Upper-middle-income countries,3.29099345207214,0.194121688604355,0.169178649783134,0.475286084309305,0.0036018089087210825
Brazil,2023,3.5543097670522883,3970609.75,18805.513122956017,1.59,10.374290127802833,9.5119149779443,9.872783087332543,33.6662298301438,Upper-middle-income countries,3.35838437080383,0.179124787449837,0.169930025935173,0.489785723178693,0.0039592869557498744
Bulgaria,1997,-23.266707534458497,71604.1796875,8714.042942085907,21.83,13.866480221498266,,,86.4637364673225,Lower-middle-income countries,2.85403776168823,0.0637933909893036,0.284791499376297,0.2642156895878,-0.009000999680011557
Bulgaria,1998,16.6446479409057,83759.5859375,10292.15891603223,15.31,13.945127376696131,13.866480221498266,,77.0452030341,Lower-middle-income countries,2.86988592147827,0.10494776815176,0.351884931325913,0.341392870215673,-0.009649304085141974
Bulgaria,1999,-2.8790498151250787,80675.1640625,10000.067439115299,18.34,11.658532029157051,13.945127376696131,13.866480221498266,90.0749616578503,Lower-middle-income countries,2.88582158088684,0.12745463848114,0.339896559715271,0.269751668267937,-0.008729353400704465
Bulgaria,2000,5.4884362691854705,84519.5390625,10564.255706191598,13.41,10.331246514609528,11.658532029157051,13.945127376696131,77.7457041594489,Lower-middle-income countries,2.90184617042542,0.124847084283829,0.32671183347702,0.239922133765184,-0.008332395108254342
Bulgaria,2001,3.700093602914478,86915.375,10962.46467784632,4.6,11.146473431276743,10.331246514609528,11.658532029157051,79.0813687477668,Lower-middle-income countries,2.91945862770081,0.14071723818779,0.329235941171646,0.244750994905277,-0.009048731046863878
Bulgaria,2002,6.630286913246053,92094.3671875,11713.944909992351,4.77,9.584721463115951,11.146473431276743,10.331246514609528,75.2696110143524,Lower-middle-income countries,2.93717789649963,0.139786466956139,0.32294750213623,0.261528015947279,-0.008424031610773763
Bulgaria,2003,2.637151561711093,93863.3828125,12026.968706086522,4.81,9.599082557429725,9.584721463115951,11.146473431276743,79.0138853713575,Lower-middle-income countries,2.95500469207764,0.140645429491997,0.331614226102829,0.351558323931481,-0.007344946501214977
Bulgaria,2004,5.408514203078596,98381.8125,12695.361142690494,5.63,9.540049301281204,9.599082557429725,9.584721463115951,93.063897964183,Lower-middle-income countries,2.97293972969055,0.163848832249641,0.31061401963234,0.378799963413582,-0.007069538135231035
Bulgaria,2005,2.5886804075687664,100253.375,13028.294163130844,12.68,9.038765784685577,9.540049301281204,9.599082557429725,99.7142112127381,Lower-middle-income countries,2.99098372459412,0.210313349962235,0.270583361387253,0.379104036489435,-0.0070420272778153326
Bulgaria,2006,9.070260550439535,108990.65625,14265.243752400103,9.72,8.744922380430303,9.038765784685577,9.540049301281204,111.04746275381,Upper-middle-income countries,3.00913739204407,0.244985371828079,0.276127904653549,0.396277688125477,-0.007141180882107356
Bulgaria,2007,12.247480880476225,122330.0078125,16123.871581141042,4.31,1.8656259258841708,8.744922380430303,9.038765784685577,123.532557660753,Upper-middle-income countries,3.02740073204041,0.254112124443054,0.268207579851151,0.468500884320213,-0.007014589959497997
Bulgaria,2008,8.640625100571953,132468.453125,17579.03733707982,1.95,1.7237380202626473,1.8656259258841708,8.744922380430303,124.688747515359,Upper-middle-income countries,3.04577541351318,0.295338958501816,0.287214338779449,0.510032795990699,-0.0067840984728793075
Bulgaria,2009,3.7514561352590903,136663.9375,18251.03321830056,0.59,1.9480228749880235,1.7237380202626473,1.8656259258841708,92.6926456036375,Upper-middle-income countries,3.06426119804382,0.244512319564819,0.277057439088821,0.451998117075343,-0.006334187489737797
Bulgaria,2010,3.2999402484669815,140298.0625,18863.353953338974,1.71,1.4581337380664643,1.9480228749880235,1.7237380202626473,103.380522321192,Upper-middle-income countries,3.0828595161438,0.201910004019737,0.271306723356247,0.416523518881444,-0.00675512648377774
Bulgaria,2011,0.34498188486491443,139693.109375,18928.541485293073,0.19,1.4187016127778245,1.4581337380664643,1.9480228749880235,117.41810388629,Upper-middle-income countries,3.09415435791016,0.197638869285584,0.255449116230011,0.473637959013521,-0.007771055567009633
Bulgaria,2012,1.6395405894682469,140789.890625,19241.440651200064,1.59,1.3258330191255119,1.4187016127778245,1.4581337380664643,123.971322714174,Upper-middle-income countries,3.10549068450928,0.200116291642189,0.244628831744194,0.442290743347405,-0.008574704887989393
Bulgaria,2013,-2.7199168561194753,136030.671875,18725.142729813066,2.65,1.5125621569412486,1.3258330191255119,1.4187016127778245,129.688682986482,Upper-middle-income countries,3.11686825752258,0.190324500203133,0.256881892681122,0.485579113463417,-0.00718908424571385
Bulgaria,2014,3.2887280985054446,139782.40625,19351.199994628605,2.75,1.7310987697787017,1.5125621569412486,1.3258330191255119,130.248377115245,Upper-middle-income countries,3.12828779220581,0.199532002210617,0.253068536520004,0.468015093239794,-0.005680697333773965
Bulgaria,2015,6.04432825146386,147547.65625,20556.921878415615,3.07,1.9956908961211606,1.7310987697787017,1.5125621569412486,126.73664221295,Upper-middle-income countries,3.1397488117218,0.189034312963486,0.244206845760345,0.405291996639324,-0.006379038150051031
Bulgaria,2016,6.884130183636117,156959.890625,22021.93533114442,3.14,2.345048240311973,1.9956908961211606,1.7310987697787017,122.805514356513,Upper-middle-income countries,3.15125203132629,0.171202898025513,0.235912382602692,0.404570912626515,-0.007002219669977494
Bulgaria,2017,4.819662505828504,163513.078125,23109.311745968844,0.22,1.9978375456061215,2.345048240311973,1.9956908961211606,129.634429048004,Upper-middle-income countries,3.16279745101929,0.189629152417183,0.238574534654617,0.402727874804996,-0.007293948371001502
Bulgaria,2018,3.6109657552255925,168306.078125,23959.030274408535,2.04,2.013309539280109,1.9978375456061215,2.345048240311973,128.865565279241,Upper-middle-income countries,3.17438507080078,0.201553732156754,0.248442366719246,0.439163309337327,-0.0072184178534084875
Bulgaria,2019,9.396040046541287,183590.046875,26319.38395468462,0.26,2.023470557682222,2.013309539280109,1.9978375456061215,125.029963140694,Upper-middle-income countries,3.18601512908936,0.19504177570343,0.251493006944656,0.425476462331215,-0.007039350038321457
Bulgaria,2020,-1.072502652588625,180542.703125,26038.616175862302,1.59,2.082309343463109,2.023470557682222,2.013309539280109,110.324081132354,Upper-middle-income countries,3.19768786430359,0.199584439396858,0.274799227714539,0.427271028624947,-0.006012907068856377
Bulgaria,2021,9.252701633658234,196433.296875,28562.871925086063,3.25,2.0989209127106143,2.082309343463109,2.023470557682222,121.157354617771,Upper-middle-income countries,3.21906208992004,0.201723963022232,0.266213983297348,0.474059227280307,-0.00817143096410522
Bulgaria,2022,5.163710728650628,205298.234375,30076.5198918408,3.19,1.8563239846418886,2.0989209127106143,2.082309343463109,138.84014681798,Upper-middle-income countries,3.24076652526855,0.2167027592659,0.278260618448257,0.502434848468648,-0.007496301091972191
Bulgaria,2023,2.0003530023442906,208523.875,30684.214212801635,3.82,1.9292200901372132,1.8563239846418886,2.0989209127106143,119.668120344213,High-income countries,3.26280808448792,0.182555317878723,0.276486098766327,0.579792753147105,-0.004413710715599928
Burkina Faso,1993,1.4196079857893729,11883.00390625,1203.7428464796333,5.0,5.000000000000001,,,29.6250839534616,Low-income countries,1.04140055179596,0.14221864938736,0.110342986881733,0.416660367457744,0.0248654572072593
Burkina Faso,2001,3.203879715630187,17818.833984375,1449.274708019544,10.14,11.160286407395292,5.000000000000001,,31.6581708148511,Low-income countries,1.07874643802643,0.109181113541126,0.113324455916882,0.212334885473258,0.030509935112255526
Burkina Faso,2002,1.8582365121139865,18722.8046875,1476.4574373169344,11.83,11.452093295925096,11.160286407395292,5.000000000000001,31.3125228527966,Low-income countries,1.08812236785889,0.107592679560184,0.11706517636776,0.231922257860698,0.030903930829923265
Burkina Faso,2003,4.218065511064495,20147.982421875,1540.0675054244086,11.62,11.299179551566061,11.452093295925096,11.160286407395292,30.3682364077323,Low-income countries,1.09757959842682,0.121302261948586,0.115945912897587,0.294386190818236,0.031181217444952836
Burkina Faso,2004,1.7831384396241212,21165.802734375,1567.775341490221,11.62,11.38321968894918,11.299179551566061,11.452093295925096,35.4809436017462,Low-income countries,1.10711920261383,0.120151415467262,0.123008631169796,0.324978003185333,0.03145126086958783
Burkina Faso,2005,3.727767642082558,22672.041015625,1627.321336139869,11.45,11.024246081762334,11.38321968894918,11.299179551566061,34.1721697681049,Low-income countries,1.11674165725708,0.137254878878593,0.129646897315979,0.330624647906114,0.03146801491432871
Burkina Faso,2006,0.22158349439473923,23442.52734375,1630.931209586365,10.3,10.55704984913658,11.024246081762334,11.38321968894918,35.1065423554549,Low-income countries,1.1264476776123,0.125249072909355,0.141768097877502,0.340064423947704,0.031203453750957788
Burkina Faso,2007,-1.5568738559694317,23791.08203125,1605.7363033345623,8.36,10.41820175994587,10.55704984913658,11.024246081762334,33.7797172895073,Low-income countries,1.13623821735382,0.13853520154953,0.149914085865021,0.403642211369698,0.030327763719703693
Burkina Faso,2008,0.5260859098791926,24629.70703125,1614.2061154857295,8.36,10.41820175994587,10.41820175994587,10.55704984913658,35.3853169801502,Low-income countries,1.14611375331879,0.16496479511261,0.14186780154705,0.465306784040889,0.029381652281172954
Burkina Faso,2009,-0.4785611957088598,25238.21484375,1606.4996062874593,8.36,10.41820175994587,10.41820175994587,10.41820175994587,40.2959836735924,Low-income countries,1.15607511997223,0.169295847415924,0.150893449783325,0.435441775419935,0.029191602591816856
Burkina Faso,2010,6.859151041386635,27832.6171875,1720.5588742075079,8.33,10.632241621881597,10.41820175994587,10.41820175994587,49.0732385398039,Low-income countries,1.16612303256989,0.18488547205925,0.145153179764748,0.428855775658441,0.029257794749901755
Burkina Faso,2011,4.645690116062173,30031.03125,1802.376489535292,7.44,10.173309974700524,10.632241621881597,10.41820175994587,57.4972531038508,Low-income countries,1.17889547348022,0.195285081863403,0.149329110980034,0.466419404211443,0.029565707837067023
Burkina Faso,2012,2.786823965328633,31825.60546875,1853.3119944215932,7.32,9.64967651165675,10.173309974700524,10.632241621881597,61.2386079818398,Low-income countries,1.1918078660965,0.204080328345299,0.131578400731087,0.475416697766536,0.030171707485342925
Burkina Faso,2013,1.093544430407345,33155.7109375,1873.6900027289562,7.32,9.64967651165675,9.64967651165675,10.173309974700524,64.0358513024234,Low-income countries,1.20486176013947,0.184674218297005,0.134250864386559,0.513498179885507,0.03000836392749706
Burkina Faso,2014,0.14333386267990633,34205.3515625,1876.3775606146555,7.54,9.647104851499204,9.64967651165675,9.64967651165675,58.8235624937426,Low-income countries,1.21805846691132,0.15118633210659,0.142767712473869,0.5266881023376,0.02973379420080713
Burkina Faso,2015,0.8420524568717447,35531.59375,1892.2443535708478,8.58,9.269899880014291,9.647104851499204,9.64967651165675,59.0891813101662,Low-income countries,1.23139977455139,0.145298272371292,0.140346124768257,0.445428080881612,0.029619630654768248
Burkina Faso,2016,9.345727648058322,40170.3984375,2077.615599386931,8.22,9.579445965994077,9.269899880014291,9.647104851499204,57.8931727994406,Low-income countries,1.24488723278046,0.152130991220474,0.145447343587875,0.439625587665576,0.029250825137845382
Burkina Faso,2017,4.978508209351329,43442.77734375,2183.6678692534038,11.21,9.137495534758305,9.579445965994077,9.269899880014291,59.2687802020168,Low-income countries,1.25852251052856,0.167011693120003,0.160355880856514,0.432467891664071,0.02852915955292712
Burkina Faso,2018,-0.3114743684623278,44491.63671875,2176.876885126093,11.7,10.890897180432242,9.137495534758305,9.579445965994077,60.5956256236488,Low-income countries,1.27230703830719,0.165798008441925,0.16376519203186,0.470209494524948,0.02697136753848106
Burkina Faso,2019,5.971296432246387,48439.3828125,2310.8240498070027,11.85,12.349442031407065,10.890897180432242,9.137495534758305,60.4086928753226,Low-income countries,1.28624248504639,0.152969121932983,0.183336019515991,0.435522058554184,0.02529898039841605
Burkina Faso,2020,3.8711369826081032,51592.52734375,2402.0332405630884,9.7,9.967533459086415,12.349442031407065,10.890897180432242,60.7397786403239,Low-income countries,1.3003306388855,0.135125562548637,0.180790737271309,0.452784535718287,0.02435229592873922
Burkina Faso,2021,-0.21905913510691377,52717.6953125,2396.7771264222906,9.19,10.029357596111792,9.967533459086415,12.349442031407065,62.4203586607795,Low-income countries,1.31342136859894,0.125150516629219,0.187085807323456,0.477717017911543,0.023764921888836277
Burkina Faso,2022,-1.143409821323793,53335.80078125,2369.528221563711,9.35,10.542126639030943,10.029357596111792,9.967533459086415,64.8438739203037,Low-income countries,1.34470093250275,0.139558091759682,0.196891143918037,0.450537328261871,0.023090714738778217
Burkina Faso,2023,-0.5303338361974497,54271.640625,2356.9950747805415,8.67,10.997924944215312,10.542126639030943,10.029357596111792,64.8223211154384,Low-income countries,1.37952566146851,0.151131197810173,0.198817804455757,0.558538511185221,0.02269736662685995
Canada,1989,1.8473279537346343,1016160.0625,37132.14228944257,1.04,7.002181230321501,,,50.0666340073171,High-income countries,3.26949906349182,0.274137705564499,0.170010983943939,0.486080287086654,0.016138599077948346
Canada,1993,1.7966990382760173,1028337.625,35668.224222725294,9.94,6.9840847522141765,7.002181230321501,,58.2507961453047,High-income countries,3.35324788093567,0.2301404774189,0.174677431583405,0.458251576968113,0.011532448998207379
Canada,1995,3.34901246176571,1133353.375,38472.057271478916,4.07,6.996459849604083,6.9840847522141765,7.002181230321501,69.0617480799547,High-income countries,3.39567494392395,0.230989620089531,0.155776470899582,0.45922917939867,0.01063884984145469
Canada,1996,1.9141390262515046,1167337.625,39215.559061875,3.03,5.778278733205244,6.996459849604083,6.9840847522141765,70.2600734560392,High-income countries,3.41708946228027,0.225089505314827,0.146158739924431,0.469804627536692,0.01040340477568602
Canada,1997,3.4816556502546447,1220548.0,40604.9564575959,3.95,5.424641936177289,5.778278733205244,6.996459849604083,74.3366100816522,High-income countries,3.43863916397095,0.247120290994644,0.147692754864693,0.477340642571632,0.009757760059823095
Canada,1998,1.3365756890033609,1248118.125,41151.31555195457,3.24,4.051841904204931,5.424641936177289,5.778278733205244,78.0811853628611,High-income countries,3.46032452583313,0.241883561015129,0.153067663311958,0.457055082866033,0.008971221798594442
Canada,1999,4.817724191385686,1321358.125,43182.40575910892,2.75,3.7561082898623637,4.051841904204931,5.424641936177289,80.1150293129295,High-income countries,3.48214673995972,0.23669907450676,0.152382850646973,0.458264049603151,0.00884593141290324
Canada,2000,4.931691866851828,1401419.5,45365.41619147319,1.97,3.5530572552968587,3.7561082898623637,4.051841904204931,82.7653578503214,High-income countries,3.50410676002502,0.238426089286804,0.146985724568367,0.464820776892681,0.009508642608604845
Canada,2001,-0.9938253160459709,1402013.875,44916.79614290922,2.58,3.737399620828767,3.5530572552968587,3.7561082898623637,78.3442183943698,High-income countries,3.51891613006592,0.228089690208435,0.151765301823616,0.461275937778707,0.010362286785945862
Canada,2002,-0.1231776022402542,1414733.375,44861.50277193279,6.68,3.7948814389970313,3.737399620828767,3.5530572552968587,75.7070320779233,High-income countries,3.53378772735596,0.227262988686562,0.152051135897636,0.470318002514682,0.010263176661315487
Canada,2003,2.060341403736743,1457964.125,45795.39048943913,2.38,3.7524830129809157,3.7948814389970313,3.737399620828767,69.8400946170607,High-income countries,3.54872250556946,0.237979024648666,0.153245642781258,0.529648847575459,0.009496527843572355
Canada,2004,3.0868158406860857,1517660.25,47231.05400676533,2.64,3.678168198532868,3.7524830129809157,3.7948814389970313,70.1924199909562,High-income countries,3.56372046470642,0.247072383761406,0.149795532226563,0.586047870931137,0.009260653627585214
Canada,2005,3.115010057250167,1580662.375,48725.46071193887,1.85,3.519175829087859,3.678168198532868,3.7524830129809157,69.7591330167357,High-income countries,3.57878160476685,0.257928103208542,0.14800064265728,0.640404500698007,0.009524043605755761
Canada,2006,0.6544452985423277,1606686.25,49045.38793121474,2.0,3.500749947245238,3.519175829087859,3.678168198532868,68.0521644769988,High-income countries,3.59390640258789,0.264648407697678,0.154136687517166,0.721208517487185,0.009785391259069964
Canada,2007,0.6956421112240818,1634348.125,49387.75775696312,6.38,3.625577130028804,3.500749947245238,3.519175829087859,66.2834197482347,High-income countries,3.60909533500671,0.264822125434876,0.158299401402473,0.797714165728422,0.010113775312268647
Canada,2008,0.1161686681591334,1653895.5,49445.1641950744,2.06,3.5054730564835745,3.625577130028804,3.500749947245238,67.0236083618983,High-income countries,3.62434840202332,0.263819366693497,0.162838667631149,0.824825483401088,0.010727703213364137
Canada,2009,-7.199901338453962,1556361.375,46010.29832642403,1.94,3.666662143805891,3.5054730564835745,3.625577130028804,58.4743918224897,High-income countries,3.6396656036377,0.244592860341072,0.181368216872215,0.783872483503452,0.011216243883474863
Canada,2010,4.3292292550823674,1643022.0,48045.93539314778,2.34,3.111143706291326,3.666662143805891,3.5054730564835745,60.2081215044483,High-income countries,3.65504789352417,0.255987823009491,0.175120443105698,0.887142659171245,0.010894291619450769
Canada,2011,3.79972424802002,1724547.75,49906.67608688782,0.93,2.991025693669363,3.111143706291326,3.666662143805891,62.4987387708328,High-income countries,3.66232514381409,0.260898530483246,0.165997922420502,0.936324103791974,0.01043037061101959
Canada,2012,0.28084054327486285,1747768.25,50047.03126200873,6.39,3.0438486509387257,2.991025693669363,3.111143706291326,62.5955489395005,High-income countries,3.66961669921875,0.272426635026932,0.167851701378822,0.942691974745511,0.010566440722854065
Canada,2013,2.152335083164303,1804761.0,51135.88695098037,2.56,3.1397231550409233,3.0438486509387257,2.991025693669363,62.2310749013405,High-income countries,3.67692279815674,0.279663532972336,0.163012102246284,0.910778464083956,0.01056513386163438
Canada,2014,1.9980637730791173,1858964.375,52167.89029233212,0.38,2.2799861560361383,3.1397231550409233,3.0438486509387257,64.3786621564923,High-income countries,3.68424344062805,0.271792590618134,0.163251057267189,0.876450765715246,0.00961073425054293
Canada,2015,-2.60774733806155,1827783.0,50825.06832028288,4.97,2.3970399934972173,2.2799861560361383,3.1397231550409233,66.1649020669781,High-income countries,3.69157862663269,0.2535340487957,0.179862841963768,0.797029733204499,0.00916168536764772
Canada,2016,0.6995489098812868,1860631.75,51181.86104645176,1.4,2.463350343797902,2.3970399934972173,2.2799861560361383,65.3636845215556,High-income countries,3.69892859458923,0.237476378679276,0.191240817308426,0.785896930782146,0.01081683448180737
Canada,2017,3.251376572310072,1946187.625,52873.32500971175,0.27,2.459976957738402,2.463350343797902,2.3970399934972173,65.1010608504649,High-income countries,3.7062931060791,0.24085196852684,0.19712445139885,0.8250456203095,0.01244254852302129
Canada,2018,1.073717553386544,1993197.75,53444.09392088833,2.49,3.2425822077546336,2.459976957738402,2.463350343797902,66.5998858508762,High-income countries,3.7136721611023,0.240449622273445,0.196553125977516,0.838396319404049,0.013130688211880237
Canada,2019,-1.6690548416963935,1985851.625,52559.485519057744,0.54,3.4241462482269096,3.2425822077546336,2.459976957738402,66.1714852804959,High-income countries,3.72106599807739,0.244496420025826,0.193610772490501,0.822979792747469,0.012998142189239115
Canada,2020,-5.738427308634364,1894406.75,49628.30382410601,5.01,2.4254680447118924,3.4241462482269096,3.2425822077546336,61.1567709632763,High-income countries,3.72847461700439,0.229717299342155,0.21498242020607,0.851340993967892,0.01024214956228997
Canada,2021,8.267389301659023,2072890.75,53905.64511827712,0.6,2.365307994844187,2.4254680447118924,3.4241462482269096,62.2468367159421,High-income countries,3.73541975021362,0.248292624950409,0.21228115260601,0.952375585615814,0.007364508814699633
Canada,2022,4.266227317501148,2183895.5,56255.14360572387,0.24,2.4139511358766605,2.365307994844187,2.4254680447118924,67.3176215563989,High-income countries,3.75202083587647,0.259902715682983,0.21027846634388,0.981867730138569,0.009503804911610292
Canada,2023,-2.0531627917952378,2165848.75,55111.91030940782,4.86,2.3565010786002913,2.4139511358766605,2.365307994844187,66.6323313370668,High-income countries,3.76877570152283,0.238211080431938,0.211725428700447,1.00143006547222,0.012233736127813533
Chile,1992,9.128151904413606,137243.234375,9884.581602666038,11.0,10.951240113372423,,,55.5417477003547,Lower-middle-income countries,2.66467809677124,0.193611696362495,0.230458989739418,0.472589310056734,0.01612446099962117
Chile,1993,4.631077070084366,146002.40625,10353.109402340446,11.0,10.94223751652911,10.951240113372423,,52.9138530560271,Upper-middle-income countries,2.67962789535522,0.229267373681068,0.230905830860138,0.442969217164349,0.015557547032643448
Chile,1994,9.100974906768933,162339.90625,11339.550385938894,11.0,10.932998125856187,10.94223751652911,10.951240113372423,52.8076839539658,Upper-middle-income countries,2.69466161727905,0.217885106801987,0.219311326742172,0.44119806034202,0.015059472036581312
Chile,1995,13.680716345928978,188885.125,13002.008070140102,11.0,10.927863499824683,10.932998125856187,10.94223751652911,54.6874835998853,Upper-middle-income countries,2.70977973937988,0.263627231121063,0.200536102056503,0.434364310358402,0.014639538738496771
Chile,1996,4.262915662003408,199915.3125,13568.256302444013,11.0,10.965277327659614,10.927863499824683,10.932998125856187,53.9207498943257,Upper-middle-income countries,2.72498273849487,0.275831192731857,0.196711897850037,0.430830557143178,0.014125656714063073
Chile,1997,0.9927468834815656,204628.484375,13703.625569347903,11.0,10.965277327659614,10.965277327659614,10.927863499824683,54.0992981792892,Upper-middle-income countries,2.7402708530426,0.281542629003525,0.177840545773506,0.449905761257697,0.013374755438627872
Chile,1998,-2.186319322224861,202822.515625,13407.271978230277,11.0,10.941377613181912,10.965277327659614,10.965277327659614,53.8361785153282,Upper-middle-income countries,2.75564479827881,0.280635833740234,0.159788355231285,0.4164493494802,0.012998418921999377
Chile,1999,-3.7434065896187363,197843.734375,12914.661014824882,10.0,9.957398170642037,10.941377613181912,10.965277327659614,54.6956098321562,Upper-middle-income countries,2.77110481262207,0.237921819090843,0.153049632906914,0.370516415510905,0.012580275317862988
Chile,2000,1.52760789617723,203306.3125,13113.46097221716,9.0,9.0,9.957398170642037,10.941377613181912,58.7119230876973,Upper-middle-income countries,2.7866518497467,0.257474452257156,0.137125506997108,0.358074106039561,0.011960192594708374
Chile,2001,-1.480385461077205,202647.265625,12920.761072425525,8.0,8.0,9.0,9.957398170642037,62.1447669687645,Upper-middle-income countries,2.80529260635376,0.260464876890183,0.129311874508858,0.328867661663916,0.011556944178106043
Chile,2002,-0.31527773633932554,204251.484375,12880.088938180752,7.0,6.959072912494275,8.0,9.0,62.4838519016295,Upper-middle-income countries,2.82405781745911,0.262579441070557,0.121617250144482,0.318404905629415,0.011037918627210264
Chile,2003,4.084740128006814,215005.703125,13417.100191316535,6.0,5.769518282510457,6.959072912494275,8.0,65.693419590905,Upper-middle-income countries,2.84294891357422,0.263890415430069,0.112086780369282,0.319808703637224,0.010465151503008752
Chile,2004,9.731926790642653,239386.078125,14788.491766890162,6.02,5.988622457101574,5.769518282510457,6.959072912494275,69.8893600532458,Upper-middle-income countries,2.8619658946991,0.247542396187782,0.101523891091347,0.365081523608137,0.010093816392353183
Chile,2005,6.814813859154967,258824.59375,15831.433624580382,6.02,5.9469129265739635,5.988622457101574,5.769518282510457,72.0625342380294,Upper-middle-income countries,2.88111042976379,0.267597109079361,0.09488844871521,0.412637374851822,0.0099248112286201
Chile,2006,16.157908473964078,307198.46875,18607.719440590532,5.99,5.883291534881782,5.9469129265739635,5.988622457101574,73.7116350448521,Upper-middle-income countries,2.90038323402405,0.25595161318779,0.0944598466157913,0.439854372670808,0.009764343926101926
Chile,2007,7.703549631287743,335062.65625,20097.833327864944,5.99,5.916892734238146,5.883291534881782,5.9469129265739635,76.9770247140928,Upper-middle-income countries,2.91978454589844,0.259587407112122,0.103400401771069,0.454428839050938,0.009788034882345364
Chile,2008,-2.0525491847115163,331551.59375,19689.520162969413,6.03,5.906666479059204,5.916892734238146,5.883291534881782,80.6766262406468,Upper-middle-income countries,2.93931579589844,0.339878559112549,0.117718927562237,0.47708001620971,0.009991378699156783
Chile,2009,0.5114888804628848,336630.875,19790.48786838546,6.03,5.935355124818624,5.906666479059204,5.916892734238146,66.6860309631418,Upper-middle-income countries,2.95897746086121,0.249978959560394,0.144360840320587,0.484202719713738,0.010088680059272104
Chile,2010,13.416996540071757,388853.4375,22632.148081211242,6.09,5.93628091234826,5.935355124818624,5.906666479059204,69.7176801370338,Upper-middle-income countries,2.97877097129822,0.270253241062164,0.15099124610424,0.535202740423643,0.010045536236392927
Chile,2011,8.533476387556505,427692.0,24648.255836737782,6.0,5.924667443864872,5.93628091234826,5.935355124818624,72.4816428077334,Upper-middle-income countries,2.9968798160553,0.281995356082916,0.162292122840881,0.575695732191173,0.009866041211198162
Chile,2012,2.7235358459709147,443738.0,25328.785083313836,6.0,5.820536097560793,5.924667443864872,5.93628091234826,68.156142891334,High-income countries,3.01509833335876,0.302271455526352,0.15963314473629,0.578442100514018,0.009595629352375123
Chile,2013,2.0314395742900615,457184.09375,25848.58589124694,6.0,5.891226695117361,5.820536097560793,5.924667443864872,65.1432879523879,High-income countries,3.03342795372009,0.279147356748581,0.158275276422501,0.612411941592944,0.009537446829038565
Chile,2014,0.7420753267545876,465203.5625,26041.115342728852,6.0,5.854577807011217,5.891226695117361,5.820536097560793,65.6346281218887,High-income countries,3.05186891555786,0.250608861446381,0.166779264807701,0.570990479973615,0.009968184601805596
Chile,2015,-0.6042012636864769,467149.21875,25884.248966276726,6.0,5.893794978100709,5.854577807011217,5.891226695117361,59.3491104775309,High-income countries,3.07042193412781,0.260645896196365,0.174327284097672,0.520455781256757,0.010215666887642971
Chile,2016,-1.091408527396176,467700.8125,25603.2821029537,6.0,5.882827940754637,5.893794978100709,5.854577807011217,56.0578610877723,High-income countries,3.08908796310425,0.249159440398216,0.183284983038902,0.519966552067846,0.012094154366484311
Chile,2017,2.5096162545301226,487243.71875,26253.956801136792,6.0,5.970225768930641,5.882827940754637,5.893794978100709,56.0261589675707,High-income countries,3.10786700248718,0.252487003803253,0.182157337665558,0.520655584797426,0.015839482577957753
Chile,2018,1.0309724733938097,501161.3125,26526.027948375686,6.0,5.980327440794292,5.970225768930641,5.882827940754637,58.177050633437,High-income countries,3.12676072120667,0.260097324848175,0.191314771771431,0.559624994248543,0.017853858485774587
Chile,2019,-1.1101724098429244,503617.71875,26233.171915929288,6.0,5.9687902452783455,5.980327440794292,5.970225768930641,57.6117545680829,High-income countries,3.14576888084412,0.249209716916084,0.191794812679291,0.561484566989157,0.01599117952560114
Chile,2020,-3.336249351446874,491479.34375,25372.406369046243,6.0,5.9687902452783455,5.9687902452783455,5.980327440794292,58.1828635629748,High-income countries,3.16489291191101,0.200435951352119,0.212411299347878,0.563135707603788,0.008964919535050964
Chile,2021,7.872853525478796,534089.5,27450.67493187566,6.0,5.986913330842003,5.9687902452783455,5.9687902452783455,64.8774063237834,High-income countries,3.18922209739685,0.244457691907883,0.201355651021004,0.616052177808891,0.004414980912074817
Chile,2022,-1.0279897744496225,531254.625,27169.93028601799,6.0,5.9877511132252605,5.986913330842003,5.9687902452783455,75.2016177425303,High-income countries,3.21398735046387,0.247860506176949,0.210952609777451,0.608556904552097,0.004957895914942778
Chile,2023,0.7242686893194517,538011.75,27367.42792744331,6.0,5.984372657585985,5.9877511132252605,5.986913330842003,60.7247236874408,High-income countries,3.23919916152954,0.229372635483742,0.213436424732208,0.654341539610327,0.005396287095712715
China,1992,11.929151825252404,2807116.5,2369.726111137769,33.59,32.10270655977448,,,30.0340940533808,Low-income countries,2.0269467830658,0.325332790613174,0.212993681430817,0.211166250771308,0.011705938995608456
China,1993,10.454101255169945,3149965.75,2630.8721208315073,8.45,30.114666826656197,32.10270655977448,,35.9086416582146,Low-income countries,2.0633385181427,0.341601729393005,0.214810758829117,0.247145538962285,0.010692767307957318
China,1994,10.736640812759646,3541243.5,2929.0607374921065,28.61,27.808715409485234,30.114666826656197,32.10270655977448,35.605463524878,Low-income countries,2.10038375854492,0.339717358350754,0.206348359584808,0.191132959894862,0.009719948760691821
China,1996,8.799377100726602,4297152.5,3490.9383898520387,29.23,19.762727272191214,27.808715409485234,30.114666826656197,33.6287512313005,Low-income countries,2.17208456993103,0.336187899112701,0.180596634745598,0.233965696286537,0.008821385403606108
China,1997,7.479808614318273,4669251.0,3762.06747188996,22.45,16.074280548918857,19.762727272191214,27.808715409485234,34.3135763220021,Lower-middle-income countries,2.20661544799805,0.323504030704498,0.195924550294876,0.2389590913636,0.008247993195765524
China,1998,7.335238257310017,5063926.0,4048.3971947436867,15.71,15.775016705238894,16.074280548918857,19.762727272191214,32.1717399357488,Low-income countries,2.24169540405273,0.31514298915863,0.215718790888786,0.237577229032037,0.007791015829103465
China,1999,7.319116355760613,5489099.0,4355.817081851909,19.08,14.653659698106908,15.775016705238894,16.074280548918857,33.2255380760054,Lower-middle-income countries,2.27733302116394,0.30110040307045,0.23754546046257,0.235704819079235,0.007430890138724777
China,2000,7.910877571200281,5985309.5,4714.396856112804,12.15,15.55594971347792,14.653659698106908,15.775016705238894,39.0109424774998,Lower-middle-income countries,2.31353735923767,0.293627679347992,0.246242702007294,0.23845456179832,0.00743514909850429
China,2001,7.85426769927966,6520996.5,5099.607952237345,12.66,14.740974069915232,15.55594971347792,14.653659698106908,38.0826469518334,Lower-middle-income countries,2.32968354225159,0.312093049287796,0.241737902164459,0.238623115227979,0.007176474402873723
China,2002,8.153205875319891,7119989.0,5532.80944400806,4.09,7.5213884800599,14.740974069915232,15.55594971347792,42.1944423387413,Lower-middle-income countries,2.34594249725342,0.317121773958206,0.239348918199539,0.23896560311324,0.006346920042244797
China,2003,8.429217217140383,7792220.0,6019.401860056681,8.1,6.447026974018719,7.5213884800599,14.740974069915232,51.0774801301803,Lower-middle-income countries,2.36231517791748,0.338971197605133,0.23629455268383,0.25066100990999,0.005927447377628958
China,2004,9.748401430750775,8640414.0,6635.751403964792,12.41,5.933400475167663,6.447026974018719,7.5213884800599,58.6403340408439,Lower-middle-income countries,2.37880182266235,0.351102739572525,0.233022227883339,0.270789369222229,0.0058406839992537485
China,2005,12.90588822444274,9890539.0,7549.873379111439,2.61,4.884939643018178,5.933400475167663,6.447026974018719,61.3600749408237,Lower-middle-income countries,2.39540362358093,0.32994744181633,0.243136331439018,0.27420815427387,0.006069263064924613
China,2006,7.9850132767564475,10778327.0,8177.454569851945,5.91,4.376078943455737,4.884939643018178,5.933400475167663,63.5695798621627,Lower-middle-income countries,2.40445852279663,0.348388254642487,0.220239609479904,0.288184192727891,0.006108582220115899
China,2007,9.474710064235659,11919245.0,8990.136442877381,10.12,4.451376482602029,4.376078943455737,4.884939643018178,61.2664640006176,Lower-middle-income countries,2.41354775428772,0.36857408285141,0.197460979223251,0.325111326662777,0.005869861430982226
China,2008,5.628893972677851,12685565.0,9510.695099139148,3.39,3.9075668176583,4.451376482602029,4.376078943455737,56.7111330003209,Lower-middle-income countries,2.4226713180542,0.396809875965118,0.177762374281883,0.379961621895859,0.006021472423734409
China,2009,6.873777424521421,13676858.0,10187.431346226846,5.11,3.8977489873945874,3.9075668176583,4.451376482602029,44.4197644331119,Lower-middle-income countries,2.43182945251465,0.439253717660904,0.165394380688667,0.379635792292796,0.006502700350954349
China,2010,9.198830127668245,15095605.0,11169.010691436424,1.39,4.0556753164535015,3.8977489873945874,3.9075668176583,49.8540722339456,Upper-middle-income countries,2.44102191925049,0.457911103963852,0.150863945484161,0.402414876125721,0.006710133123762674
China,2011,7.215237301598876,16329355.0,12004.66607528155,5.17,3.9740059719660286,4.0556753164535015,3.8977489873945874,49.9458272253443,Upper-middle-income countries,2.47546982765198,0.4685477912426,0.14568242430687,0.450911863790128,0.0064083934774563645
China,2012,5.730034268711215,17410208.0,12712.62706370861,11.92,4.563371656924115,3.9740059719660286,4.0556753164535015,47.48021307841,Upper-middle-income countries,2.51040363311768,0.452500849962235,0.159117639064789,0.483679124908571,0.006791949832818389
China,2013,3.1456491919508167,18091038.0,13118.877827572347,2.23,4.321559996753008,4.563371656924115,3.9740059719660286,45.9160413795144,Upper-middle-income countries,2.54583048820496,0.452878624200821,0.158237338066101,0.53466086738566,0.00690348474383029
China,2014,4.743010728444119,19092806.0,13756.099912079666,4.76,3.613231534050159,4.321559996753008,4.563371656924115,44.0684564812401,Upper-middle-income countries,2.57462215423584,0.451026409864426,0.151279330253601,0.551432572931109,0.006464830074475181
China,2015,4.53012654921725,20095396.0,14393.599393406152,11.36,3.922740451911435,3.613231534050159,4.321559996753008,38.6971848362233,Upper-middle-income countries,2.59902787208557,0.42890927195549,0.148450776934624,0.553575539125667,0.005877853721656834
China,2016,4.431085463780882,21125002.0,15045.733698678043,2.71,4.218689570688447,3.922740451911435,3.613231534050159,36.1771706929069,Upper-middle-income countries,2.62366509437561,0.426700562238693,0.14392714202404,0.535036742314075,0.005655679178358852
China,2017,4.567373668296604,22242982.0,15748.863635162388,4.63,4.335040257460815,4.218689570688447,3.922740451911435,36.9508526159275,Upper-middle-income countries,2.64853596687317,0.422768205404282,0.136140376329422,0.563268580864166,0.005895538527153299
China,2018,5.844335379913979,23692778.0,16696.707867712714,1.72,4.20393802080221,4.335040257460815,4.218689570688447,36.8943843914148,Upper-middle-income countries,2.67364239692688,0.434888511896133,0.139196187257767,0.588391157542544,0.004700379037317681
China,2019,6.2308427190799875,25296168.0,17770.148403996445,4.31,3.2567065706793104,4.20393802080221,4.335040257460815,35.1994202739021,Upper-middle-income countries,2.69898700714111,0.431917399168015,0.140630409121513,0.562667285226282,0.003174218656120331
China,2020,2.174321010686775,25899170.0,18160.759656750164,6.88,3.2122441482310182,3.2567065706793104,4.20393802080221,34.0389507864018,Upper-middle-income countries,2.7245717048645,0.439069032669067,0.144253328442574,0.561300888915599,0.001814789941796846
China,2021,8.682243152353486,28254862.0,19807.99482295074,2.08,2.960639087839868,3.2122441482310182,3.2567065706793104,36.5206911762564,Upper-middle-income countries,2.73290514945984,0.43442291021347,0.131054252386093,0.617605324550143,0.00023219559508280696
China,2022,3.363044851622732,29195480.0,20485.474697399342,3.92,2.6837468098001467,2.960639087839868,3.2122441482310182,37.4407198763585,Upper-middle-income countries,2.74130630493164,0.4394810795784,0.129063963890076,0.59026911513593,-0.000882094723016813
China,2023,4.849194329610107,30590320.0,21503.33473270379,6.01,2.703241096117181,2.6837468098001467,2.960639087839868,36.1051923690574,Upper-middle-income countries,2.74977564811707,0.429158002138138,0.13363541662693,0.564795492392748,-0.001822227024837808
Colombia,1991,-0.3496061195075839,283889.75,8577.151468356209,6.92,6.411969096120308,,,33.5299180947153,Lower-middle-income countries,1.94368135929108,0.159147679805756,0.0719304010272026,0.293140661604649,0.020089740634750886
Colombia,1992,1.042065586473484,292602.8125,8666.998330685818,9.13,10.487080953390187,6.411969096120308,,33.6115913436524,Lower-middle-income countries,1.96690678596497,0.21405354142189,0.0730077624320984,0.263017236782921,0.01980948620843348
Colombia,1994,3.8938952776556235,324819.4375,9246.894020936927,11.12,11.60996888227026,10.487080953390187,6.411969096120308,35.917537450138,Lower-middle-income countries,2.0141932964325,0.268671244382858,0.0814917683601379,0.326426009053907,0.019720288720090018
Colombia,1995,2.558049131613238,339660.40625,9486.485481974387,11.43,12.19367379394101,11.60996888227026,10.487080953390187,35.4972303177666,Lower-middle-income countries,2.03826117515564,0.265959143638611,0.0794858261942864,0.361041482709794,0.019096370992151
Colombia,1996,-0.9725023609616912,342555.6875,9394.676333336945,11.76,11.188909921560425,12.19367379394101,11.60996888227026,36.0441071863282,Lower-middle-income countries,2.06261658668518,0.228108271956444,0.0921376794576645,0.378952002315342,0.01821294601135115
Colombia,1997,0.8193097652391401,351610.1875,9471.964014368197,11.78,11.31433834690165,11.188909921560425,12.19367379394101,35.5970680886793,Lower-middle-income countries,2.0872631072998,0.221492618322372,0.105562910437584,0.397118931697638,0.017895806699384398
Colombia,1998,-3.995296239108015,343946.15625,9100.991071826662,11.83,11.183609607700324,11.31433834690165,11.188909921560425,35.9089230535138,Lower-middle-income countries,2.11220407485962,0.211526691913605,0.109396785497665,0.371047453143418,0.017914944906069596
Colombia,1999,-6.408677919904804,328252.03125,8536.03434369276,12.34,10.691441085928947,11.183609607700324,11.31433834690165,36.1492793141794,Lower-middle-income countries,2.13744306564331,0.137234047055244,0.118800088763237,0.344825454089558,0.01738335788822054
Colombia,2000,1.8316516302290253,339841.0625,8693.825435980527,11.78,10.978982308685739,10.691441085928947,11.183609607700324,32.6670854693067,Lower-middle-income countries,2.16298365592957,0.152832552790642,0.114057183265686,0.310019628790618,0.01637982749505129
Colombia,2001,-2.126719464121507,337960.9375,8510.884375035728,11.77,10.826192156238177,10.978982308685739,10.691441085928947,33.9011117949445,Lower-middle-income countries,2.18431115150452,0.166975721716881,0.115001410245895,0.299169666625892,0.015719468839021644
Colombia,2002,0.2636387701574705,344104.6875,8533.351969563057,11.98,11.280566517517848,10.826192156238177,10.978982308685739,32.9826392144234,Lower-middle-income countries,2.20584893226624,0.182897120714188,0.11097564548254,0.287421585275964,0.015379228224816188
Colombia,2003,1.7679993147766027,355564.625,8685.563155419457,11.76,11.047831505169738,11.280566517517848,10.826192156238177,36.51618351723,Lower-middle-income countries,2.22759914398193,0.195168733596802,0.110616847872734,0.272696998813116,0.0150810905869041
Colombia,2004,4.1127426560017,375975.0625,9050.225426942012,12.28,11.375791686759214,11.047831505169738,11.280566517517848,35.8634269337995,Lower-middle-income countries,2.24956393241882,0.205817490816116,0.11186483502388,0.317309186760254,0.014688372553323337
Colombia,2005,3.84835078959469,396235.59375,9405.298252316927,11.9,11.40551250182096,11.375791686759214,11.047831505169738,37.422697494955,Lower-middle-income countries,2.27174520492554,0.214977145195007,0.113194935023785,0.367884496329744,0.014002642115634067
Colombia,2006,7.891649501799058,434492.96875,10177.604502851229,13.48,12.002241827645095,11.40551250182096,11.375791686759214,39.6413559606293,Lower-middle-income countries,2.29414510726929,0.223916783928871,0.115210592746735,0.380931727886849,0.013254299099262123
Colombia,2007,8.497483003126938,479058.875,11080.252827233551,13.97,12.261337260101682,12.002241827645095,11.40551250182096,37.0988970982903,Lower-middle-income countries,2.31676602363586,0.230569064617157,0.115156628191471,0.438462084041202,0.01266890996292025
Colombia,2008,7.0295920582132965,520168.78125,11887.17894806458,13.12,11.610499064202482,12.261337260101682,12.002241827645095,39.1676494164355,Upper-middle-income countries,2.3396098613739,0.228846296668053,0.115804046392441,0.47856613173714,0.01203391548064614
Colombia,2009,1.7378106310980357,535489.125,12095.561006109998,14.09,11.116731851497175,11.610499064202482,12.261337260101682,35.1561285074585,Upper-middle-income countries,2.36267900466919,0.204013362526894,0.126262560486794,0.46719727190047,0.011649137009437371
Colombia,2010,7.427868981551633,583368.4375,13028.212731986032,13.48,11.809988336957037,11.116731851497175,11.610499064202482,34.2646031687681,Upper-middle-income countries,2.38597559928894,0.198130279779434,0.129661276936531,0.538249143607568,0.011359683636363638
Colombia,2011,9.543042103659616,648695.0625,14332.757289976003,12.42,8.983626150338825,11.809988336957037,11.116731851497175,39.4704235545367,Upper-middle-income countries,2.41068816184998,0.205884486436844,0.130484834313393,0.566876726356422,0.010713372766626428
Colombia,2012,2.64230244869168,672777.625,14716.519842916488,12.68,7.645805512113897,8.983626150338825,11.809988336957037,38.835151018669,Upper-middle-income countries,2.43565678596497,0.194120064377785,0.134030446410179,0.620008693944199,0.010029078265533453
Colombia,2013,1.0609046395389399,686434.625,14873.479207127539,14.03,7.355023445808299,7.645805512113897,8.983626150338825,37.9866487978457,Upper-middle-income countries,2.46088433265686,0.185714051127434,0.150811493396759,0.66565402866824,0.009487093287515513
Colombia,2014,1.6976854122514595,704448.3125,15128.139644112372,13.82,7.158250513697331,7.355023445808299,7.645805512113897,37.4874656411103,Upper-middle-income countries,2.48637270927429,0.196740478277206,0.161829650402069,0.655516270830135,0.008927115639263405
Colombia,2015,-0.8497099849501311,704555.625,15000.138918636047,14.65,6.83207159565702,7.158250513697331,7.355023445808299,38.3607641184453,Upper-middle-income countries,2.51212525367737,0.182878270745277,0.181885495781899,0.537295428331204,0.00864942376762734
Colombia,2016,-2.495830361396223,694029.5,14630.394190993828,14.52,7.267075311966955,6.83207159565702,7.158250513697331,36.202652984202,Upper-middle-income countries,2.53814482688904,0.166701763868332,0.204057440161705,0.565339033598183,0.009905485493268973
Colombia,2017,0.9006560205513381,710547.5,14762.75889769184,15.59,9.762431651497089,7.267075311966955,6.83207159565702,35.2829149424588,Upper-middle-income countries,2.5629780292511,0.162404075264931,0.21333509683609,0.583856567635246,0.014514772616919469
Colombia,2018,3.2550157814613456,747681.6875,15251.195245067947,14.96,7.7841050087672565,9.762431651497089,7.267075311966955,36.5347527968973,Upper-middle-income countries,2.58082032203674,0.167966097593308,0.213734090328217,0.561729563874035,0.018391378486109833
Colombia,2019,4.138794199554319,793320.125,15895.655274401483,14.72,8.26126454266255,7.7841050087672565,9.762431651497089,37.558533980839,Upper-middle-income countries,2.59878706932068,0.175450906157494,0.220374226570129,0.493651194381899,0.017861550772439116
Colombia,2020,-7.37605941918531,747571.125,14765.379602925908,14.72,7.397681850897483,8.26126454266255,7.7841050087672565,34.0555709680101,Upper-middle-income countries,2.61687898635864,0.155153572559357,0.233384490013123,0.438526025411243,0.014363216732697026
Colombia,2021,8.2975843470118,821202.375,16042.814714250497,14.58,7.0911097323332015,7.397681850897483,8.26126454266255,40.0591463936128,Upper-middle-income countries,2.63825917243958,0.160301610827446,0.224620819091797,0.448569460952314,0.010964282539596137
Colombia,2022,7.9489535165993885,898693.5,17370.104617995643,13.85,7.461094893534282,7.0911097323332015,7.397681850897483,48.2826551123359,Upper-middle-income countries,2.6601254940033,0.174954265356064,0.209670096635818,0.430755160150202,0.010682929553061715
Colombia,2023,-0.4589313348200008,904662.5625,17290.570408312113,13.2,7.447912760475017,7.461094893534282,7.0911097323332015,40.3881324933957,Upper-middle-income countries,2.68249130249023,0.133134782314301,0.216481730341911,0.383704823302978,0.011209286434100019
Costa Rica,1995,2.809525875446006,37754.921875,10679.785638678244,5.12,8.79877979453093,,,79.7743745489399,Lower-middle-income countries,2.35450530052185,0.148203015327454,0.133785560727119,0.412461665040045,0.024063690382229552
Costa Rica,1996,-1.9566913786933426,37901.3671875,10472.84637758969,5.12,9.038004965029167,8.79877979453093,,84.0571640061047,Lower-middle-income countries,2.36827611923218,0.141760244965553,0.133601173758507,0.402558590090683,0.02343825078259254
Costa Rica,1997,4.076116490886328,40380.3046875,10908.551393531261,14.6,9.057176410239894,9.038004965029167,8.79877979453093,87.6131980978704,Lower-middle-income countries,2.38212728500366,0.163511365652084,0.139517396688461,0.408469156014214,0.02259380846600334
Costa Rica,1998,5.740254416084056,43703.3203125,11553.050993063938,13.15,7.3594672493366105,9.057176410239894,9.038004965029167,92.0380212366186,Lower-middle-income countries,2.39605975151062,0.188625901937485,0.131494730710983,0.390885596464652,0.021679376384044158
Costa Rica,1999,1.0646256901186035,45096.61328125,11676.704799084748,5.64,5.251518128354398,7.3594672493366105,9.057176410239894,87.5386137677373,Lower-middle-income countries,2.41007351875305,0.187528073787689,0.136508986353874,0.377346773908706,0.02073681433934782
Costa Rica,2000,0.34059428452266616,46136.6875,11716.542792704138,1.22,4.594307897357239,5.251518128354398,7.3594672493366105,86.5249235130705,Upper-middle-income countries,2.42416906356812,0.180109918117523,0.138033866882324,0.391495267592252,0.019395364805298465
Costa Rica,2001,2.139700281854928,47986.8671875,11969.943026809784,1.06,4.440927126296523,4.594307897357239,5.251518128354398,80.852758718109,Upper-middle-income countries,2.44833302497864,0.183455348014832,0.14140310883522,0.3814224230713,0.01792191259617848
Costa Rica,2002,1.5248900212423422,49535.58984375,12153.870273670444,2.96,4.205595475250093,4.440927126296523,4.594307897357239,80.4139443360039,Upper-middle-income countries,2.47273755073547,0.194961592555046,0.144121423363686,0.359436921259991,0.016515124545405824
Costa Rica,2003,3.3372578346165582,52009.28515625,12566.320241947877,1.28,4.445742523812282,4.205595475250093,4.440927126296523,83.3277075355642,Upper-middle-income countries,2.49738550186157,0.199323579668999,0.147140264511108,0.335147493205051,0.01535828702238895
Costa Rica,2004,2.179844327705638,53942.66796875,12843.253855940293,4.86,4.5482729082019455,4.445742523812282,4.205595475250093,85.2564771965872,Upper-middle-income countries,2.52227926254272,0.195570468902588,0.145940572023392,0.350506855146296,0.014701071659098286
Costa Rica,2005,1.7401797393709728,55688.890625,13068.70550004224,8.17,4.104635516362401,4.5482729082019455,4.445742523812282,89.2226638923224,Upper-middle-income countries,2.54742097854614,0.196651443839073,0.148371815681458,0.354891138028115,0.014457101192528965
Costa Rica,2006,3.4960381304607324,58483.6015625,13533.672787260433,7.53,4.055857844649849,4.104635516362401,4.5482729082019455,89.8145546136931,Upper-middle-income countries,2.5419225692749,0.203450188040733,0.150995254516602,0.415637163841465,0.014005341605749289
Costa Rica,2007,5.887907416317972,62876.046875,14354.449080280387,4.33,4.201090300289272,4.055857844649849,4.104635516362401,86.4565958439349,Upper-middle-income countries,2.53643584251404,0.227758288383484,0.147915929555893,0.454947825677367,0.013539804446286885
Costa Rica,2008,2.3471583941548246,65248.203125,14695.35589753823,1.52,4.383682900148416,4.201090300289272,4.055857844649849,86.4015127113254,Upper-middle-income countries,2.53096103668213,0.244255840778351,0.151586651802063,0.48960499045193,0.013561645187195381
Costa Rica,2009,5.367311266276431,69772.1953125,15505.652443080135,0.86,3.7565490553629464,4.383682900148416,4.201090300289272,69.7593177251535,Upper-middle-income countries,2.52549815177918,0.19823394715786,0.154676213860512,0.42188606378919,0.013363962276045305
Costa Rica,2010,3.2578778471407333,72982.53125,16019.126421598776,2.77,3.8605101843293594,3.7565490553629464,4.383682900148416,67.5120896837726,Upper-middle-income countries,2.5200469493866,0.203418463468552,0.163560375571251,0.530623661650403,0.012405753647206641
Costa Rica,2011,2.7337471886925258,75892.09375,16463.089606499845,1.67,4.0477354938737955,3.8605101843293594,3.7565490553629464,68.639146507318,Upper-middle-income countries,2.54592204093933,0.203158900141716,0.161413639783859,0.581981915116911,0.011754925855405496
Costa Rica,2012,7.244500058137504,82551.734375,17700.021993235754,9.29,4.1729379669243505,4.0477354938737955,3.8605101843293594,67.0485392950742,Upper-middle-income countries,2.56810927391052,0.202802181243896,0.16180844604969,0.600297537646083,0.011667667248804303
Costa Rica,2013,0.31379208441251194,83738.2578125,17755.65049446084,7.17,4.189727753600059,4.1729379669243505,4.0477354938737955,64.0664105879215,Upper-middle-income countries,2.5858325958252,0.199956238269806,0.180802837014198,0.64988018442861,0.01113285466812619
Costa Rica,2014,4.919282688446458,88911.2578125,18650.941546141392,7.26,4.535245973406631,4.189727753600059,4.1729379669243505,65.1912420532231,Upper-middle-income countries,2.60367846488953,0.191396072506905,0.190016835927963,0.63596502815291,0.010749986527595734
Costa Rica,2015,6.853334891219198,96235.3515625,19973.971056787017,10.5,4.986134822576324,4.535245973406631,4.189727753600059,60.7535619395756,Upper-middle-income countries,2.62164735794067,0.17773725092411,0.194790869951248,0.662248470709711,0.01062465205126406
Costa Rica,2016,4.999326618749045,102196.8203125,20997.917055338836,2.28,5.372853508107187,4.986134822576324,4.535245973406631,62.178478176606,Upper-middle-income countries,2.63974022865295,0.164932310581207,0.21258170902729,0.69901749103866,0.01011052866881923
Costa Rica,2017,6.391962760273273,109976.1640625,22383.92064086028,2.1,5.738977681920149,5.372853508107187,4.986134822576324,65.0719537437267,Upper-middle-income countries,2.65795803070068,0.156636714935303,0.209822058677673,0.661252640893263,0.00944345948457892
Costa Rica,2018,2.389743984281978,113659.375,22925.281847780618,2.97,5.480275493707332,5.738977681920149,5.372853508107187,66.9453420166008,Upper-middle-income countries,2.67630171775818,0.175778046250343,0.210188344120979,0.594287439802157,0.00904494518403598
Costa Rica,2019,7.246148818145315,123229.7265625,24648.148857007818,1.8,5.5481261840702985,5.480275493707332,5.738977681920149,65.7605300176058,Upper-middle-income countries,2.6947717666626,0.164995953440666,0.213730469346046,0.525087515231164,0.00838278384859259
Costa Rica,2020,-7.257408106852381,115400.2109375,22922.70076941871,11.44,5.746380793462932,5.5481261840702985,5.480275493707332,60.1398862509037,Upper-middle-income countries,2.71336936950684,0.186786815524101,0.214277565479279,0.480817962991115,0.006929953994471161
Costa Rica,2021,4.747563183788905,121628.03125,24037.21733134545,8.56,5.627257392731564,5.746380793462932,5.5481261840702985,70.781642302675,Upper-middle-income countries,2.70895266532898,0.200947418808937,0.208885371685028,0.498979455995127,0.005085649322906782
Costa Rica,2022,0.49975557938388704,122763.4765625,24157.64533828306,8.43,5.635668880526576,5.627257392731564,5.746380793462932,82.227532535289,Upper-middle-income countries,2.70455527305603,0.183943584561348,0.207770213484764,0.555401122889199,0.00429453043658401
Costa Rica,2023,5.137644290105747,129839.703125,25431.21483588857,11.57,5.751882728636452,5.635668880526576,5.627257392731564,72.4719990802549,Upper-middle-income countries,2.70017671585083,0.16955029964447,0.200651913881302,0.614794945222589,0.004664644489873693
Croatia,2001,5.827527397345378,72379.8515625,16828.320452635784,5.06,10.051135677429667,,,79.4405856034588,Upper-middle-income countries,2.9377019405365,0.182248547673225,0.253285259008408,0.378211835630979,-0.005802840126288178
Croatia,2002,8.712539140640985,79055.28125,18360.26098162889,2.92,4.699314811786097,10.051135677429667,,81.1609977960211,Upper-middle-income countries,2.96561288833618,0.211359545588493,0.247361123561859,0.400888628575505,0.001094011673848927
Croatia,2003,8.782176403949471,86330.1640625,20045.61374163336,7.26,4.4287095217220775,4.699314811786097,10.051135677429667,81.4432514353208,Upper-middle-income countries,2.99378895759583,0.24500697851181,0.238710477948189,0.472926835787026,0.00020992821182508337
Croatia,2004,4.8862219860678735,90724.140625,21049.411103939252,2.57,4.178774310483784,4.4287095217220775,4.699314811786097,81.6444126603338,Upper-middle-income countries,3.0222327709198,0.252419412136078,0.238445103168488,0.510521641608419,0.0007821982303342079
Croatia,2005,1.570002284896077,92242.9296875,21382.495211460693,2.1,3.9620405996017025,4.178774310483784,4.4287095217220775,81.4923355714118,Upper-middle-income countries,3.05094695091248,0.266270935535431,0.227803245186806,0.510172254750883,0.0009021334326733133
Croatia,2006,6.289567585489841,98273.1640625,22770.55564727281,6.76,4.132366304241789,3.9620405996017025,4.178774310483784,83.5058793177563,Upper-middle-income countries,3.0858302116394,0.30798614025116,0.235758498311043,0.505145205921062,0.0004296766158644605
Croatia,2007,10.715744560273777,109392.6953125,25346.12169464735,2.65,4.0773377105232225,4.132366304241789,3.9620405996017025,83.2514767234118,Upper-middle-income countries,3.12111258506775,0.320501238107681,0.247876048088074,0.524966539329196,3.5682203180398275e-05
Croatia,2008,4.486049572058626,114376.7734375,26509.051049209073,2.55,4.044841560711354,4.0773377105232225,4.132366304241789,82.0719814536512,High-income countries,3.15679836273193,0.328231364488602,0.246875360608101,0.600258853664863,-0.0003065840867941816
Croatia,2009,-3.3296797492484487,110525.9453125,25640.91777867223,2.47,4.190936156305056,4.044841560711354,4.0773377105232225,69.6952439244403,High-income countries,3.19289207458496,0.278420656919479,0.263690948486328,0.537941240910436,-0.0009509388425421594
Croatia,2010,-2.74898801330945,107294.8671875,24945.652189707624,1.89,4.106972465657187,4.190936156305056,4.044841560711354,72.6386568634317,High-income countries,3.22939848899841,0.2265385389328,0.262008607387543,0.543891016911735,-0.0021796000697678064
Croatia,2011,3.878268672354146,111010.828125,25932.11683661837,7.25,4.285367050518908,4.106972465657187,4.190936156305056,77.7657386922551,High-income countries,3.25704503059387,0.215314745903015,0.279986500740051,0.538023367891884,-0.004735751895358131
Croatia,2012,0.6756661387230523,111199.8125,26107.924637188455,2.62,4.2038749045075665,4.285367050518908,4.106972465657187,79.0022669647168,High-income countries,3.29645562171936,0.209960326552391,0.272564768791199,0.472000212070574,-0.005055712953501601
Croatia,2013,-1.7018752783252822,108891.15625,25667.35988702616,1.94,4.240094064290061,4.2038749045075665,4.285367050518908,80.9105173733355,High-income countries,3.33695793151855,0.222416043281555,0.28620633482933,0.501969045327879,-0.003961126065038512
Croatia,2014,-0.5875973375822241,107668.3671875,25516.981406353723,4.26,2.2852444199258204,4.240094064290061,4.2038749045075665,85.2091769480039,High-income countries,3.37859010696411,0.209785848855972,0.297834604978561,0.508971543200387,-0.005417014698904099
Croatia,2015,6.04545266242873,113409.1015625,27107.181550836587,1.78,2.432727880199838,2.2852444199258204,4.240094064290061,90.6409410989512,High-income countries,3.42139172554016,0.222108826041222,0.288982152938843,0.416167232596411,-0.008508706600077076
Croatia,2016,4.857625207955962,117708.5234375,28456.452797983,1.88,2.4752144327656125,2.432727880199838,2.2852444199258204,92.1307890861689,Upper-middle-income countries,3.46540403366089,0.220448240637779,0.284442931413651,0.426722041489013,-0.011366472569194874
Croatia,2017,6.176951246282947,123475.8203125,30269.616668096685,0.32,2.48144588628658,2.4752144327656125,2.432727880199838,97.2213314044204,High-income countries,3.51066994667053,0.230044230818748,0.274604767560959,0.422184698196984,-0.01393559078242168
Croatia,2018,3.0785841255731583,125640.21875,31215.98490931877,2.21,2.3971567570347716,2.48144588628658,2.4752144327656125,99.06781797397,High-income countries,3.55723476409912,0.26943239569664,0.284447550773621,0.441607958463953,-0.013408775457106836
Croatia,2019,9.280946376177823,136539.203125,34251.82213156248,5.03,2.6898951453650253,2.3971567570347716,2.48144588628658,101.382013330328,High-income countries,3.60514545440674,0.263949900865555,0.281003773212433,0.40218270613953,-0.009620103745092035
Croatia,2020,-10.277927988346924,122202.265625,30906.31352811537,1.47,2.944514702036189,2.6898951453650253,2.3971567570347716,89.5334538008947,High-income countries,3.65444993972778,0.276262909173965,0.314460247755051,0.41873937637208,-0.008154909019380208
Croatia,2021,11.26161510529542,135753.890625,34590.41551262418,2.04,2.2855509786239856,2.944514702036189,2.6898951453650253,102.308430815836,High-income countries,3.70520043373108,0.260600596666336,0.29911196231842,0.441619660886913,-0.007450119297018443
Croatia,2022,4.409315918791634,141238.015625,36149.741382642096,1.95,1.6941588004090125,2.2855509786239856,2.944514702036189,125.213857590974,High-income countries,3.75744962692261,0.293261766433716,0.294217824935913,0.465333828887188,-0.004490256518005609
Croatia,2023,6.100814697822798,149700.140625,38423.833900621226,2.17,2.440631320972866,1.6941588004090125,2.2855509786239856,107.700919430599,High-income countries,3.81125354766846,0.25706484913826,0.300803422927856,0.539346035419371,-0.002820437468582737
Cyprus,1996,-0.7266159738930966,18245.49609375,27607.045080571945,2.53,11.179015230719369,,,140.848983444568,High-income countries,2.44961714744568,0.293995171785355,0.110888794064522,0.486480962660946,0.015553835975468888
Cyprus,1997,0.7092927552815098,18639.50390625,27803.55594607697,6.36,9.141414662469739,11.179015230719369,,139.762976603986,High-income countries,2.47439980506897,0.289164692163467,0.124563306570053,0.461928558734928,0.01427200669146611
Cyprus,1998,4.483162820065267,19741.32421875,29078.397729783475,16.74,11.126751345599343,9.141414662469739,11.179015230719369,134.909736760687,High-income countries,2.49943327903748,0.239750519394875,0.144894495606422,0.473000441782457,0.012599292139727991
Cyprus,1999,4.488223081054699,20875.642578125,30413.232194238055,3.31,9.445161870715962,11.126751345599343,9.141414662469739,131.209333344294,High-income countries,2.52471995353699,0.247087314724922,0.142284616827965,0.455566164024291,0.010986706866151275
Cyprus,2000,5.681035779403487,22327.705078125,32191.039616673876,2.22,8.890128906049627,9.445161870715962,11.126751345599343,137.494903248556,High-income countries,2.55026268959045,0.237954944372177,0.131518304347992,0.413165948197319,0.010434877292579525
Cyprus,2001,4.617228302626408,23642.380859375,33712.221387958074,4.17,7.0905013992235,8.890128906049627,9.445161870715962,131.849067868114,High-income countries,2.5698447227478,0.221522137522697,0.145064488053322,0.385831955698257,0.011040330076532712
Cyprus,2002,0.06766516553540214,23938.384765625,33735.04053780299,7.52,5.751175970425909,7.0905013992235,8.890128906049627,123.64133212338,High-income countries,2.58636069297791,0.257352918386459,0.157554611563683,0.423780948286571,0.011765675452504953
Cyprus,2004,5.751687870026245,25587.82421875,35149.075824541884,4.3,4.827022352759302,5.751175970425909,7.0905013992235,113.903613489207,High-income countries,2.61971235275269,0.303338080644608,0.171090185642242,0.596971379094602,0.014032444589932136
Cyprus,2005,3.2075591132423753,26805.146484375,36294.77954393127,7.65,4.9335923579109915,4.827022352759302,5.751175970425909,111.917065271958,High-income countries,2.63654899597168,0.325682550668716,0.14510603249073,0.581051240541064,0.014401689058422762
Cyprus,2006,5.479064928925936,28791.158203125,38338.88157653819,2.24,4.272811977362528,4.9335923579109915,4.827022352759302,109.806498040343,High-income countries,2.65349388122559,0.358212649822235,0.155584305524826,0.602213298116496,0.016683781800553688
Cyprus,2007,5.380777827019223,31036.58984375,40458.32145184944,5.17,4.251407414787643,4.272811977362528,4.9335923579109915,111.275122844623,High-income countries,2.67054772377014,0.366076916456223,0.154246211051941,0.651025253692273,0.021290714558447943
Cyprus,2008,7.126032461832743,34176.48828125,43446.60308918275,3.2,4.043657188605795,4.251407414787643,4.272811977362528,112.925930874708,High-income countries,2.68771100044251,0.411762267351151,0.172989040613174,0.7114658059369,0.02511077987466101
Cyprus,2009,-1.8782266150299876,34453.15234375,42638.193077960736,5.05,4.212256168927911,4.043657188605795,4.251407414787643,102.7910918992,High-income countries,2.70498490333557,0.324531733989716,0.185689345002174,0.625491397984251,0.026844833830709597
Cyprus,2010,-0.1946303914555969,35297.3125,42555.28690234204,1.94,4.173219455107082,4.212256168927911,4.043657188605795,108.901699269523,High-income countries,2.72236943244934,0.341439217329025,0.177648305892944,0.596152037380629,0.026152633639301398
Cyprus,2011,-7.346059398408578,33644.8671875,39541.21338647825,4.42,3.7306712584226105,4.173219455107082,4.212256168927911,110.617136857424,High-income countries,2.74201726913452,0.281580299139023,0.197299525141716,0.656404804130899,0.025514275253886193
Cyprus,2012,-3.7526016861175293,32903.24609375,38084.885141704624,1.88,3.5106568149671866,3.7306712584226105,4.173219455107082,112.344273297273,High-income countries,2.76180696487427,0.252062350511551,0.174335196614265,0.557704701503595,0.015236826062610204
Cyprus,2013,-11.450943235533195,29274.79296875,33964.234878412404,1.52,3.6140545858477133,3.5106568149671866,3.7306712584226105,120.926200639389,High-income countries,2.7817394733429,0.20170234143734,0.171060904860497,0.597451094363556,-0.002335048500682113
Cyprus,2014,-2.4956685018539204,28240.9765625,33127.08979957865,3.08,2.7645694061189383,3.6140545858477133,3.5106568149671866,130.84436307939,High-income countries,2.80181574821472,0.198801442980766,0.164553850889206,0.651590337941911,-0.010996159640971753
Cyprus,2015,6.057724677162746,29835.53515625,35195.86546685148,4.63,2.578078965065216,2.7645694061189383,3.6140545858477133,137.276426477193,High-income countries,2.82203698158264,0.200704485177994,0.15988777577877,0.516783210245371,-0.005651101614415677
Cyprus,2016,10.102637545535309,33159.08203125,38937.39083049554,1.67,2.8622324442161577,2.578078965065216,2.7645694061189383,139.022098457248,High-income countries,2.84240436553955,0.262198179960251,0.147363573312759,0.483383405581423,0.004590133404964558
Cyprus,2017,5.713510452171278,35435.2734375,41226.86460392382,1.29,2.48833136642617,2.8622324442161577,2.578078965065216,148.013355558135,High-income countries,2.86291837692261,0.324873924255371,0.149074986577034,0.495841698133004,0.009255997434757302
Cyprus,2018,1.2269185707841856,36312.984375,41735.80039146366,2.83,2.2190963453766304,2.48833136642617,2.8622324442161577,147.623567410054,High-income countries,2.88358068466187,0.307345569133759,0.153152480721474,0.553569829226411,0.01219843905968232
Cyprus,2019,9.214906456392136,40085.06640625,45764.48472512242,4.73,2.787735373908121,2.2190963453766304,2.48833136642617,150.506169561162,High-income countries,2.90439200401306,0.298399686813355,0.157084077596664,0.512120535614038,0.006679417971787005
Cyprus,2020,-6.71673091053524,37999.125,42791.56648892743,1.72,2.8229718453060757,2.787735373908121,2.2190963453766304,160.66871645997,High-income countries,2.92535352706909,0.309035450220108,0.188208431005478,0.541245135495994,0.013726586121397752
Cyprus,2021,9.172734808364247,42024.859375,46902.37841333829,1.02,3.0089465265965734,2.8229718453060757,2.787735373908121,176.82773681987,High-income countries,2.94772386550903,0.317866384983063,0.201310276985168,0.586164929364975,0.008970851837464239
Cyprus,2022,6.516879746050996,45290.20703125,50060.74580249916,2.1,2.9980510705032777,3.0089465265965734,2.8229718453060757,207.632427046376,High-income countries,2.97051954269409,0.384481966495514,0.224553003907204,0.557576409065123,0.009660698265942444
Cyprus,2023,1.1319526542902025,46273.9140625,50630.62906271781,5.55,3.2061085877751925,2.9980510705032777,3.0089465265965734,193.268619207237,High-income countries,2.99375128746033,0.354983747005463,0.211845561861992,0.598286896341219,0.010168035803417796
Denmark,2000,4.254671235051077,236669.375,44322.94633851082,3.19,4.380155240770493,,,83.0420859548864,High-income countries,3.30117750167847,0.235630586743355,0.193362653255463,0.669010229097898,0.0033481349234485425
Denmark,2001,-0.23509899692211178,236961.296875,44218.86593019967,3.82,4.596875075734046,4.380155240770493,,83.922664599029,High-income countries,3.31471872329712,0.234466373920441,0.202346846461296,0.655184580533128,0.0035836884801092594
Denmark,2002,1.2196782697818875,240635.96875,44761.49627443215,3.37,4.388701013947699,4.596875075734046,4.380155240770493,84.4845925538271,High-income countries,3.32831573486328,0.224673792719841,0.214764639735222,0.710956040421392,0.0031916822462438876
Denmark,2003,-4.142958676464126,231499.828125,42944.93548515755,3.21,4.147575682903309,4.388701013947699,4.596875075734046,80.7613001763544,High-income countries,3.34196853637695,0.235559210181236,0.200991049408913,0.82756233546487,0.002723429431354507
Denmark,2004,4.087751887511004,241784.375,44736.79170957766,2.61,3.732923072001628,4.147575682903309,4.388701013947699,82.0077308240144,High-income countries,3.35567712783813,0.255237251520157,0.193304166197777,0.87458588713313,0.002589666611976904
Denmark,2005,-0.667499904720259,240840.515625,44439.16809129163,2.99,4.011391949495575,3.732923072001628,4.147575682903309,89.3987952460671,High-income countries,3.36944198608398,0.265748023986816,0.170894026756287,0.879767048439884,0.002763636012856674
Denmark,2006,6.147960445951028,256956.171875,47257.002746707076,3.28,4.039690613626887,4.011391949495575,3.732923072001628,97.4298607727841,High-income countries,3.38326358795166,0.284131169319153,0.179475545883179,0.917792754673112,0.003290974903032984
Denmark,2007,3.967353232567916,268544.71875,49169.54272799196,3.37,4.148580361603697,4.039690613626887,4.011391949495575,100.047674594039,High-income countries,3.39714169502258,0.292845040559769,0.197102040052414,1.02310543467368,0.004438385133919143
Denmark,2008,3.256892309853221,279068.40625,50797.30513542264,2.82,3.867088569224634,4.148580361603697,4.039690613626887,104.470310168489,High-income countries,3.41107678413391,0.291847139596939,0.209200337529182,1.05460243130783,0.005870562001689672
Denmark,2009,-3.522050337282323,270852.75,49039.33843824917,2.92,3.794331606212975,3.867088569224634,4.148580361603697,89.3948566562728,High-income countries,3.42506909370422,0.244282111525536,0.228101208806038,0.921175360422276,0.005338883186015275
Denmark,2010,3.8143036902887673,282641.3125,50945.97910943366,3.25,4.176783614408903,3.794331606212975,3.867088569224634,94.3877282319057,High-income countries,3.43911862373352,0.237484008073807,0.218650057911873,0.846620887857624,0.004460294579903934
Denmark,2011,2.6754681459207674,291508.15625,52327.420156245484,2.76,4.224843628417548,4.176783614408903,3.794331606212975,102.012930474308,High-income countries,3.45655488967896,0.239455670118332,0.217758506536484,0.921419726219001,0.004134657457844693
Denmark,2012,0.5579630117813039,294247.8125,52620.20385853367,0.79,3.706508368612938,4.224843628417548,4.176783614408903,104.362280505171,High-income countries,3.47407937049866,0.254409700632095,0.213919252157211,0.844560258557147,0.003774696166759073
Denmark,2013,-0.31002889359559305,294565.3125,52457.318648778266,0.65,3.4904432621560235,3.706508368612938,4.224843628417548,103.612813249189,High-income countries,3.49169301986694,0.253566294908524,0.217078000307083,0.91579488784809,0.004178729674763515
Denmark,2014,-0.3213521677821518,295108.4375,52289.016484301166,0.84,3.5929971503482423,3.4904432621560235,3.706508368612938,103.210859225139,High-income countries,3.50939559936523,0.26328718662262,0.223559722304344,0.942751985042105,0.005055642523753123
Denmark,2015,2.9275198739801667,306024.1875,53842.41491591482,1.17,3.819634258685437,3.5929971503482423,3.4904432621560235,105.130362453899,High-income countries,3.52718830108643,0.269443601369858,0.226395577192307,0.784171293094732,0.007046070663544235
Denmark,2016,3.4278442157990696,319175.625,55720.04631122406,1.61,4.040435875763568,3.819634258685437,3.5929971503482423,101.452783808643,High-income countries,3.54507112503052,0.285360068082809,0.221500024199486,0.773265797121753,0.007798914773715193
Denmark,2017,4.817688745927207,337090.40625,58470.17922981603,1.12,3.823537318528625,4.040435875763568,3.819634258685437,104.215676920442,High-income countries,3.56304430961609,0.294510513544083,0.220495507121086,0.769497315709328,0.0064327748419588104
Denmark,2018,1.77545672793471,344834.28125,59517.5623646835,1.04,3.712649247578378,3.823537318528625,4.040435875763568,108.813985501909,High-income countries,3.58110880851746,0.307991713285446,0.216004252433777,0.792477682511966,0.004958227967737372
Denmark,2019,3.952981143463674,360026.03125,61917.400463796585,1.34,3.7596848370162648,3.712649247578378,3.823537318528625,111.891475065653,High-income countries,3.5992648601532,0.29084113240242,0.215933069586754,0.746807662415627,0.00358256900289744
Denmark,2020,1.3936833082654587,366140.625,62786.37424483798,1.69,3.8643692856543086,3.7596848370162648,3.712649247578378,104.433432671151,High-income countries,3.61751317977905,0.304996728897095,0.218368917703629,0.753336755808044,0.0029043099723182753
Denmark,2021,7.230310337107326,395298.21875,67494.1672261326,1.15,3.3445969001685847,3.8643692856543086,3.7596848370162648,111.414043682799,High-income countries,3.63368630409241,0.315467685461044,0.214182838797569,0.801928059309535,0.004319879931340864
Denmark,2022,2.9932410168296286,410517.28125,69544.96994191332,0.9,3.4389509555783695,3.3445969001685847,3.8643692856543086,131.54315114232,High-income countries,3.65001320838928,0.324271738529205,0.20111845433712,0.774300555303198,0.007845151668095962
Denmark,2023,-6.276837095381893,388496.09375,65313.9225044619,0.96,2.605155505803626,3.4389509555783695,3.3445969001685847,127.768567480091,High-income countries,3.66649580001831,0.278615593910217,0.202834039926529,0.853002667440864,0.007633459955877164
Dominican Republic,1996,4.990128264346616,58382.1640625,7267.886774367992,5.06,7.872927990600024,,,72.6424908698332,Lower-middle-income countries,2.06714296340942,0.207716211676598,0.110128976404667,0.304445078421056,0.018187665234767003
Dominican Republic,1997,8.615751140316696,64753.7109375,7921.836681458141,10.86,12.179885629100607,7.872927990600024,,74.2332371692166,Lower-middle-income countries,2.08969044685364,0.221241340041161,0.11627733707428,0.312108246388456,0.017423066011900357
Dominican Republic,1998,9.50196163317134,72395.625,8711.488741405008,5.06,7.872927990600024,12.179885629100607,7.872927990600024,75.9113027135939,Lower-middle-income countries,2.11248421669006,0.282466351985931,0.11533660441637,0.298735069993836,0.01653524234385495
Dominican Republic,1999,3.8694625539790195,76481.9609375,9055.183218019258,5.06,7.872927990600024,7.872927990600024,12.179885629100607,76.3027532814337,Lower-middle-income countries,2.13552641868591,0.26595950126648,0.114139586687088,0.292603919504189,0.016214413358810464
Dominican Republic,2000,3.0058133573829693,80103.34375,9331.4970602934,8.41,15.777690907087802,7.872927990600024,7.872927990600024,79.3003930961432,Lower-middle-income countries,2.15881991386414,0.300099074840546,0.11899508535862,0.289111422661688,0.016204556035710027
Dominican Republic,2001,2.536244761530426,83463.515625,9571.19346069388,4.72,8.103631787709434,15.777690907087802,7.872927990600024,70.5105678080061,Lower-middle-income countries,2.17516422271729,0.268796026706696,0.1191366314888,0.29467781947425,0.015729552236096733
Dominican Republic,2002,3.87252780327092,88071.8671875,9949.110838957618,7.27,9.204311128094401,8.103631787709434,15.777690907087802,68.7232829028777,Lower-middle-income countries,2.19163250923157,0.284999072551727,0.129027605056763,0.293389218315963,0.015018277986557305
Dominican Republic,2003,-6.32794680144837,83870.390625,9339.042362888085,6.76,8.9123315321854,9.204311128094401,8.103631787709434,84.4495031861592,Lower-middle-income countries,2.20822525024414,0.223641589283943,0.12589105963707,0.228682998944458,0.014398952737793458
Dominican Republic,2004,2.377963937666827,87077.2109375,9563.782957282745,5.41,8.905186571840414,8.9123315321854,9.204311128094401,81.3514229381911,Lower-middle-income countries,2.2249436378479,0.214145675301552,0.128516480326653,0.255173977333515,0.013742929247668734
Dominican Republic,2005,7.0294192622149865,94651.1875,10260.253512344778,5.05,9.111478121395633,8.905186571840414,8.9123315321854,61.6535587358027,Lower-middle-income countries,2.24178862571716,0.217034459114075,0.131892129778862,0.426610705532967,0.013109024061931152
Dominican Republic,2006,10.148049678865512,106079.7265625,11356.13407450641,5.3,8.95434931097694,9.111478121395633,8.905186571840414,63.7664826351505,Lower-middle-income countries,2.27710962295532,0.231699243187904,0.132212698459625,0.408032662896095,0.012512028192362745
Dominican Republic,2007,7.89468855322859,116200.625,12289.004636165986,3.53,8.129254204922185,8.95434931097694,9.111478121395633,61.229259153164,Lower-middle-income countries,2.31298732757568,0.237697020173073,0.133925691246986,0.442228088988545,0.01218038874797367
Dominican Republic,2008,0.353497028089933,118060.84375,12332.522774682888,8.24,8.9366470523992,8.129254204922185,8.95434931097694,61.4285058325394,Upper-middle-income countries,2.34943008422852,0.256862044334412,0.136170610785484,0.463142867076555,0.012346923235041718
Dominican Republic,2009,4.228020443917302,124730.7890625,12865.124270713592,5.16,6.802172580243363,8.9366470523992,8.129254204922185,50.6509376792025,Upper-middle-income countries,2.38644695281982,0.197354599833488,0.136093437671661,0.443976704429786,0.012677406266176305
Dominican Republic,2010,6.3540470663356885,134625.859375,13709.110008222866,4.25,6.586413638943718,6.802172580243363,8.9366470523992,56.0573964175321,Upper-middle-income countries,2.42404723167419,0.21919858455658,0.134867504239082,0.459834327512629,0.012801320983307107
Dominican Republic,2011,0.8305411297854448,137482.734375,13823.443943319378,4.25,6.296440866729685,6.586413638943718,6.802172580243363,59.0692578401698,Upper-middle-income countries,2.47031021118164,0.204473152756691,0.130595222115517,0.493548620759326,0.012693410813822137
Dominican Republic,2012,1.1037297574594263,140752.75,13976.8625133572,3.43,6.626691847532806,6.296440866729685,6.586413638943718,58.5062536731089,Upper-middle-income countries,2.51745581626892,0.19787073135376,0.125154390931129,0.514484512931095,0.012469166402151455
Dominican Republic,2013,0.48646373650544916,143172.59375,14045.020528588217,3.52,6.903775202740615,6.626691847532806,6.296440866729685,56.8137658014945,Upper-middle-income countries,2.56369662284851,0.179884254932404,0.136954769492149,0.544060081618924,0.012181409400570331
Dominican Republic,2014,5.8974597725940825,153683.125,14898.23157864532,3.53,7.366672918490444,6.903775202740615,6.626691847532806,55.6601041506633,Upper-middle-income countries,2.59653639793396,0.192633107304573,0.138549223542213,0.519449008429356,0.011867403206001104
Dominican Republic,2015,8.570479137433828,169371.828125,16231.394699903562,4.21,8.14615657261436,7.366672918490444,6.903775202740615,52.3471238667007,Upper-middle-income countries,2.62979674339294,0.216621831059456,0.135430976748467,0.452271103776005,0.011498820432230161
Dominican Republic,2016,6.974640491737105,183635.921875,17403.889508341523,9.41,8.14615657261436,8.14615657261436,7.366672918490444,51.7306571245477,Upper-middle-income countries,2.66348338127136,0.229780733585358,0.135496273636818,0.409735532225619,0.011112242524083271
Dominican Republic,2017,1.4375239207344848,188332.515625,17655.881466053263,8.52,8.280477679887056,8.14615657261436,8.14615657261436,50.7595355508472,Upper-middle-income countries,2.69760131835938,0.218027502298355,0.150255098938942,0.432119414171968,0.01087874948460188
Dominican Republic,2018,5.593511882791624,201318.265625,18671.60786772241,8.52,8.280477679887056,8.280477679887056,8.14615657261436,52.3351709577013,Upper-middle-income countries,2.73215627670288,0.240457803010941,0.149008244276047,0.450237790124694,0.010742847372492204
Dominican Republic,2019,8.985309846589828,222532.53125,20426.99218738167,9.89,9.248869190961152,8.280477679887056,8.280477679887056,50.912982200697,Upper-middle-income countries,2.76715397834778,0.244874864816666,0.139415577054024,0.41939584272467,0.010333133463082067
Dominican Republic,2020,-5.898654538231796,211985.984375,19256.92290135625,4.18,8.344399925350851,9.248869190961152,8.280477679887056,44.7331613466756,Upper-middle-income countries,2.80260014533997,0.221415460109711,0.145589798688889,0.41666130501441,0.010433407646059045
Dominican Republic,2021,9.419716024387625,235362.203125,21159.05164222047,4.09,8.308345792981545,8.344399925350851,9.248869190961152,51.9500227303115,Upper-middle-income countries,2.84226489067078,0.271377235651016,0.123661383986473,0.444838455138096,0.010408296177830678
Dominican Republic,2022,3.888432569605982,247053.828125,21998.01260763544,5.91,9.262085845028432,8.308345792981545,8.344399925350851,54.3781976712844,Upper-middle-income countries,2.88338804244995,0.288653016090393,0.123811714351177,0.515790407106779,0.009596297351136762
Dominican Republic,2023,4.06560518055592,259608.28125,22910.794271425122,6.84,9.585666717521711,9.262085845028432,8.308345792981545,49.8436131764417,Upper-middle-income countries,2.92603707313538,0.280356526374817,0.12268154323101,0.520400663378117,0.008911592037322169
Ecuador,1993,-10.988687577355805,68706.8828125,6159.691147312681,5.3,8.14791436933734,,,43.1712184234683,Lower-middle-income countries,2.28501439094543,0.154667302966118,0.286267966032028,0.303170768515298,0.020299729836713354
Ecuador,1994,-0.4848771699435872,69710.390625,6129.8965032877995,16.05,11.443147927982071,8.14791436933734,,43.7777474951998,Lower-middle-income countries,2.30836820602417,0.180768325924873,0.270410567522049,0.313538921184418,0.019348774044741113
Ecuador,1995,-2.237135751083308,69476.84375,5994.284960097541,11.06,11.025875480341211,11.443147927982071,8.14791436933734,45.9112707318244,Lower-middle-income countries,2.33196043968201,0.16344927251339,0.264385223388672,0.346600506440264,0.019015488055854846
Ecuador,1996,1.5220132735905167,71884.0,6086.216604083499,9.46,10.951150548779001,11.025875480341211,11.443147927982071,44.2157026832153,Lower-middle-income countries,2.35579395294189,0.138621628284454,0.247073888778687,0.385281494849163,0.018840062334299468
Ecuador,1997,-7.584974064503669,67875.4296875,5641.651832575619,6.8,10.394418883912138,10.951150548779001,11.025875480341211,45.0171863180765,Lower-middle-income countries,2.37987112998962,0.294887036085129,0.201341956853867,0.235231584693492,0.018470140780225464
Ecuador,1998,-2.9708823931208883,67093.734375,5476.5102193388,8.16,10.702237759657494,10.394418883912138,10.951150548779001,43.395107949805,Lower-middle-income countries,2.40419411659241,0.320390701293945,0.186001226305962,0.258446823937096,0.018125377322179226
Ecuador,1999,-6.3727357328206224,64079.8671875,5138.394720424801,14.3,11.109970369410734,10.702237759657494,10.394418883912138,49.2012507989376,Lower-middle-income countries,2.42876577377319,0.180189296603203,0.197153329849243,0.270031612240588,0.017766925285671586
Ecuador,2000,10.067256483656983,72108.0,5682.625059440283,8.36,9.575088075442386,11.109970369410734,10.702237759657494,65.4042953826391,Lower-middle-income countries,2.45358872413635,0.154048562049866,0.192734330892563,0.277909246544649,0.017362200149821483
Ecuador,2001,-2.738613862283046,71384.921875,5529.111567191346,7.84,11.165544606476582,9.575088075442386,11.109970369410734,56.128486744205,Lower-middle-income countries,2.48427653312683,0.288854837417603,0.152195975184441,0.205350118319685,0.01730781230602929
Ecuador,2002,8.503443324264381,79091.5703125,6019.84540610963,14.35,10.652152181352827,11.165544606476582,9.575088075442386,54.7966439366136,Lower-middle-income countries,2.51534819602966,0.279831320047379,0.140559315681458,0.23605676920857,0.017485197022666377
Ecuador,2003,5.9192616763928285,85408.0234375,6386.93307179031,8.0,9.877057940241889,10.652152181352827,11.165544606476582,52.3575426975979,Lower-middle-income countries,2.54680848121643,0.201000794768333,0.1356181204319,0.282683630980335,0.01764113178793414
Ecuador,2004,11.420171974488902,97433.03125,7159.612901334227,8.38,9.89608802419463,9.877057940241889,10.652152181352827,56.0745467239942,Lower-middle-income countries,2.57254362106323,0.212125718593597,0.115907393395901,0.272874112533834,0.01752351564869503
Ecuador,2005,14.834400176436269,114985.734375,8304.519770206374,9.92,9.515709891139032,9.89608802419463,9.877057940241889,61.9581507902572,Lower-middle-income countries,2.59416246414185,0.196381390094757,0.103764370083809,0.302913372052384,0.017298786957394174
Ecuador,2006,7.134549056747197,125629.375,8918.657294895242,6.24,8.922408758578136,9.515709891139032,9.89608802419463,65.8423556166562,Lower-middle-income countries,2.61596298217773,0.195610493421555,0.101979345083237,0.330524941221545,0.01718254175460565
Ecuador,2007,4.551051749077928,133743.734375,9333.927920764743,11.2,8.851318401296744,8.922408758578136,9.515709891139032,68.8505854462677,Lower-middle-income countries,2.63794684410095,0.192399129271507,0.103433184325695,0.349549191360132,0.017078917316064146
Ecuador,2008,9.42297207558287,149486.671875,10256.233284108172,6.73,7.78156240176531,8.851318401296744,8.922408758578136,74.5902963648439,Lower-middle-income countries,2.66011524200439,0.219077050685883,0.104869171977043,0.396025442140248,0.017051977878479008
Ecuador,2009,-3.972350240159628,146136.546875,9856.805631192436,3.8,6.806648726462977,7.78156240176531,8.851318401296744,57.3473460627608,Lower-middle-income countries,2.68247008323669,0.207223027944565,0.126624867320061,0.413786804482749,0.017057702083505877
Ecuador,2010,4.27977460092599,155106.203125,10287.811959119686,10.49,6.793567997401129,6.806648726462977,7.78156240176531,65.7773849135062,Upper-middle-income countries,2.70501255989075,0.215186893939972,0.125547528266907,0.465269673810295,0.01677088053131648
Ecuador,2011,10.679055152257888,175443.3125,11447.260470564608,3.99,6.171413818460675,6.793567997401129,6.806648726462977,70.0356837525249,Upper-middle-income countries,2.71133708953857,0.216572999954224,0.123964034020901,0.475281200902625,0.016415369766541232
Ecuador,2012,4.933228549620239,187273.40625,12026.141354904776,4.07,6.341201399843467,6.171413818460675,6.793567997401129,67.0029290916898,Upper-middle-income countries,2.71767663955688,0.219147801399231,0.115782544016838,0.483064798947969,0.015921344058939635
Ecuador,2013,5.995753308810592,201845.234375,12769.254122254213,7.44,7.434661068584386,6.341201399843467,6.171413818460675,63.4333003342414,Upper-middle-income countries,2.7240309715271,0.239309281110764,0.121021084487438,0.483888953342666,0.01497408961169766
Ecuador,2014,2.808535352595598,210588.75,13132.966729786436,3.6,7.170617862365056,7.434661068584386,6.341201399843467,61.4263766217565,Upper-middle-income countries,2.73040008544922,0.247785672545433,0.131686866283417,0.482757715765653,0.014320588658380817
Ecuador,2015,-8.172755844526414,196859.234375,12102.330711335913,12.15,7.745574776769916,7.170617862365056,7.434661068584386,47.8280397077826,Upper-middle-income countries,2.73678398132324,0.234479263424873,0.145428106188774,0.478262874489785,0.014309305983938092
Ecuador,2016,-1.8864466006439429,196017.78125,11876.166644219113,8.43,8.73650383471946,7.745574776769916,7.170617862365056,40.5344917996647,Upper-middle-income countries,2.74318289756775,0.210963129997253,0.152859449386597,0.483130931029908,0.01458091477705592
Ecuador,2017,5.9311782124517265,211201.3125,12601.871957065116,4.52,9.571134078475762,8.73650383471946,7.745574776769916,43.6177233172817,Upper-middle-income countries,2.74959659576416,0.239988207817078,0.155411392450333,0.466580443773661,0.015294608398004339
Ecuador,2018,2.006544577809599,219210.9375,12857.288085132115,18.27,10.462603799057577,9.571134078475762,8.73650383471946,48.0093476154836,Upper-middle-income countries,2.75602555274963,0.23684173822403,0.159585207700729,0.466929538328659,0.017157239103514854
Ecuador,2019,2.237294679286528,227989.8125,13148.185489510077,8.74,11.31505307931478,10.462603799057577,9.571134078475762,48.0828494933307,Upper-middle-income countries,2.76246953010559,0.220845773816109,0.160325944423676,0.452370058778951,0.016893547962716582
Ecuador,2020,-10.142423690168911,208447.921875,11880.03816667726,7.65,10.151977191248264,11.31505307931478,10.462603799057577,43.9893109378389,Upper-middle-income countries,2.76892852783203,0.19123686850071,0.159229382872581,0.422509110371717,0.011812525823048592
Ecuador,2021,12.23768947048729,237414.90625,13426.581302007064,4.77,7.3549235882503545,10.151977191248264,11.31505307931478,53.261275610573,Upper-middle-income countries,2.8261821269989,0.225375175476074,0.14251184463501,0.415918115887011,0.007743140235145329
Ecuador,2022,5.108694505864264,251857.5,14130.32739136677,2.16,7.83295162957737,7.3549235882503545,10.151977191248264,61.880792818786,Upper-middle-income countries,2.79839634895325,0.234756320714951,0.135777547955513,0.431353380558263,0.007967236520341814
Ecuador,2023,-1.3190534700211032,250735.21875,13945.164699740262,14.29,8.157358422138843,7.83295162957737,7.3549235882503545,56.9977535649091,Upper-middle-income countries,2.82538056373596,0.221291899681091,0.14183384180069,0.454065510682959,0.008724560270223947
El Salvador,1995,7.814397878745893,23349.6953125,4052.2673490935904,8.32,9.152705377463338,,,59.3607543357884,Lower-middle-income countries,1.76273334026337,0.133813545107842,0.164367809891701,0.595745559676496,0.008365491882748266
El Salvador,1996,3.6225378116188978,24392.380859375,4201.753515567537,6.23,7.7077853625778445,9.152705377463338,,55.2818567293307,Lower-middle-income countries,1.78564345836639,0.0989476069808006,0.162122428417206,0.613893669180524,0.0074615102434576475
El Salvador,1997,5.157861793300711,25857.3515625,4424.16057455303,6.15,7.351497965894481,7.7077853625778445,9.152705377463338,63.5570927549383,Lower-middle-income countries,1.80885148048401,0.101874805986881,0.165825590491295,0.593359222448724,0.006745512048618396
El Salvador,1998,4.145112932948436,27118.638671875,4611.400878875612,6.54,6.300458583055697,7.351497965894481,7.7077853625778445,60.8722907509534,Lower-middle-income countries,1.83236122131348,0.132697984576225,0.165536448359489,0.578890575912819,0.006175182362201159
El Salvador,1999,3.52274255918843,28249.185546875,4776.743865617444,4.66,6.379249671926242,6.300458583055697,7.351497965894481,60.9904896201298,Lower-middle-income countries,1.85617637634277,0.126580283045769,0.166190803050995,0.560049840874766,0.0056159360383281065
El Salvador,2000,1.7731956993170428,28897.8359375,4862.200298198024,4.63,6.839608490338973,6.379249671926242,6.300458583055697,68.7100889044911,Lower-middle-income countries,1.88030099868774,0.130382284522057,0.165650248527527,0.556364106597383,0.004970127288388859
El Salvador,2001,3.958326387702016,30189.5625,5058.52194850588,5.07,6.894067978772755,6.839608490338973,6.379249671926242,65.8907385362251,Lower-middle-income countries,1.89369809627533,0.139487966895103,0.172866463661194,0.529098326820194,0.004146276923932213
El Salvador,2002,4.137769349292775,31562.8515625,5272.222651187287,4.97,7.088619302223539,6.894067978772755,6.839608490338973,65.9190907767708,Lower-middle-income countries,1.90719056129456,0.13844995200634,0.169625148177147,0.502306803072033,0.0031069000342296427
El Salvador,2003,3.4058680782729667,32721.640625,5454.880485426681,7.43,7.377891564261293,7.088619302223539,6.894067978772755,68.23698247861,Lower-middle-income countries,1.92077922821045,0.148460328578949,0.168578594923019,0.50152318410272,0.0019971254582302755
El Salvador,2004,2.959436835298135,33738.60546875,5618.726732696929,7.65,7.268265927588661,7.377891564261293,7.088619302223539,69.7822641767691,Lower-middle-income countries,1.93446469306946,0.146613791584969,0.170780286192894,0.50130992749852,0.0010117243914260499
El Salvador,2005,6.0161917578547275,35836.09765625,5967.135495742458,6.61,7.335577518220674,7.268265927588661,7.377891564261293,69.7158116750578,Lower-middle-income countries,1.94824767112732,0.149687305092812,0.169844180345535,0.490458992568496,0.0001510376681987946
El Salvador,2006,7.210897800563032,38494.75,6413.312921222614,6.72,8.599589580997721,7.335577518220674,7.268265927588661,73.4555675070266,Lower-middle-income countries,1.96212887763977,0.162869423627853,0.168437331914902,0.493036835224859,-0.0005428094661403815
El Salvador,2007,4.776605655447241,40428.6015625,6727.085778635114,6.51,6.861339371779058,8.599589580997721,7.335577518220674,77.6210560347995,Lower-middle-income countries,1.97610890865326,0.162458777427673,0.159836679697037,0.512944144778156,0.0012495690363558687
El Salvador,2008,2.62149619690053,41636.92578125,6905.767916433707,7.07,6.9324337586887,6.861339371779058,8.599589580997721,80.6659739399085,Lower-middle-income countries,1.9901887178421,0.16229535639286,0.16830749809742,0.518407459422243,0.003234956602227834
El Salvador,2009,2.3633184583063738,42766.87890625,7070.917017262266,5.29,7.263478790468837,6.9324337586887,6.861339371779058,66.0711911744487,Lower-middle-income countries,2.00436854362488,0.123181715607643,0.170782625675201,0.465289241887765,0.0031433485708596276
El Salvador,2010,4.145401548335137,44724.1796875,7370.195205816373,4.22,6.73579039072398,7.263478790468837,6.9324337586887,73.5372876725398,Lower-middle-income countries,2.01864957809448,0.13665883243084,0.169914975762367,0.494490683037997,0.003296326816139006
El Salvador,2011,6.276671136421363,47793.03125,7847.624729336515,6.98,6.71299396557912,6.73579039072398,7.263478790468837,79.2766437025052,Lower-middle-income countries,2.04879355430603,0.148746594786644,0.178136318922043,0.498220150991784,0.003598839781399521
El Salvador,2012,2.2492051635474297,49071.58203125,8026.133903270786,7.77,7.012767540316173,6.71299396557912,6.73579039072398,77.6485716222883,Lower-middle-income countries,2.07938742637634,0.154541522264481,0.147192120552063,0.496303185903956,0.003908199121010814
El Salvador,2013,0.6285491294109491,49581.8125,8076.740976591828,13.52,6.970875720408867,7.012767540316173,6.71299396557912,80.4511944908271,Lower-middle-income countries,2.11043810844421,0.151539444923401,0.160275131464005,0.498306299324781,0.004058501847625795
El Salvador,2014,2.4058211291768217,50988.6484375,8273.409174251638,13.55,6.8788634932753805,6.970875720408867,7.012767540316173,78.1044257477935,Lower-middle-income countries,2.14195251464844,0.15737883746624,0.162800848484039,0.457678399809835,0.003920733982848423
El Salvador,2015,4.974064219054952,53769.16796875,8695.340436457214,3.96,7.306447015116448,6.8788634932753805,6.970875720408867,76.5602707370519,Lower-middle-income countries,2.17393755912781,0.162803545594215,0.178359538316727,0.439102782918401,0.003356546324946086
El Salvador,2016,3.441717427246793,55806.078125,8999.819075764417,3.91,7.632024485664273,7.306447015116448,6.8788634932753805,72.8190933731491,Lower-middle-income countries,2.20640015602112,0.171959266066551,0.182907089591026,0.414039603574978,0.0027653993455818426
El Salvador,2017,1.801709525348194,56937.33203125,9163.439227127305,3.72,7.772380609623967,7.632024485664273,7.306447015116448,74.3046511916519,Lower-middle-income countries,2.23934745788574,0.185166746377945,0.191565856337547,0.403151298749292,0.0020513392809795583
El Salvador,2018,3.168670111524463,58829.71875,9458.447625464905,3.71,7.752673450477952,7.772380609623967,7.632024485664273,75.6336168879956,Lower-middle-income countries,2.27278709411621,0.206868097186089,0.185183584690094,0.400479211970723,0.0010092220646296113
El Salvador,2019,5.921762657583329,62443.890625,10035.470804449404,16.34,8.689951704782755,7.752673450477952,7.772380609623967,76.0420130991468,Lower-middle-income countries,2.30672574043274,0.210420966148376,0.186996847391129,0.384064643835419,0.0004036288068298699
El Salvador,2020,-5.695203734290999,59104.08203125,9479.900875515043,17.48,8.758528496656941,8.689951704782755,7.752673450477952,66.4595069497083,Lower-middle-income countries,2.34117126464844,0.201707407832146,0.22383776307106,0.362814214937561,0.0019836257489751485
El Salvador,2021,9.707162581556616,65349.62109375,10446.275316778941,17.97,8.34806983915094,8.758528496656941,8.689951704782755,81.8450759800765,Lower-middle-income countries,2.35296654701233,0.26401898264885,0.210794106125832,0.382014324714545,0.0033800242019614846
El Salvador,2022,0.027415002807629207,65623.9296875,10449.139556048029,15.68,8.623816214932573,8.34806983915094,8.758528496656941,88.7011093776867,Upper-middle-income countries,2.36482119560242,0.249851182103157,0.204302445054054,0.433731351416739,0.003914619279828724
Estonia,1995,10.734254713713298,16653.755859375,11463.394491635674,0.0,0.3982827179075544,,,139.087473677663,Lower-middle-income countries,3.03157067298889,0.141722127795219,0.443770855665207,0.535932012863427,-0.015665043223597963
Estonia,1996,6.321076114367585,17519.091796875,12211.396218923628,0.0,0.03878319671496299,0.3982827179075544,,132.977442750892,Lower-middle-income countries,3.08389043807983,0.158828273415566,0.39467453956604,0.502188384859372,-0.012555283184375321
Estonia,1997,8.044196848318563,18812.498046875,13234.295451323816,0.01,0.0325835748719392,0.03878319671496299,0.3982827179075544,151.051344390403,Upper-middle-income countries,3.13711285591126,0.191949009895325,0.364497274160385,0.473424180311027,-0.00921177588138955
Estonia,1998,3.999959386289653,19438.462890625,13774.391700290462,0.0,0.0,0.0325835748719392,0.03878319671496299,156.838235827521,Upper-middle-income countries,3.19125413894653,0.207423284649849,0.353714674711227,0.477479801218403,-0.00726730605753978
Estonia,1999,1.661401828900111,19657.322265625,14005.151310169438,0.0,0.0,0.0,0.0325835748719392,144.116453592933,Upper-middle-income countries,3.24632954597473,0.169892966747284,0.342677921056747,0.479008565019532,-0.00541784149557667
Estonia,2000,7.795227652929881,21151.322265625,15140.56384203044,0.0,0.9741450204974057,0.0,0.0,126.495626368659,Upper-middle-income countries,3.30235552787781,0.18983893096447,0.313776791095734,0.427896707793631,-0.004699757809214999
Estonia,2001,5.516209034461461,22209.64453125,15999.213736095913,1.42,1.0195033031986547,0.9741450204974057,0.0,126.546640067292,Upper-middle-income countries,3.31723690032959,0.209317728877068,0.302679508924484,0.421800769131085,-0.006337879470158347
Estonia,2002,7.244286931789823,23728.015625,17201.256764544905,0.6,0.9139049792322904,1.0195033031986547,0.9741450204974057,123.28234538757,Upper-middle-income countries,3.33218550682068,0.229964569211006,0.298138648271561,0.466749528979588,-0.0063130582996323015
Estonia,2003,6.084618772947259,25059.666015625,18280.385173888466,0.0,0.8920874276466854,0.9139049792322904,1.0195033031986547,122.744772807796,Upper-middle-income countries,3.34720134735107,0.274313002824783,0.2777059674263,0.537017907277196,-0.006243009639704755
Estonia,2004,8.622560668114865,27153.46484375,19926.574507623234,1.74,3.4231441095743005,0.8920874276466854,0.9139049792322904,129.949500077661,Upper-middle-income countries,3.36228489875793,0.295894354581833,0.266513258218765,0.57142390692557,-0.005980571879277585
Estonia,2005,8.663181004703624,29440.619140625,21729.831789709988,4.94,3.290880583172067,3.4231441095743005,0.8920874276466854,135.912792115107,Upper-middle-income countries,3.37743639945984,0.308576166629791,0.233497053384781,0.549674323975052,-0.005761142607336511
Estonia,2006,11.169790293432236,32726.16015625,24297.75492712788,2.76,3.497646184353085,3.290880583172067,3.4231441095743005,136.620737662645,High-income countries,3.39626121520996,0.377875208854675,0.223077565431595,0.587261321026035,-0.0058984643175003515
Estonia,2007,13.414118314413237,37252.5625,27785.801127018993,2.34,3.6483935384994037,3.497646184353085,3.290880583172067,133.980829235754,High-income countries,3.41519117355347,0.397292971611023,0.224469169974327,0.659079432158483,-0.00459521158655235
Estonia,2008,0.8468025955345126,37467.609375,28022.09105479577,2.23,3.6704393636154653,3.6483935384994037,3.497646184353085,136.681988157836,High-income countries,3.43422651290894,0.341865539550781,0.256315171718597,0.669963730868665,-0.0027119506317751507
Estonia,2009,-10.406592863748543,33700.23828125,25252.55242396563,5.02,3.9554032129719197,3.6704393636154653,3.6483935384994037,116.759079859802,High-income countries,3.4533679485321,0.230675160884857,0.274869740009308,0.579854282390502,-0.001905973098347058
Estonia,2010,4.2635826324652015,35086.98046875,26352.49778342827,3.12,3.2180765423707958,3.9554032129719197,3.6704393636154653,143.671762256978,High-income countries,3.47261595726013,0.238830372691154,0.264252185821533,0.554568684809747,-0.0023105994729958335
Estonia,2011,15.100739747711067,40680.9921875,30648.093571967773,2.04,3.154961236320511,3.2180765423707958,3.9554032129719197,166.7460724339,High-income countries,3.48813080787659,0.283979177474976,0.252553999423981,0.575442478411222,-0.0030765713828585506
Estonia,2012,5.471512173656201,42815.37109375,32371.732304576686,2.02,2.8606330924997874,3.154961236320511,3.2180765423707958,169.156067773865,High-income countries,3.49925565719605,0.323808193206787,0.243389427661896,0.5419759293765,-0.003578906858346942
Estonia,2013,0.688506219794327,42958.07421875,32595.382735016337,4.07,3.078459347647551,2.8606330924997874,3.154961236320511,164.601632156916,High-income countries,3.51936936378479,0.29581817984581,0.243839100003243,0.59609078721925,-0.0035576161300765463
Estonia,2014,3.6346403323907595,44430.9765625,33801.90114397483,2.82,3.2248940797231156,3.078459347647551,2.8606330924997874,157.953944842229,High-income countries,3.49702787399292,0.296373128890991,0.245231673121452,0.613468064544029,-0.0026341287035048233
Estonia,2015,2.1111091639921753,45383.21484375,34523.081848253736,1.53,3.1435644451701585,3.2248940797231156,3.078459347647551,148.507157123558,High-income countries,3.50818061828613,0.26170751452446,0.253666013479233,0.536876679891498,9.433144119569414e-05
Estonia,2016,4.430019256179207,47484.8359375,36086.84274373427,1.64,3.3804237050531185,3.1435644451701585,3.2248940797231156,147.7462327097,High-income countries,3.5126519203186,0.262268304824829,0.254554271697998,0.539451805090003,0.0009679045016551813
Estonia,2017,6.502407745561101,50735.78515625,38511.327139116074,4.61,3.328540116320197,3.3804237050531185,3.1435644451701585,144.635650944133,High-income countries,3.52385497093201,0.290641367435455,0.251479029655457,0.538785065154726,0.0011969891383670217
Estonia,2018,4.50429063395017,53256.21875,40285.64958225066,2.62,3.0503600378797215,3.328540116320197,3.3804237050531185,143.485224864735,High-income countries,3.54636764526367,0.324691355228424,0.236461728811264,0.552897478423232,0.003440192224373695
Estonia,2019,7.128721744305366,57401.42578125,43262.340978104075,1.44,3.040574957550618,3.0503600378797215,3.328540116320197,140.352147998549,High-income countries,3.53396797180176,0.310173392295837,0.23324878513813,0.519588085039814,0.003667343160205505
Estonia,2020,-1.9209978959596086,56430.09375,42439.20385449311,1.23,2.886598497110396,3.040574957550618,3.0503600378797215,137.392641283846,High-income countries,3.52161145210266,0.347221523523331,0.24365508556366,0.519514574442206,0.0021434298779823835
Estonia,2021,5.829302306670492,59910.9140625,44986.640922951694,4.44,2.48574235496647,2.886598497110396,3.040574957550618,160.394681627556,High-income countries,3.54196763038635,0.369598954916,0.241658926010132,0.556208830265376,0.0015630768436147302
Estonia,2022,-1.4885174966920545,59838.6875,44321.9660748794,1.65,2.6299299077081013,2.48574235496647,2.886598497110396,174.563994182116,High-income countries,3.56257843971252,0.36583223938942,0.240011900663376,0.556401749750221,0.013678881662962494
Estonia,2023,-4.134281544012275,58142.65234375,42526.932746840976,3.22,3.1797933241451775,2.6299299077081013,2.48574235496647,154.859244621649,High-income countries,3.5834481716156,0.368552207946777,0.256966948509216,0.605487828940041,0.012589929541459488
Eswatini,2013,1.3010600375455539,11279.3154296875,9981.783404886326,6.22,10.576917117794746,6.244112609457394,10.923268396201141,85.178074262072,Lower-middle-income countries,1.74871456623077,0.131792828440666,0.163530915975571,0.408541801924652,0.005436925205783497
Eswatini,2014,0.0953484035244756,11353.1103515625,9991.305414826997,5.96,9.81944450129004,10.576917117794746,6.244112609457394,91.5997199256524,Lower-middle-income countries,1.76099038124084,0.130554303526878,0.182355955243111,0.407101427649151,0.005567706764586761
Eswatini,2015,0.9781831425046406,11530.4326171875,10089.518247681379,1.91,9.275666582663977,9.81944450129004,10.576917117794746,88.2380778212486,Lower-middle-income countries,1.77335238456726,0.121727362275124,0.219354391098022,0.390512287286049,0.005716276986401869
Eswatini,2016,-1.663839835373615,11406.5966796875,9923.03368286361,6.51,10.006792665530957,9.275666582663977,9.81944450129004,89.3135033741698,Lower-middle-income countries,1.78580129146576,0.118841223418713,0.254070639610291,0.385369339477932,0.005840387928175206
Eswatini,2017,-3.3107810682226457,11118.5361328125,9599.882690576716,2.76,9.487061458888409,10.006792665530957,9.275666582663977,86.8600357143891,Lower-middle-income countries,1.79833734035492,0.11510144174099,0.281078100204468,0.470336725274791,0.007529603949812114
Eswatini,2018,-2.433965196633636,10951.7490234375,9369.045530941143,7.39,10.154476512649376,9.487061458888409,10.006792665530957,85.4753716503961,Lower-middle-income countries,1.81096160411835,0.120559819042683,0.249931320548058,0.497268262277518,0.009225186217386244
Eswatini,2019,3.044182294888742,11395.98046875,9658.641913246667,7.12,10.921111660381387,10.154476512649376,9.487061458888409,86.6412229625686,Lower-middle-income countries,1.82367444038391,0.121904984116554,0.246917515993118,0.474548281936333,0.009319708141270894
Eswatini,2020,-3.108407494340959,11167.5576171875,9363.030174656189,5.52,10.956564605224775,10.921111660381387,10.154476512649376,84.3006119726657,Lower-middle-income countries,1.83647644519806,0.108519017696381,0.263122320175171,0.434034735427751,0.010836305772052857
Eswatini,2021,-0.7627880986079916,11211.51953125,9291.881795477017,7.05,9.947049857853925,10.956564605224775,10.921111660381387,90.3327981678426,Lower-middle-income countries,1.84936833381653,0.129280716180801,0.223756358027458,0.480185740179871,0.011556726694947395
Eswatini,2022,0.4792105105163813,11380.4384765625,9336.51633094173,6.98,10.546560345348299,9.947049857853925,10.956564605224775,92.6789042197449,Lower-middle-income countries,1.86235070228577,0.114816151559353,0.218394339084625,0.45257356688501,0.010162074001587001
Eswatini,2023,-0.06402486382803829,11481.2861328125,9330.540552270772,2.47,10.494372477562857,10.546560345348299,9.947049857853925,100.093236371966,Lower-middle-income countries,1.90974152088165,0.119438029825687,0.253988444805145,0.55575741379783,0.009462707319935287
Finland,1988,7.5823668971063185,143210.03125,28951.04124466202,4.96,6.033042328583631,,,48.1664472226205,High-income countries,2.9091010093689,0.347193270921707,0.189784750342369,0.653160786355644,0.0029094397064748367
Finland,2000,5.103023339472479,208732.578125,40325.431295957926,5.43,2.376546609879181,6.033042328583631,,74.9255788717317,High-income countries,3.13166737556458,0.267385810613632,0.166820794343948,0.547759237330105,0.0020665819360210502
Finland,2001,1.1257872772253208,211575.703125,40781.974904061724,2.97,2.4295563464077286,2.376546609879181,6.033042328583631,70.2841376639721,High-income countries,3.15149402618408,0.25798761844635,0.172446846961975,0.556576623909728,0.0022710939036965083
Finland,2002,-0.07781568882041512,211923.5625,40750.25247349028,0.67,2.5097489208606416,2.4295563464077286,2.376546609879181,69.3209377526273,High-income countries,3.17144656181335,0.238316059112549,0.183415591716766,0.614520942173033,0.002420943459360947
Finland,2003,-1.5111682056193843,209243.203125,40139.07718846604,0.62,2.475212350534827,2.5097489208606416,2.4295563464077286,68.0715029595159,High-income countries,3.19152498245239,0.250701427459717,0.177475735545158,0.721644968007903,0.0023832534079528678
Finland,2004,5.061998422374536,220749.25,42223.22130130976,1.37,2.1942968336132473,2.475212350534827,2.5097489208606416,70.967802899062,High-income countries,3.21173048019409,0.267227679491043,0.17706760764122,0.762582171848383,0.0029102309828801243
Finland,2005,0.689997833575795,223040.15625,42515.56804678234,1.35,2.18755365808993,2.1942968336132473,2.475212350534827,76.5889740444293,High-income countries,3.23206400871277,0.296508491039276,0.16905178129673,0.746705468437163,0.00342440781333897
Finland,2006,3.4717050627174117,231807.046875,44017.50371279585,1.29,1.9766721066419837,2.18755365808993,2.1942968336132473,82.0005669294983,High-income countries,3.25252652168274,0.280841797590256,0.17684642970562,0.789318734679848,0.00383645236616581
Finland,2007,7.993485915289611,252168.265625,47680.4864749627,5.04,1.910585026504619,1.9766721066419837,2.18755365808993,82.8631608209175,High-income countries,3.27311825752258,0.286412239074707,0.180792465806007,0.901049421607888,0.004256395154109471
Finland,2008,4.030410601165002,263763.78125,49641.45801248434,4.4,1.826020808718753,1.910585026504619,1.9766721066419837,86.1896598765527,High-income countries,3.2938404083252,0.295079290866852,0.196540385484695,0.943834670654554,0.004653243179169486
Finland,2009,-5.305505975459823,251333.984375,47076.374484533764,1.6,2.1357638498490643,1.826020808718753,1.910585026504619,70.1279335295898,High-income countries,3.31469392776489,0.268679589033127,0.219906702637672,0.829111652585019,0.00478379483248359
Finland,2010,1.290621114996604,255766.84375,47687.889798353644,1.95,2.0536605043994323,2.1357638498490643,1.826020808718753,75.4612085231229,High-income countries,3.33567929267883,0.282767236232758,0.211215049028397,0.803587504824911,0.004577382040184652
Finland,2011,4.89818231183019,269853.25,50081.88200936076,0.08,1.5263998378824886,2.0536605043994323,2.1357638498490643,78.7159444486606,High-income countries,3.35402321815491,0.299582779407501,0.218122348189354,0.879013406938747,0.004630206723720276
Finland,2012,-2.0687080261003743,265590.34375,49056.47698334549,0.12,1.7760144177751758,1.5263998378824886,2.0536605043994323,79.4303765882482,High-income countries,3.37246775627136,0.298021823167801,0.215060696005821,0.811818319541217,0.0047638481192988635
Finland,2013,-3.2648901205613257,258250.046875,47480.70056956606,1.35,1.8893377060183243,1.7760144177751758,1.5263998378824886,77.485171771574,High-income countries,3.39101386070251,0.283800929784775,0.229890108108521,0.905104982062554,0.004622130137091229
Finland,2014,-1.5846829112772909,255247.5,46734.21237845324,1.31,1.960974532369744,1.8893377060183243,1.7760144177751758,74.6277719754196,High-income countries,3.40966200828552,0.270878046751022,0.232853546738625,0.941771534174832,0.0041522022803910374
Finland,2015,1.904678669215798,261014.703125,47632.88015147498,5.46,2.377883336847895,1.960974532369744,1.8893377060183243,71.9618253787014,High-income countries,3.42841267585754,0.256212025880814,0.232806101441383,0.808702131955004,0.0032962901785924537
Finland,2016,2.979812433951068,269682.5,49073.609549976536,5.51,2.3547689963866496,2.377883336847895,1.960974532369744,71.7222101178859,High-income countries,3.44726634025574,0.270188242197037,0.229640617966652,0.81805049961887,0.002870477241278424
Finland,2017,3.051885264571652,278693.8125,50594.36767073391,1.69,2.1290057504930284,2.3547689963866496,2.377883336847895,75.9387822310041,High-income countries,3.46622395515442,0.278025656938553,0.230698570609093,0.846098279337394,0.0023495391749681627
Finland,2018,1.6250004508547633,283637.03125,51423.2427458457,1.73,2.0088741770674625,2.1290057504930284,2.3547689963866496,79.1436148422846,High-income countries,3.48528575897217,0.3017957508564,0.23358616232872,0.875319165214464,0.0013316243101264558
Finland,2019,4.427746422440393,296801.6875,53751.29329259027,0.2,2.08447826023762,2.0088741770674625,2.1290057504930284,80.5641502947367,High-income countries,3.50445199012756,0.281629741191864,0.235017195343971,0.827233701608686,0.0010913709311446418
Finland,2020,0.017351948121557825,297275.375,53760.620998362996,0.35,2.3300757323338224,2.08447826023762,2.0088741770674625,72.1845955995888,High-income countries,3.52372407913208,0.291434407234192,0.243972778320313,0.819062781610124,0.0014211813759148484
Finland,2021,2.8496852933340477,306502.71875,55314.667054678015,0.92,1.9952234635803847,2.3300757323338224,2.08447826023762,79.7892781913782,High-income countries,3.54863691329956,0.300645470619202,0.249240651726723,0.830093820415848,0.0020708749324429565
Finland,2022,0.4700272233762348,309515.3125,55575.27302807768,1.23,1.8844436594743297,1.9952234635803847,2.3300757323338224,94.5625340522667,High-income countries,3.57393145561218,0.337074607610703,0.246152624487877,0.782710437923299,0.005080667979779907
Finland,2023,-3.590169689093514,300309.875,53615.417987443725,4.87,1.8783009000655584,1.8844436594743297,1.9952234635803847,85.8773672749668,High-income countries,3.59961485862732,0.270756989717484,0.256599307060242,0.861774487861723,0.0057089892620254545
France,2000,4.896395611693549,2387058.5,38874.060543489366,1.1,2.9961520933688317,,,57.7860470318197,High-income countries,2.89169573783875,0.207703351974487,0.193539500236511,0.617851519649707,0.006827710838120282
France,2001,2.883476165843213,2474442.0,40011.30206312778,1.31,3.2545606609358617,2.9961520933688317,,56.8932328560722,High-income countries,2.90776181221008,0.199981734156609,0.196552395820618,0.61290949992502,0.007118299591372335
France,2002,0.9781320263417825,2516460.75,40404.58570379809,1.34,3.408685302253564,3.2545606609358617,2.9961520933688317,55.1325248503102,High-income countries,2.92391729354858,0.187749981880188,0.208437219262123,0.67090555628393,0.007057213733316026
France,2003,-5.528904141892355,2397495.25,38231.28825488486,1.37,3.4098980566889368,3.408685302253564,3.2545606609358617,52.5988822870657,High-income countries,2.94016242027283,0.196397542953491,0.209051966667175,0.822522014607543,0.006860137908732966
France,2004,2.151970932022529,2467092.75,39062.93072307976,1.25,3.1371830643552054,3.4098980566889368,3.408685302253564,53.7497648292028,High-income countries,2.95649790763855,0.228884980082512,0.191974148154259,0.819077465571922,0.007096177248001823
France,2005,1.3844894324037682,2519720.25,39607.51402120193,1.03,3.0877814459121926,3.1371830643552054,3.4098980566889368,55.8228361241299,High-income countries,2.97292399406433,0.247687250375748,0.178313925862312,0.770801601072296,0.007262556020982913
France,2006,2.9996110387751074,2614524.25,40813.58365245139,0.91,2.968455982408915,3.0877814459121926,3.1371830643552054,57.8692775292673,High-income countries,2.98944115638733,0.258233040571213,0.180483013391495,0.788197434807517,0.006938155955012348
France,2007,5.3492258538033965,2775842.0,43056.242113694156,0.95,2.874460221222722,2.968455982408915,3.0877814459121926,58.1525611309659,High-income countries,3.00605034828186,0.273895651102066,0.184183895587921,0.837749792892493,0.0063797162611543
France,2008,1.0229795041791334,2820596.75,43498.959237699215,0.72,2.7172651325038975,2.874460221222722,2.968455982408915,59.1797928411748,High-income countries,3.0227518081665,0.275339156389236,0.195498287677765,0.91229530675605,0.005764556398190734
France,2009,-1.3743416322119728,2796821.75,42905.22425030806,1.12,2.9829895164055706,2.7172651325038975,2.874460221222722,52.1991123027613,High-income countries,3.039546251297,0.241322919726372,0.214249461889267,0.852516327788401,0.0052786234775856755
France,2010,2.1084303724116182,2870613.25,43819.4551224128,1.05,2.99458306658219,2.9829895164055706,2.7172651325038975,56.587555247796,High-income countries,3.05643367767334,0.25350347161293,0.211075261235237,0.799297914893741,0.0049576959864525705
France,2011,3.146939567991147,2977157.75,45220.35400481571,0.85,2.856803017129203,2.99458306658219,2.9829895164055706,60.6056354816406,High-income countries,3.07526326179504,0.253154873847961,0.210874155163765,0.884158750481284,0.004973991632401642
France,2012,0.3445774811121183,3002521.5,45376.44192907362,0.4,2.7170673892901704,2.856803017129203,2.99458306658219,61.6589570771102,High-income countries,3.09420895576477,0.255180567502975,0.206817343831062,0.790845495874066,0.005037590618086618
France,2013,-1.315896770832481,2978669.0,44783.24627594348,0.42,2.7619737125339427,2.7170673892901704,2.856803017129203,61.8192338733962,High-income countries,3.11327147483826,0.24725466966629,0.210336655378342,0.856116363316273,0.005183088509279621
France,2014,-0.13704929766049645,2989263.75,44721.913189334795,0.46,2.9222360644143484,2.7619737125339427,2.7170673892901704,62.1992669379507,High-income countries,3.13245129585266,0.252964228391647,0.21221698820591,0.856719972949167,0.004921056152849879
France,2015,2.0573689238235104,3062349.5,45651.53804944177,0.72,3.1662869472197808,2.9222360644143484,2.7619737125339427,63.5046871956484,High-income countries,3.15174913406372,0.24926583468914,0.211423859000206,0.716951528914999,0.003581622944937024
France,2016,1.6562412949912897,3121818.5,46413.93380319196,1.1,3.2646149677940395,3.1662869472197808,2.9222360644143484,63.3427564383351,High-income countries,3.17116594314575,0.244704082608223,0.215230464935303,0.719837838423006,0.0026708398368455732
France,2017,1.8272952917985918,3189251.0,47269.84966969735,0.67,3.229754851592719,3.2646149677940395,3.1662869472197808,65.3958481559711,High-income countries,3.19070243835449,0.258188307285309,0.21988682448864,0.71802767697273,0.003097455478658695
France,2018,1.2672057414642168,3241286.25,47872.66732190747,0.64,3.210710746449721,3.229754851592719,3.2646149677940395,66.8022607812266,High-income countries,3.21035933494568,0.274394124746323,0.216451957821846,0.727049487986192,0.003512091360804881
France,2019,8.72289212513273,3547725.5,52236.09041329821,0.72,3.1678665466112563,3.210710746449721,3.229754851592719,66.4289771741449,High-income countries,3.23013734817505,0.287131488323212,0.214735642075539,0.632287120956094,0.0031075309069779067
France,2020,-5.885599695964494,3354157.5,49250.40772474432,0.92,3.3529607797518954,3.1678665466112563,3.210710746449721,58.8388907240647,High-income countries,3.25003695487976,0.279218733310699,0.232744053006172,0.661885497309667,0.002749924189919817
France,2021,3.7400425323937725,3491557.75,51127.27292588657,0.73,2.939374690935588,3.3529607797518954,3.1678665466112563,63.788482630872,High-income countries,3.27051472663879,0.278651863336563,0.233595922589302,0.728089049259223,0.00274693685862637
France,2022,0.9263323856623984,3534123.75,51603.08179634346,0.38,2.5165050889479645,2.939374690935588,3.3529607797518954,75.7901436111221,High-income countries,3.29128694534302,0.282902240753174,0.234028577804565,0.681705740787574,0.002854083069580682
France,2023,0.7632468574907847,3569986.75,51998.447585683454,0.42,2.757047573280706,2.5165050889479645,2.939374690935588,70.5595547931931,High-income countries,3.31235980987549,0.271760582923889,0.233455628156662,0.737637770328663,0.0024640254628058855
Gabon,1995,0.11638024493070276,11456.845703125,10200.065083937774,12.5,16.280079327676876,,,95.1346961861668,Upper-middle-income countries,1.93304669857025,0.0735424309968948,0.107811734080315,1.33199257003198,0.025694705489401906
Gabon,1998,-13.144207765145488,9897.9775390625,8168.427395952996,18.36,15.374176509143576,16.280079327676876,,95.9747826086956,Upper-middle-income countries,2.04470276832581,0.175433978438377,0.231148615479469,0.982066896087724,0.025320855111153978
Gabon,2000,22.357904021278685,14651.95703125,11486.577810778224,18.14,14.587385830890534,15.374176509143576,16.280079327676876,101.701928939637,Upper-middle-income countries,2.12270069122314,0.0877884700894356,0.163669422268868,0.836597680355425,0.025854020928764737
Gabon,2001,-4.152308722827058,14430.8671875,11019.38637809267,14.08,16.146972100603502,14.587385830890534,15.374176509143576,83.6386132424108,Upper-middle-income countries,2.15596961975098,0.129858687520027,0.217674016952515,0.694499123887076,0.026318642070048054
Gabon,2002,0.1852325154811041,14850.0439453125,11039.816780704168,12.14,14.722788533824733,16.146972100603502,14.587385830890534,84.7590815376223,Upper-middle-income countries,2.18976020812988,0.173024758696556,0.234628319740295,0.612744446856396,0.026781032235896784
Gabon,2003,10.007920408098414,16867.228515625,12201.850845028393,21.15,16.76992161450695,14.722788533824733,16.146972100603502,80.3026082056312,Upper-middle-income countries,2.22408032417297,0.162264212965965,0.252139687538147,0.58688846785686,0.02729056966795168
Gabon,2004,16.928226267468816,20545.85546875,14452.536153576688,21.15,16.76992161450695,16.76992161450695,14.722788533824733,81.7675371418698,Upper-middle-income countries,2.25893831253052,0.169852882623672,0.251000791788101,0.511610604956244,0.02800437930097166
Gabon,2005,32.398110946250114,29244.1171875,19982.382712274386,13.18,16.284142818245073,16.76992161450695,16.76992161450695,83.9495998399241,Upper-middle-income countries,2.29434251785278,0.199980586767197,0.245189934968948,0.370975772252905,0.02903808194356372
Gabon,2006,-10.191219644158522,27219.8515625,18046.266558799525,12.29,14.780565749217335,16.284142818245073,16.76992161450695,88.6494092562519,Upper-middle-income countries,2.32480835914612,0.212474375963211,0.229926288127899,0.445493621108067,0.03018030874345695
Gabon,2007,-4.76913340412306,26776.328125,17205.816418064856,11.77,14.24608769891599,14.780565749217335,16.284142818245073,85.1324791636578,Upper-middle-income countries,2.35567855834961,0.215464249253273,0.197598502039909,0.528916779808697,0.03126300836228463
Gabon,2008,-0.295686550189167,27571.11328125,17155.016274674505,10.42,14.451603128367667,14.24608769891599,14.780565749217335,88.9988725945748,Upper-middle-income countries,2.38695883750916,0.188433066010475,0.152407214045525,0.669860459217612,0.03220725161278232
Gabon,2009,-23.684784782482637,22492.845703125,13537.217946987643,12.35,14.745564969424848,14.451603128367667,14.24608769891599,83.5045774235636,Upper-middle-income countries,2.41865420341492,0.274869650602341,0.222178086638451,0.594113884617931,0.033276533333310154
Gabon,2010,13.590765033041485,26671.734375,15507.913274712932,13.79,15.02674871232282,14.745564969424848,14.451603128367667,89.1576627248353,Upper-middle-income countries,2.45077061653137,0.296980381011963,0.190229922533035,0.602007972241549,0.034499426785128184
Gabon,2011,14.22713102855031,31859.947265625,17878.908781850016,21.05,15.109827831765475,15.02674871232282,14.745564969424848,90.4983773331323,Upper-middle-income countries,2.51047468185425,0.238968208432198,0.134121686220169,0.595670510692977,0.035473971991215825
Gabon,2012,-3.25172476364628,31963.8984375,17306.886573854736,20.43,15.175797020785918,15.109827831765475,15.02674871232282,92.3428089420545,Upper-middle-income countries,2.56782054901123,0.27460902929306,0.160314172506332,0.55311875263455,0.035774690451072844
Gabon,2013,-3.312267966488136,32030.396484375,16743.025951826367,11.79,14.355108785770947,15.175797020785918,15.109827831765475,90.6350361478645,Upper-middle-income countries,2.60977125167847,0.27497386932373,0.177206769585609,0.599340328601355,0.035200929636714284
Gabon,2014,-0.04601102149095482,33109.1484375,16735.32408654675,10.52,11.499716961121925,14.355108785770947,15.175797020785918,73.5203290162438,Upper-middle-income countries,2.65240740776062,0.321669965982437,0.203743189573288,0.619345365020671,0.03358440017342512
Gabon,2015,-2.2040493115637716,33412.01953125,16370.504461929975,12.18,14.549105404379722,11.499716961121925,14.355108785770947,73.9497814588281,Upper-middle-income countries,2.69573998451233,0.259351193904877,0.212567910552025,0.495889085571224,0.031146562532255784
Gabon,2016,-3.9665853042363253,33045.9296875,15733.864345243028,11.13,16.971673532353165,14.549105404379722,11.499716961121925,70.1333810645308,Upper-middle-income countries,2.73978066444397,0.229693219065666,0.222268357872963,0.511021000125817,0.028648554101555423
Gabon,2019,3.597655215595452,38382.2578125,16925.58815494601,10.75,15.133979212326457,16.971673532353165,14.549105404379722,73.4280894486644,Upper-middle-income countries,2.87626695632935,0.190338462591171,0.182495251297951,0.507070259058633,0.02472791320381762
Gabon,2022,11.94925023316209,52044.609375,21410.95283672056,12.82,16.703651641461924,15.133979212326457,16.971673532353165,92.0630888496921,Upper-middle-income countries,2.99687314033508,0.150685727596283,0.180638819932938,0.4208759300587,0.02247639012537972
Gabon,2023,-9.20212858455045,48524.51171875,19528.624651328544,20.96,14.447330954920261,16.703651641461924,15.133979212326457,90.9932336284568,Upper-middle-income countries,3.03540754318237,0.166145950555801,0.193824574351311,0.434884826505822,0.021989128966951044
Georgia,1999,3.727599774846624,17262.484375,3874.3491873005173,11.99,10.167694136578914,,,57.1518743274472,Low-income countries,,0.143514439463615,0.141807153820992,0.291242903420437,-0.02676589035498278
Georgia,2001,7.8702086549887085,18278.7578125,4342.1231224029825,11.54,9.674908199074318,10.167694136578914,,63.3299250824094,Low-income countries,,0.168850854039192,0.0933505222201347,0.287501042290969,-0.027812072164952406
Georgia,2002,9.338320375383802,19678.021484375,4767.140412790352,7.93,10.40977315726455,9.674908199074318,10.167694136578914,71.6291255364807,Low-income countries,,0.155637934803963,0.0820024088025093,0.275448327139153,-0.019620461866920458
Georgia,2003,10.155268671287487,21557.833984375,5276.691638265292,9.92,9.053387200590315,10.40977315726455,9.674908199074318,77.6333765369391,Lower-middle-income countries,,0.194741129875183,0.0748777166008949,0.285971839748491,-0.010315762505247683
Georgia,2004,7.615839092532184,23096.3125,5694.254639894302,10.61,9.035828450531072,9.053387200590315,10.40977315726455,79.0407459055607,Lower-middle-income countries,,0.197812810540199,0.095888152718544,0.338628577383014,-0.007224694622036898
Georgia,2005,10.241239382079037,25398.140625,6308.324449701214,2.9,8.217656145884087,9.035828450531072,9.053387200590315,84.5295975354749,Lower-middle-income countries,,0.209609970450401,0.111721530556679,0.376427008961536,-0.0074093989665469095
Georgia,2006,13.063824862316586,28730.236328125,7188.685639367401,10.88,8.33629699941724,8.217656145884087,9.035828450531072,89.125374368197,Lower-middle-income countries,,0.179289475083351,0.103955142199993,0.423590342683729,-0.007364117439596862
Georgia,2007,13.76655767372128,32731.33203125,8249.676007664602,1.52,1.098740768887646,8.33629699941724,8.217656145884087,88.3934140686603,Lower-middle-income countries,,0.182919815182686,0.164210855960846,0.500712778911533,-0.007282890277228171
Georgia,2008,7.567011512724342,35069.3671875,8898.155809976415,3.4,1.1418486509846184,1.098740768887646,8.33629699941724,86.2982243681487,Lower-middle-income countries,,0.146157473325729,0.214068934321404,0.609862356633282,-0.006674880654925719
Georgia,2009,2.7648966901530514,35848.95703125,9147.613355559577,1.24,1.1809476414765034,1.1418486509846184,1.098740768887646,78.1930390303569,Lower-middle-income countries,,0.0668422132730484,0.21565443277359,0.543211109935756,-0.005662512573000322
Georgia,2010,5.617419368070564,37697.671875,9676.180079185302,3.72,1.164751786463049,1.1809476414765034,1.1418486509846184,81.6733870603639,Lower-middle-income countries,,0.109439894556999,0.218903973698616,0.582956736980513,-0.005890329161586827
Georgia,2011,8.67924448905697,40828.6640625,10553.522055980215,2.1,1.9341191408584206,1.164751786463049,1.1809476414765034,85.4659350932986,Lower-middle-income countries,,0.119805082678795,0.216228678822517,0.677651499338178,-0.007006398170424477
Georgia,2012,5.939161057031406,42996.44140625,11199.299805129078,1.9,1.7170451641174844,1.9341191408584206,1.164751786463049,89.7348800946338,Lower-middle-income countries,,0.155443519353867,0.200852170586586,0.623619771680338,-0.007658641584044279
Georgia,2013,4.48563973586289,44616.65234375,11713.097455124209,0.12,2.127822475665403,1.7170451641174844,1.9341191408584206,93.8139137895532,Lower-middle-income countries,,0.137646615505219,0.214897349476814,0.595197033716009,-0.007866591356839647
Georgia,2014,5.139828030356419,46769.95703125,12330.870768361336,4.66,2.0467110282443,2.127822475665403,1.7170451641174844,94.9506979383393,Lower-middle-income countries,,0.172253385186195,0.22415217757225,0.537733103083367,-0.004264387567334271
Georgia,2015,5.39446263897041,49344.7578125,13014.323557135785,1.72,1.7885133851005228,2.0467110282443,2.127822475665403,97.0163115086257,Upper-middle-income countries,,0.184321090579033,0.217941343784332,0.4093343953751,-0.000354143835935794
Georgia,2016,5.584737092603831,52185.59765625,13761.817835610067,3.71,2.0386995534026293,1.7885133851005228,2.0467110282443,94.9262528383443,Lower-middle-income countries,,0.206693410873413,0.230727806687355,0.374063341670047,0.00012764335830128815
Georgia,2017,8.590598461817578,56878.875,14996.306216497898,1.71,1.91031295709515,2.0386995534026293,1.7885133851005228,102.584277697146,Lower-middle-income countries,,0.188911631703377,0.220536604523659,0.343757277575054,0.00021147234932827885
Georgia,2018,4.445218076657298,59495.94140625,15677.963055521957,2.82,1.8995536180549963,1.91031295709515,2.0386995534026293,109.847740556266,Upper-middle-income countries,,0.213517591357231,0.212129846215248,0.351068694083097,0.0005319109804504674
Georgia,2019,8.264094985741721,64653.0390625,17028.64709675873,1.56,1.8035248477907937,1.8995536180549963,1.91031295709515,117.810080239714,Upper-middle-income countries,,0.209842085838318,0.206922695040703,0.310650703992675,0.00048606361751302174
Georgia,2020,-3.4187907541632256,62462.86328125,16456.312490482596,2.55,1.8793351679424342,1.8035248477907937,1.8995536180549963,92.8910841752194,Upper-middle-income countries,,0.206439182162285,0.225406661629677,0.267284437207255,-0.000275011855692453
Georgia,2021,6.340488692738866,66424.8515625,17533.51213002359,0.07,2.001941234771305,1.8793351679424342,1.8035248477907937,101.60090754891,Upper-middle-income countries,,0.160200372338295,0.230880007147789,0.317321413248401,-0.0019058225901664727
Georgia,2022,9.284269853703897,73009.109375,19239.332034445175,2.2,2.19974592137553,2.001941234771305,1.8793351679424342,114.695437688718,Upper-middle-income countries,,0.20326729118824,0.210610136389732,0.355051210151169,0.0016702638049084229
Germany,2000,0.9805267159215703,3374667.25,41256.483805361786,1.1,3.117518961946596,,,59.1955992975405,High-income countries,3.56631898880005,0.237588465213776,0.146213740110397,0.595997595466341,0.0014555207141686566
Germany,2001,1.4587399244001986,3429975.25,41862.71955736018,1.38,3.2617741565641447,3.117518961946596,,59.5592863682118,High-income countries,3.57492637634277,0.224828809499741,0.147844180464745,0.5846883779166,0.0016689192930403607
Germany,2002,-0.4435117853779147,3420399.75,41677.46457994038,1.49,3.376041569051733,3.2617741565641447,3.117518961946596,58.3325687248129,High-income countries,3.58355450630188,0.198769673705101,0.152978777885437,0.622707001055214,0.0016395026541982105
Germany,2003,0.23542090195647347,3430270.0,41775.697628161375,1.56,3.353149266419352,3.376041569051733,3.2617741565641447,58.9145442942507,High-income countries,3.59220337867737,0.198600709438324,0.152539849281311,0.721395130255774,0.0005273360526203419
Germany,2004,1.8022419949408786,3491848.0,42535.422269174014,1.13,2.935379817036225,3.353149266419352,3.376041569051733,62.9064909465164,High-income countries,3.60087323188782,0.199520483613014,0.145651310682297,0.765858371825384,-0.00023028626455268153
Germany,2005,0.9373457329388657,3522758.5,42936.00070428156,0.93,2.763128172000901,2.935379817036225,3.353149266419352,66.9531024934321,High-income countries,3.60956406593323,0.198592945933342,0.143700301647186,0.740098577098102,-0.0005602188173980949
Germany,2006,4.854947718289715,3682467.25,45071.951201764765,0.8,2.6582035196614937,2.763128172000901,2.935379817036225,72.7591934646234,High-income countries,3.61827564239502,0.20874497294426,0.146646484732628,0.757374882218377,-0.00421084876042066
Germany,2007,5.348009663801712,3865585.0,47548.02367796461,0.85,2.6744894601166673,2.6582035196614937,2.763128172000901,74.8838416816798,High-income countries,3.62700843811035,0.215504065155983,0.147549420595169,0.833432896633206,-0.004950043608338284
Germany,2008,2.1530943400605906,3940595.0,48582.87820371885,0.7,2.5040685947431247,2.6744894601166673,2.6582035196614937,76.1014102128448,High-income countries,3.63576221466064,0.222388610243797,0.158477425575256,0.882848088306834,-0.002312245193968998
Germany,2009,-3.7274843283778836,3788199.75,46805.29442270561,1.03,2.660248010274241,2.5040685947431247,2.6744894601166673,66.1152685310257,High-income countries,3.64453721046448,0.192412778735161,0.174773782491684,0.840891026819413,-0.0021659776067401992
Germany,2010,5.296071861382146,3989083.0,49350.95137598576,0.87,2.635151559575298,2.660248010274241,2.5040685947431247,73.8626407651201,High-income countries,3.65333318710327,0.208787187933922,0.173772230744362,0.802592875480031,-0.0012902449332639065
Germany,2011,5.005176067153272,4195223.0,51883.91423697339,0.72,2.6442147216660272,2.635151559575298,2.660248010274241,78.4073134605377,High-income countries,3.65577626228333,0.223236590623856,0.165447592735291,0.860213436859242,0.0003333564301666314
Germany,2012,0.5007370827325275,4219334.0,52144.36778506802,0.32,2.576082459411284,2.6442147216660272,2.635151559575298,79.3004877909427,High-income countries,3.65822052955627,0.216186225414276,0.161698371171951,0.772075282013695,0.0007234278321552878
Germany,2013,-0.7880506099098739,4192691.0,51735.05867642119,0.35,2.611399129221924,2.576082459411284,2.6442147216660272,77.5643815741748,High-income countries,3.66066670417786,0.217084497213364,0.163485467433929,0.827333226313523,0.0015459816320086972
Germany,2014,2.4451188068184138,4314204.5,53015.63432399299,0.39,2.74212525469509,2.611399129221924,2.576082459411284,76.8303312709159,High-income countries,3.66311454772949,0.221862956881523,0.16363188624382,0.831515033675594,0.004118991356085289
Germany,2015,1.5709986235927786,4420293.5,53855.08583041282,0.59,2.936964619391955,2.74212525469509,2.611399129221924,77.791356764377,High-income countries,3.66556406021118,0.213471904397011,0.168269395828247,0.709277270001841,0.008583159719032452
Germany,2016,2.7206108030769727,4579976.0,55340.386119872106,0.72,3.0095340264267416,2.936964619391955,2.74212525469509,75.9845875141969,High-income countries,3.66801500320435,0.21159616112709,0.172066181898117,0.719620214755153,0.008281553306945355
Germany,2017,3.3544098649702647,4755894.0,57228.21524117363,0.56,2.9940721062379816,3.0095340264267416,2.936964619391955,77.5666369468435,High-income countries,3.67046761512756,0.224437117576599,0.17396554350853,0.726305545131714,0.004146834356099305
Germany,2018,1.4427036638799962,4840361.5,58059.83326677143,0.55,2.860060279225568,2.9940721062379816,3.0095340264267416,79.227659692288,High-income countries,3.67292213439941,0.237154126167297,0.172142446041107,0.760830386752353,0.0031776804397276592
Germany,2019,3.7570711220405784,5037171.5,60282.677957154825,0.58,2.8990887561043954,2.860060279225568,2.9940721062379816,79.1337471144706,High-income countries,3.67537784576416,0.229864850640297,0.179177686572075,0.733216027228749,0.0022845949859364723
Germany,2020,-3.2248513019530023,4881379.5,58369.66296310592,0.82,2.888182388686615,2.8990887561043954,2.860060279225568,72.9932572283324,High-income countries,3.67783570289612,0.232477098703384,0.197468385100365,0.758968519283997,0.0008316631347380365
Germany,2021,2.3500832678990946,5001540.5,59757.64412243614,0.58,2.525713642658531,2.888182388686615,2.8990887561043954,80.15661805106,High-income countries,3.68691277503967,0.239040970802307,0.199458777904511,0.810158208849633,0.000817267958479917
Germany,2022,-0.4071993237692695,5004375.5,59514.80615249868,0.38,2.604036809880734,2.525713642658531,2.888182388686615,89.0641273695259,High-income countries,3.69603681564331,0.237696930766106,0.196610376238823,0.787622580206872,0.0046386580139845535
Germany,2023,0.5677246710657613,5060520.0,59853.64732231949,0.5,2.812038250403233,2.604036809880734,2.525713642658531,82.7991064495705,High-income countries,3.70520830154419,0.232496812939644,0.196919783949852,0.830124620966303,0.0054793683496559
Greece,2000,2.0426667743537408,303814.1875,28176.247039800564,0.44,2.860622726596048,,,59.1126577488086,High-income countries,2.72921085357666,0.257308453321457,0.198569789528847,0.443259630147759,0.005084391266989563
Greece,2001,6.046666274272816,324563.375,29932.53399100115,0.6,2.8116974739585867,2.860622726596048,,56.8576339551067,High-income countries,2.74976444244385,0.237389042973518,0.207064479589462,0.451868305313288,0.005597865592092965
Greece,2002,6.487744869605905,347823.28125,31938.859382467952,1.03,2.7744227007399536,2.8116974739585867,2.860622726596048,50.0533371904633,High-income countries,2.77047252655029,0.220396399497986,0.211007878184319,0.486286584776702,0.004336272060238677
Greece,2003,1.2539719955638517,353123.9375,32341.885370213466,0.86,2.5895492180009994,2.7744227007399536,2.8116974739585867,47.8943121550822,High-income countries,2.79133677482605,0.269123494625092,0.207013785839081,0.580977578261991,0.0025848347969437135
Greece,2004,5.542609512498764,374236.53125,34185.07844125047,0.84,2.633987848964398,2.5895492180009994,2.7744227007399536,49.825317672568,High-income countries,2.81235814094543,0.279440850019455,0.207678750157356,0.616997358986647,0.0026428458365672647
Greece,2005,-4.152430157471976,360128.84375,32794.63531024555,0.6,2.4973992928860023,2.633987848964398,2.5895492180009994,50.3555334391407,High-income countries,2.83353781700134,0.259023129940033,0.194784700870514,0.620503059346868,0.0030981342915756827
Greece,2006,8.408723496174275,392960.96875,35671.50459195961,0.52,2.256504117446756,2.4973992928860023,2.633987848964398,51.1047465834807,High-income countries,2.85487699508667,0.312539905309677,0.199790686368942,0.62662705653163,0.0031611890925486996
Greece,2007,4.215845570983312,410984.375,37207.51046308634,0.47,2.3312610167899472,2.256504117446756,2.4973992928860023,54.5256818189044,High-income countries,2.87637662887573,0.332253187894821,0.198381781578064,0.68169057679488,0.0026864502527819134
Greece,2008,3.512411930929815,426876.21875,38537.614116151206,0.33,2.051065130371057,2.3312610167899472,2.256504117446756,57.1052836264926,High-income countries,2.89803862571716,0.312660068273544,0.212906181812286,0.728011216102198,0.0028147693209867874
Greece,2009,-1.960822903106063,419766.375,37789.32008794688,0.49,2.136288492091266,2.051065130371057,2.3312610167899472,46.3779593986083,High-income countries,2.9198637008667,0.242550134658813,0.241034880280495,0.668450476505594,0.002812450171825631
Greece,2010,-7.077315853960542,391669.5625,35207.29716027532,0.31,1.748236786442278,2.136288492091266,2.051065130371057,50.9225173052303,High-income countries,2.94185280799866,0.218567848205566,0.242495700716972,0.68647525754787,0.0014933835264550055
Greece,2011,-12.20415501870189,346178.09375,31162.3868109049,0.32,1.7010173946679805,1.748236786442278,2.136288492091266,56.2929962856516,High-income countries,2.96274542808533,0.166580066084862,0.252338975667954,0.759619045402322,-0.0014236168581232
Greece,2012,-5.893691121704947,324586.25,29378.84640693073,0.05,1.146673466824462,1.7010173946679805,1.748236786442278,62.3942789758861,High-income countries,2.98378658294678,0.155058681964874,0.250338762998581,0.641718886751298,-0.0054651588818379615
Greece,2013,-1.469506158695566,317513.34375,28950.27907352059,0.06,1.2135980665812216,1.146673466824462,1.7010173946679805,62.9547463104465,High-income countries,3.00497674942017,0.166741475462914,0.226599738001823,0.583371164736747,-0.007336387760184859
Greece,2014,0.9800254975113276,318466.0,29235.394007582367,0.06,1.3426013048483814,1.2135980665812216,1.146673466824462,66.4335682565667,High-income countries,3.02631759643555,0.170917928218842,0.224822089076042,0.568620918293202,-0.0068043810622580025
Greece,2015,1.1037154839707242,319864.34375,29559.856857602364,0.11,1.7019383776150736,1.3426013048483814,1.2135980665812216,65.2718011391214,High-income countries,3.04781031608582,0.163817718625069,0.22563898563385,0.478811209890789,-0.006655893630645782
Greece,2016,-0.13335450269575944,318097.875,29520.46372958518,0.13,1.8270245610443547,1.7019383776150736,1.3426013048483814,63.6576625890375,High-income countries,3.06945538520813,0.161117270588875,0.227885603904724,0.504699741049799,-0.00420431666005916
Greece,2017,1.6302093373866455,322666.78125,30005.653142088282,0.13,1.6256089113922245,1.8270245610443547,1.7019383776150736,70.8826066741577,High-income countries,3.09125423431397,0.158807039260864,0.228835761547089,0.498287016439358,-0.0020410580953944546
Greece,2018,0.6102488048005839,323956.90625,30189.32213067304,0.09,1.6117589151216225,1.6256089113922245,1.8270245610443547,79.2381636063709,High-income countries,3.11320781707764,0.17774099111557,0.224294945597649,0.517072799128196,-0.0021121402249546506
Greece,2019,5.941415003025874,343394.78125,32037.350973674114,0.15,1.965547784907437,1.6117589151216225,1.6256089113922245,80.590100891173,High-income countries,3.13531756401062,0.163068011403084,0.224298641085625,0.477988435909572,-0.0011439005192430685
Greece,2020,-10.028096593787694,310072.53125,28980.450272347833,0.18,2.1090194581610646,1.965547784907437,1.6117589151216225,70.2937864486395,High-income countries,3.15758395195007,0.182838976383209,0.263243317604065,0.488973586544571,-0.0017935432319720057
Greece,2021,9.291556769516873,336453.84375,31802.249994116013,0.12,1.7701755313368615,2.1090194581610646,1.965547784907437,88.0126627401059,High-income countries,3.18556451797485,0.227697640657425,0.252319395542145,0.525365941277414,-0.01126083558079305
Greece,2022,7.051483245389889,355333.5625,34125.737816543224,0.11,1.512101083695749,1.7701755313368615,2.1090194581610646,107.679207902405,High-income countries,3.21412491798401,0.24810779094696,0.237923949956894,0.520968481171429,-0.015918845462727038
Greece,2023,8.003039879551288,378671.03125,36969.094250382805,0.15,1.5809317316174027,1.512101083695749,1.7701755313368615,92.1562900262242,High-income countries,3.24328017234802,0.237013339996338,0.235378801822662,0.49184246066141,-0.01641952305237737
Guatemala,1995,3.8787147685967582,51166.50390625,4961.361752322022,8.19,8.631477556838666,,,44.6894303422515,Lower-middle-income countries,1.5795042514801,0.116358630359173,0.0968840345740318,0.386080191398068,0.026457483036247176
Guatemala,1997,3.303400772014342,56393.67578125,5193.861988515305,7.13,6.80641466709762,8.631477556838666,,41.5519511569592,Lower-middle-income countries,1.60785043239594,0.114241927862167,0.092679038643837,0.400422408799197,0.025580837891212127
Guatemala,1998,3.66529402469542,60015.0859375,5387.764136071485,9.84,6.983389734807648,6.80641466709762,8.631477556838666,44.4237399632554,Lower-middle-income countries,1.62221384048462,0.151511996984482,0.0965259596705437,0.395110152331032,0.025586001984329698
Guatemala,1999,1.5082718543972362,62479.53125,5469.642185719732,4.62,5.935085114121389,6.983389734807648,6.80641466709762,46.3605068544295,Lower-middle-income countries,1.63670551776886,0.146450266242027,0.099239893257618,0.36478599557647,0.02516032164858073
Guatemala,2000,2.254822780714427,65440.703125,5594.3738784016405,7.17,5.81039378455122,5.935085114121389,6.983389734807648,49.1455879049537,Lower-middle-income countries,1.65132653713226,0.154649078845978,0.10273838788271,0.356680553780898,0.023757205902290135
Guatemala,2001,1.994671474689369,68310.4921875,5707.083615858811,6.9,6.516313582105998,5.81039378455122,5.935085114121389,70.6690331769476,Lower-middle-income countries,1.64411735534668,0.163425505161285,0.102480381727219,0.345246310965178,0.022972222363169426
Guatemala,2002,2.6734793241852017,71787.9765625,5861.719180912091,5.23,6.105175714973588,6.516313582105998,5.81039378455122,67.1048115244645,Lower-middle-income countries,1.63693964481354,0.180018812417984,0.0983873978257179,0.348942820787566,0.022918837520967905
Guatemala,2003,1.1606612899560886,74280.125,5930.150244590343,7.76,6.528764516519629,6.105175714973588,6.516313582105998,67.0023391862425,Lower-middle-income countries,1.62979328632355,0.177288353443146,0.0954105705022812,0.354706155330448,0.022519801720448207
Guatemala,2004,1.7404611983783624,77283.265625,6034.265624285082,8.93,6.163408185640671,6.528764516519629,6.105175714973588,70.2148723581872,Lower-middle-income countries,1.62267804145813,0.183119013905525,0.0861524492502213,0.369622306962768,0.022229414775107426
Guatemala,2005,1.9563294067431514,80534.4375,6153.478028755247,8.42,5.679456108721912,6.163408185640671,6.528764516519629,67.1036996082037,Lower-middle-income countries,1.61559391021729,0.180507972836494,0.0873521566390991,0.384390681549687,0.021644147846199946
Guatemala,2006,4.553161260817795,86088.203125,6440.132199021519,10.77,5.383439928825725,5.679456108721912,6.163408185640671,67.9119237396616,Lower-middle-income countries,1.64715230464935,0.193549782037735,0.0873987823724747,0.395212836497896,0.021155887813991026
Guatemala,2007,5.81849534344947,93188.375,6825.967034963273,9.31,5.305838024806089,5.383439928825725,5.679456108721912,69.0013643101763,Lower-middle-income countries,1.67932713031769,0.200314879417419,0.0882688835263252,0.4016855013416,0.021065640318205237
Guatemala,2008,2.8274427259832535,97848.9140625,7021.721728232457,7.83,5.09388935536182,5.305838024806089,5.383439928825725,65.1787305213103,Lower-middle-income countries,1.71139764785767,0.165338650345802,0.0945256128907204,0.42154546025417,0.0205271863868286
Guatemala,2009,3.433418230126506,103304.75,7266.9933075686995,8.77,5.407739333749371,5.09388935536182,5.305838024806089,58.0406869738673,Lower-middle-income countries,1.7365345954895,0.135558843612671,0.105399318039417,0.381101369412516,0.019924579543288523
Guatemala,2010,2.811832686238702,108377.15625,7474.228905956037,7.93,5.257490858553698,5.407739333749371,5.09388935536182,63.1251925746222,Lower-middle-income countries,1.76204073429108,0.143334090709686,0.109619669616222,0.400635411275441,0.019815646590712888
Guatemala,2011,4.941688574656666,116160.5,7852.86036638682,7.95,5.1057293738507,5.257490858553698,5.407739333749371,65.0470510420457,Lower-middle-income countries,1.78243923187256,0.164371684193611,0.106736861169338,0.409431090572264,0.019938638631817884
Guatemala,2012,3.2613342483506003,122425.1796875,8113.190433646328,8.58,7.155847187100424,5.1057293738507,5.257490858553698,61.9594193352042,Lower-middle-income countries,1.80307400226593,0.164962068200111,0.104404918849468,0.407271209902016,0.019913867364210525
Guatemala,2013,1.876602365599922,127205.2734375,8266.880320974318,9.15,5.418547273299592,7.155847187100424,5.1057293738507,56.6852212560209,Lower-middle-income countries,1.82394754886627,0.152659565210342,0.106038652360439,0.425710095666702,0.019536018909998898
Guatemala,2014,5.352700213274275,136767.203125,8721.438688983515,9.05,4.837784089665386,5.418547273299592,7.155847187100424,55.0832793127032,Lower-middle-income countries,1.84506285190582,0.146810099482536,0.103978417813778,0.425336606494578,0.018951123185748653
Guatemala,2015,6.06962756604652,148013.21875,9267.192613229501,9.05,4.835662323315429,4.837784089665386,5.418547273299592,49.8934532700313,Lower-middle-income countries,1.86642253398895,0.147235721349716,0.102952107787132,0.420532385575214,0.018325076786461558
Guatemala,2020,-0.37976859114685624,182182.65625,10496.009969854225,8.78,5.71792658732285,4.835662323315429,4.837784089665386,41.1407616494521,Upper-middle-income countries,1.97698783874512,0.157459333539009,0.0980105772614479,0.368976567108657,0.014713771054651215
Guatemala,2021,7.932138021850221,199964.28125,11362.47844294875,8.51,5.629653588111252,5.71792658732285,4.835662323315429,49.2611509459613,Upper-middle-income countries,1.98757970333099,0.194159433245659,0.090937502682209,0.365471402536606,0.013807587059317061
Guatemala,2022,-0.07318777436591262,202647.75,11354.165540248849,30.1,6.661817096994591,5.629653588111252,5.71792658732285,54.4310414653089,Upper-middle-income countries,1.99822843074799,0.189701795578003,0.0943808034062386,0.395911552294421,0.01406237102131458
Guatemala,2023,5.096167373849703,216551.765625,11947.790409216346,30.18,6.844664767017315,6.661817096994591,5.629653588111252,48.2970689182759,Upper-middle-income countries,2.0405638217926,0.197163671255112,0.0929117500782013,0.394879489904358,0.015398697191738364
Guinea-Bissau,2001,-1.2986919112162987,2344.23071289063,1858.6227667528203,17.34,12.798016839264724,,,47.5832172774612,Low-income countries,,0.0525365695357323,0.257810741662979,0.216104313171586,0.0212602969093669
Guinea-Bissau,2002,-4.084045893809396,2300.439453125,1784.2449107349917,8.51,12.798016839264724,12.798016839264724,,39.6760635550924,Low-income countries,,0.0665415450930595,0.252443432807922,0.243382420606882,0.021983336326122455
Guinea-Bissau,2003,-2.86720631495605,2286.5634765625,1733.8133710056672,14.82,13.283577992892418,12.798016839264724,12.798016839264724,38.0334709318917,Low-income countries,,0.0763164237141609,0.29493510723114,0.28406463565861,0.02262191707298772
Guinea-Bissau,2004,1.000178768730109,2363.41088867188,1751.241615746638,15.14,13.933722154805475,13.283577992892418,12.798016839264724,43.192131633446,Low-income countries,,0.0533174946904182,0.246577650308609,0.316070289483247,0.02305405454765508
Guinea-Bissau,2005,-2.690353079384167,2355.26416015625,1704.7551617571485,8.71,11.617133121195334,13.933722154805475,13.283577992892418,45.7842315450716,Low-income countries,,0.0512059070169926,0.288335263729095,0.314616380247508,0.023450554470695495
Guinea-Bissau,2006,-6.112115729457379,2269.69165039063,1603.6789651337065,10.34,13.812078716052808,11.617133121195334,13.933722154805475,48.7605033860226,Low-income countries,,0.049380075186491,0.257632851600647,0.3297018366188,0.024112251633370774
Guinea-Bissau,2007,-0.3344445001799201,2319.146484375,1598.3245078691316,8.77,13.365036160956192,13.812078716052808,11.617133121195334,46.2445284700147,Low-income countries,,0.0671322047710419,0.244484513998032,0.353315920405293,0.024899682889892638
Guinea-Bissau,2008,-1.2432820040414683,2349.00610351563,1578.575847056377,17.73,13.377488132713312,13.365036160956192,13.812078716052808,45.1388893744724,Low-income countries,,0.0530778877437115,0.185574263334274,0.428996945501783,0.025225900737762597
Guinea-Bissau,2009,-4.693792728286628,2299.01806640625,1506.1928123957907,12.74,11.618743117787986,13.377488132713312,13.365036160956192,43.5957474099206,Low-income countries,,0.0543045550584793,0.23126195371151,0.399881066736519,0.02542772738918475
Guinea-Bissau,2010,2.1244989917247104,2409.87841796875,1538.5341932335236,8.46,13.846570337969753,11.618743117787986,13.377488132713312,43.5145876385454,Low-income countries,,0.0546889491379261,0.21508963406086,0.413389565810446,0.02584920321101014
Guinea-Bissau,2011,9.714353523501096,2726.48193359375,1695.4932065361027,13.96,13.217843476152327,13.846570337969753,11.618743117787986,48.6174602066373,Low-income countries,,0.0472172982990742,0.195119768381119,0.465864626614797,0.026292276646276258
Guinea-Bissau,2012,-4.988338539150217,2663.72094726563,1612.99111445845,13.07,12.277699532274207,13.217843476152327,13.846570337969753,44.1280665609795,Low-income countries,,0.0575604997575283,0.174250513315201,0.479127530053227,0.026595273922480178
Guinea-Bissau,2013,-1.2510453373018926,2701.5791015625,1592.9375653754512,16.96,12.784953063069674,12.277699532274207,13.217843476152327,39.9574617805787,Low-income countries,,0.0488890893757343,0.168182075023651,0.536044688056288,0.026622910187714677
Guinea-Bissau,2014,0.3580788487260733,2783.44775390625,1598.6517624303465,15.77,12.68975370450739,12.784953063069674,12.277699532274207,46.8696583055238,Low-income countries,,0.0547402203083038,0.22009651362896,0.543282354476262,0.02627311556899814
Guinea-Bissau,2017,5.910601384870073,3944.2294921875,2101.2670223558284,8.33,15.229254261737584,12.68975370450739,12.784953063069674,56.9137475938811,Low-income countries,,0.0439525619149208,0.192234382033348,0.484882462165452,0.02436325751962709
Guinea-Bissau,2018,-4.118567837110021,3876.01879882813,2016.4828458428867,15.37,14.218031089812623,15.229254261737584,12.68975370450739,55.0195890357005,Low-income countries,,0.0478348135948181,0.195342138409615,0.509127032306075,0.023740599724847655
Guinea-Bissau,2019,0.2426069191434621,3977.46313476563,2021.3809118713614,14.63,15.17475291404794,14.218031089812623,15.229254261737584,50.1779867067114,Low-income countries,,0.0367745459079742,0.196585386991501,0.477644130676235,0.02340959947621568
Guinea-Bissau,2020,-3.4043387235418443,3933.34545898438,1953.7244208927234,7.62,14.622389121316584,15.17475291404794,14.218031089812623,43.4304481311735,Low-income countries,,0.0402803681790829,0.197668313980103,0.488878310290063,0.022889500083549286
Guinea-Bissau,2021,3.4562720500694866,4163.86376953125,2022.4309548582187,15.54,14.713173403053085,14.622389121316584,15.17475291404794,45.5107846892668,Low-income countries,,0.0428117550909519,0.187841579318047,0.499314538535629,0.022390387874542284
Guinea-Bissau,2022,4.174979205315488,4439.8330078125,2108.65440837552,17.61,16.999657724190723,14.713173403053085,14.622389121316584,46.2708566194737,Low-income countries,,0.0374381020665169,0.196639642119408,0.511482331015616,0.02242353886399928
Guinea-Bissau,2023,1.2024667887245322,4595.5771484375,2134.163338163429,28.62,16.322930790248783,16.999657724190723,14.713173403053085,41.6110643520817,Low-income countries,,0.0368808433413506,0.194358304142952,0.563035047008782,0.022452918726406312
Guyana,1996,7.4173466522958975,3681.37915039063,4840.569750923216,19.3,17.128998708582742,,,211.337532492477,Low-income countries,2.35805487632751,0.272899895906448,0.126212745904922,0.348077305173202,0.002815171118317805
Guyana,1999,3.3141457479429093,3993.58154296875,5223.8984293551985,15.99,14.006534147413783,17.128998708582742,,201.05931477536,Lower-middle-income countries,2.41550350189209,0.236851260066032,0.188896119594574,0.320511004864656,0.0011740308886988293
Guyana,2000,-1.2111202834532264,3947.30737304688,5161.012317799046,16.13,14.717403754761072,14.006534147413783,17.128998708582742,206.767370475214,Lower-middle-income countries,2.43496227264404,0.230557188391685,0.208657994866371,0.325929964315288,0.00045641350023817306
Guyana,2001,9.664029736423707,4345.79931640625,5684.669802238982,14.63,11.613285099698594,14.717403754761072,14.006534147413783,199.577000730114,Lower-middle-income countries,2.45191597938538,0.237476631999016,0.179584935307503,0.314785629972602,-0.0004642619724023467
Guyana,2002,9.61567431623429,4779.2646484375,6258.432700284292,16.92,11.849927686857987,11.613285099698594,14.717403754761072,196.72507835983,Lower-middle-income countries,2.46898770332336,0.249433785676956,0.199250802397728,0.312810140848517,-0.001079751879786539
Guyana,2003,7.745314885608856,5160.42041015625,6762.434343758231,14.85,11.49613384466406,11.849927686857987,11.613285099698594,189.162485631386,Lower-middle-income countries,2.48617839813232,0.220820128917694,0.221960321068764,0.326327016666983,-0.0007217932749067901
Honduras,1995,4.535120144907445,20807.517578125,3625.2323235990357,7.75,8.958447378107405,,,102.44888237349,Low-income countries,1.82401192188263,0.191251128911972,0.0680408328771591,0.300748255177181,0.028343043041684446
Honduras,1996,0.1561511866459142,21436.65234375,3630.8975889293856,4.66,7.792652722118134,8.958447378107405,,115.450847627509,Low-income countries,1.83550250530243,0.189533963799477,0.0720801427960396,0.32364585724904,0.028226328026308423
Honduras,1997,1.4038929302644831,22356.49609375,3682.230993391369,6.1,9.754468054177593,7.792652722118134,8.958447378107405,118.848359042336,Low-income countries,1.84706556797028,0.201915949583054,0.0711110234260559,0.350477770126736,0.027975819161675908
Honduras,1998,0.8238883036534972,23146.533203125,3712.693781216762,7.77,8.053836363583185,9.754468054177593,7.792652722118134,122.050468203298,Low-income countries,1.85870146751404,0.20330710709095,0.0803253129124641,0.361069961762443,0.026489200844408423
Honduras,1999,-6.394142927679347,22291.080078125,3482.7293085086185,9.2,7.697804813497929,8.053836363583185,9.754468054177593,120.126089120866,Lower-middle-income countries,1.87041056156158,0.230150058865547,0.090925894677639,0.37449664221004,0.026283015552953426
Honduras,2000,4.02514811448107,23849.517578125,3625.7738870169283,9.61,8.35046003963032,7.697804813497929,8.053836363583185,120.392164584236,Lower-middle-income countries,1.88219344615936,0.22114285826683,0.100103490054607,0.360586260652327,0.027325906703182135
Honduras,2001,0.41032610683515713,24603.703125,3640.681948767926,10.7,8.795947469005977,8.35046003963032,7.697804813497929,115.943071737954,Lower-middle-income countries,1.89981329441071,0.217451706528664,0.105617977678776,0.352637721685716,0.02702971428002532
Honduras,2002,1.0946968789818712,25540.2421875,3680.755321227885,4.0,7.1816725922587805,8.795947469005977,8.35046003963032,117.997454450299,Lower-middle-income countries,1.91759788990021,0.207743600010872,0.102359481155872,0.335380633627241,0.02641139929798264
Honduras,2003,1.3513291739197797,26560.587890625,3730.8320302574175,3.85,7.176359861734022,7.1816725922587805,8.795947469005977,122.248277175534,Lower-middle-income countries,1.9355491399765,0.209078878164291,0.105523936450481,0.345059769446297,0.025659833826585432
Honduras,2004,2.676093279408853,27969.89453125,3832.0204854600506,3.93,6.8470085082587975,7.176359861734022,7.1816725922587805,135.461758741854,Lower-middle-income countries,1.95366847515106,0.246721863746643,0.106268540024757,0.348374558975651,0.024939344832023425
Honduras,2005,3.205642846755552,29590.740234375,3956.8515046925427,3.65,6.008822988998099,6.8470085082587975,7.176359861734022,136.489768018486,Lower-middle-income countries,1.97195732593536,0.22898742556572,0.112287856638432,0.350864576138938,0.0242763175756453
Honduras,2006,4.26560874124764,31617.255859375,4129.2868720869155,8.03,5.91487167736135,6.008822988998099,6.8470085082587975,133.13183510432,Lower-middle-income countries,1.99041736125946,0.238403379917145,0.113662749528885,0.372792480741125,0.02358547316804893
Honduras,2007,3.4590748708827945,33490.79296875,4274.621115790094,10.49,6.508932460024033,5.91487167736135,6.008822988998099,135.070634917917,Lower-middle-income countries,2.0090503692627,0.282332926988602,0.120709896087646,0.396294713687304,0.0229767725446286
Honduras,2008,-0.5848029294984514,34051.05859375,4249.695958839511,11.37,6.464641657658918,6.508932460024033,5.91487167736135,135.748955193053,Lower-middle-income countries,2.02785754203796,0.336923271417618,0.134021043777466,0.421766397348373,0.02243858649509667
Honduras,2009,-0.04058810228837473,34790.45703125,4247.971437895632,11.84,6.6992134480559296,6.464641657658918,6.508932460024033,96.9050060188904,Lower-middle-income countries,2.04684090614319,0.186394765973091,0.142735749483109,0.449186365984491,0.02188788545444309
Honduras,2010,3.0847348295864663,36651.34765625,4381.052132991898,3.43,6.642898987407168,6.6992134480559296,6.464641657658918,109.441838241682,Lower-middle-income countries,2.06600213050842,0.200659975409508,0.136778444051743,0.456654762555582,0.021259724401785807
Honduras,2011,3.91605126148189,38911.06640625,4556.0199352023155,3.42,6.339002095535034,6.642898987407168,6.6992134480559296,122.216902597337,Lower-middle-income countries,2.1043074131012,0.238470837473869,0.127515956759453,0.475976475872792,0.020667982370926374
Honduras,2012,4.524646503446128,41543.8828125,4766.898511556296,4.12,6.263293478041804,6.339002095535034,6.642898987407168,121.188215808285,Lower-middle-income countries,2.14332270622253,0.232437312602997,0.112478658556938,0.455356079314408,0.02022512708131563
Honduras,2013,-2.5377829169558552,41312.44921875,4647.447095112787,3.69,5.981949546009279,6.263293478041804,6.339002095535034,116.306049247436,Lower-middle-income countries,2.18306159973145,0.21475000679493,0.122715592384338,0.452223383351311,0.019791431848932284
Honduras,2014,5.814804817339514,44642.20703125,4925.69856515779,13.94,6.178352340884217,5.981949546009279,6.263293478041804,112.97509728471,Lower-middle-income countries,2.22353744506836,0.228366404771805,0.117570072412491,0.432309141588812,0.019367820928748447
Honduras,2015,7.814296308078106,49198.30859375,5326.045702047297,13.94,6.235493969063884,6.178352340884217,5.981949546009279,107.26440535424,Lower-middle-income countries,2.26476335525513,0.255589455366135,0.109950058162212,0.413683418703522,0.01903652413561785
Honduras,2017,2.4457872214441068,55288.84765625,5766.380648946714,16.87,7.91027320530605,6.235493969063884,6.178352340884217,101.813111079622,Lower-middle-income countries,2.34952306747437,0.260097950696945,0.113514102995396,0.399103840374026,0.018500761123497966
Honduras,2018,0.09070245531592747,56361.015625,5771.613270477543,15.02,7.38394970262878,7.91027320530605,6.235493969063884,103.551162215452,Lower-middle-income countries,2.39308500289917,0.277971267700195,0.124077454209328,0.40402404356446,0.018299464309492475
Honduras,2019,2.6523417706139085,58933.37109375,5926.744389475154,4.5,8.266444621412877,7.38394970262878,7.91027320530605,99.4599779937589,Lower-middle-income countries,2.43745470046997,0.232716217637062,0.137014523148537,0.405463888127386,0.01810637737619958
Honduras,2020,-8.988857765216096,54820.51953125,5417.240092656458,4.4,8.128953967328108,8.266444621412877,7.38394970262878,88.0008563836292,Lower-middle-income countries,2.48264694213867,0.193325445055962,0.170442283153534,0.42310518959841,0.017545643254102572
Honduras,2021,9.807596438801802,61486.83203125,5975.4681257365855,5.74,8.437158890059836,8.128953967328108,8.266444621412877,103.372643459918,Lower-middle-income countries,2.51610469818115,0.232140153646469,0.185213014483452,0.459797988926667,0.016682506317695633
Honduras,2022,0.896768289994121,63089.7734375,6029.295220497727,5.65,8.778931246687245,8.437158890059836,8.128953967328108,112.698524913966,Lower-middle-income countries,2.55060124397278,0.255833178758621,0.172615259885788,0.492405299835317,0.016767965802377383
Honduras,2023,2.155719751465668,65579.53125,6160.680994971184,29.09,9.43874796041159,8.778931246687245,8.437158890059836,98.7919798336365,Lower-middle-income countries,2.57758903503418,0.204979375004768,0.175134807825089,0.568163861071155,0.017147738841581717
Hungary,1991,-11.06938097143555,144783.75,13950.789618522562,13.6,10.333303591598561,,,58.2052641583218,Upper-middle-income countries,2.81905484199524,0.157374143600464,0.280910015106201,0.344701460924922,-0.0002991407745542851
Hungary,1993,4.717234042515628,153857.9375,14855.640507218879,4.6,9.432209947799365,10.333303591598561,,53.4135360713045,Upper-middle-income countries,2.85023951530457,0.153610929846764,0.322751343250275,0.371394689504483,-0.0014090853004349313
Hungary,1996,3.070394894941053,174377.75,16926.205818446193,9.34,8.89885815779209,9.432209947799365,10.333303591598561,83.021980635108,Upper-middle-income countries,2.89766430854797,0.17265622317791,0.299161195755005,0.433950159340007,-0.0019930166190107457
Hungary,1997,3.1049400630315915,179464.375,17459.998451151238,8.83,8.840553784036981,8.89885815779209,9.432209947799365,94.6879101466758,Upper-middle-income countries,2.91364741325378,0.178269699215889,0.300990760326386,0.43743755321045,-0.0022966034265241575
Hungary,1998,2.6694379785352496,183837.46875,17932.358916072302,6.16,8.784384671829399,8.840553784036981,8.89885815779209,107.319335097669,Upper-middle-income countries,2.92971849441528,0.19733914732933,0.289489656686783,0.428064093625035,-0.002619054810402144
Hungary,1999,3.212692311470633,189248.390625,18517.824683095434,10.56,8.401470773736404,8.784384671829399,8.840553784036981,113.869532830977,Upper-middle-income countries,2.94587802886963,0.186129510402679,0.290403604507446,0.417283339106611,-0.003118580035657015
Hungary,2000,4.128869624652687,196662.328125,19298.40520921241,9.99,8.278299631751647,8.401470773736404,8.784384671829399,137.26231309347,Upper-middle-income countries,2.96212720870972,0.196587815880775,0.290860682725906,0.37217878997745,-0.002860896957947112
Hungary,2001,10.127959609493686,217113.171875,21355.344942650954,9.96,8.198421734495533,8.278299631751647,8.401470773736404,130.903714236387,Upper-middle-income countries,2.99198865890503,0.204393342137337,0.292132347822189,0.351025435514468,-0.002349036732744114
Hungary,2002,5.301371589460224,228298.15625,22518.0176419194,7.55,7.895938944959259,8.198421734495533,8.278299631751647,118.269335242555,Upper-middle-income countries,3.02215147018433,0.197466284036636,0.292998105287552,0.422335984694906,-0.0027799853571184308
Hungary,2004,2.234314898466394,232712.453125,23073.29718858937,0.38,2.0639409628372722,7.895938944959259,8.198421734495533,123.615686104174,Upper-middle-income countries,3.08339214324951,0.249966636300087,0.26988473534584,0.548111969769174,-0.0022948544131145
Hungary,2005,1.0087803630709047,234603.765625,23307.234050448125,1.39,1.8397319627104236,2.0639409628372722,7.895938944959259,128.004810647538,Upper-middle-income countries,3.11447620391846,0.243939787149429,0.254200220108032,0.560114864108088,-0.001993400951888713
Hungary,2006,4.5765884979472204,245205.5,24398.69559459193,1.49,1.9636883085923198,1.8397319627104236,2.0639409628372722,149.231531568461,Upper-middle-income countries,3.14587378501892,0.248918995261192,0.259059309959412,0.546521591105482,-0.0015672378481519367
Hungary,2007,3.433777123204429,253371.03125,25251.04252187694,2.57,1.4919390616401507,1.9636883085923198,1.8397319627104236,155.60143236807,High-income countries,3.17758798599243,0.246530592441559,0.262260228395462,0.619986487084629,-0.0015794646040703242
Hungary,2008,4.196445235521118,263771.0,26333.236727582866,1.54,1.5656551803048087,1.4919390616401507,1.9636883085923198,158.453224115619,High-income countries,3.20962166786194,0.262123286724091,0.276881784200668,0.643215455753726,-0.0017380909887347862
Hungary,2009,1.073480086563805,266211.09375,26617.441491562462,1.75,1.595500411525839,1.5656551803048087,1.4919390616401507,145.30587733019,High-income countries,3.24197840690613,0.220129624009132,0.288070142269135,0.519907378040934,-0.0015265237539070498
Hungary,2010,3.6327165378802206,275445.46875,27602.15533339633,1.97,1.572394361185032,1.595500411525839,1.5656551803048087,157.838960085896,High-income countries,3.27466106414795,0.215822204947472,0.290432006120682,0.521347232554149,-0.00222707153486823
Hungary,2011,2.6704081615482878,281980.0625,28349.175392864912,1.54,1.4854942761785552,1.572394361185032,1.595500411525839,166.754347209897,High-income countries,3.29019379615784,0.220638632774353,0.288185387849808,0.538108481858757,-0.0032573869608176764
Hungary,2012,0.017509263987136592,281177.3125,28354.139559404448,0.06,1.4290354702634775,1.4854942761785552,1.572394361185032,166.17569860957,Upper-middle-income countries,3.30580043792725,0.230033785104752,0.277621418237686,0.45780577974158,-0.003025985052322433
Hungary,2013,1.2531126060022046,283939.78125,28711.684397532455,1.38,1.4322377423982136,1.4290354702634775,1.4854942761785552,164.476024791467,Upper-middle-income countries,3.32148098945618,0.246043786406517,0.277903974056244,0.487465715789273,-0.0027544239057974984
Hungary,2014,3.070556446866668,292008.84375,29606.96762150301,1.63,1.5857011224728472,1.4322377423982136,1.4290354702634775,168.358355086413,High-income countries,3.33723592758179,0.270036965608597,0.286609470844269,0.50405005962383,-0.0026836536698420232
Hungary,2015,5.538178570260399,307897.53125,31292.908674282928,2.65,1.9587000206766736,1.5857011224728472,1.4322377423982136,167.290738494524,High-income countries,3.35306549072266,0.267693608999252,0.285457372665405,0.418987681984787,-0.002398837454339997
Hungary,2016,2.1358160804606285,313627.5625,31968.45619585156,3.12,1.8959333799741596,1.9587000206766736,1.5857011224728472,163.97194450015,High-income countries,3.36897015571594,0.251005351543427,0.284504979848862,0.417891652360914,-0.00291902243848563
Hungary,2017,4.2871026502025344,326533.65625,33368.778897041004,2.86,1.8759845313715247,1.8959333799741596,1.9587000206766736,165.032855840268,High-income countries,3.3849503993988,0.265986204147339,0.287237495183945,0.439573452311486,-0.0025441764076585827
Hungary,2018,4.162011255632692,340020.84375,34786.897658310074,3.38,1.9026882473228333,1.8759845313715247,1.8959333799741596,162.700858777925,High-income countries,3.40100622177124,0.315429002046585,0.274081557989121,0.465159010322342,-0.0011462170116089965
Hungary,2019,7.659049590626132,366934.4375,37555.930721388984,1.21,1.8425171423642117,1.9026882473228333,1.8759845313715247,159.925556464831,High-income countries,3.41713857650757,0.328054815530777,0.273792862892151,0.447695661087324,-0.00041422910285637826
Hungary,2020,-3.3380056934502633,354129.5625,36323.00368112809,0.27,1.9071916668493427,1.8425171423642117,1.9026882473228333,154.295498794188,High-income countries,3.43334698677063,0.312109023332596,0.297745048999786,0.452413444075395,-0.002140288810711155
Hungary,2021,4.539649832024573,368994.8125,38009.94169666816,1.11,1.8705999477293098,1.9071916668493427,1.8425171423642117,158.729782791959,High-income countries,3.47287368774414,0.344504356384277,0.287839293479919,0.496539601037394,-0.0042767545804940355
Hungary,2022,-0.5293719250262896,366156.4375,37809.259383171084,1.27,1.7472674251091909,1.8705999477293098,1.9071916668493427,183.808014139622,High-income countries,3.51340484619141,0.345545142889023,0.287897139787674,0.520354395737811,-0.0024281994810944063
Hungary,2023,4.744112545620993,384031.46875,39646.20199860362,3.28,2.0233038846460745,1.7472674251091909,1.8705999477293098,157.10677596052,High-income countries,3.55497288703918,0.281588822603226,0.298505425453186,0.555491347531364,0.00022270669883228678
Iceland,1993,-0.3017906225554867,9521.3291015625,36099.27850027867,1.15,5.428266684578282,,,61.5581733005549,High-income countries,2.69231915473938,0.25985324382782,0.209584936499596,0.498292169234582,0.010170825750400736
Iceland,1996,3.145581217956561,10309.509765625,38331.01489301383,6.08,3.647451920303893,5.428266684578282,,71.1051549902842,High-income countries,2.74634027481079,0.270256549119949,0.201689273118973,0.600867492360655,0.005405720845407691
Iceland,1997,8.843627222011996,11355.947265625,41875.27800440659,5.29,3.213869118927681,3.647451920303893,5.428266684578282,70.6057858293811,High-income countries,2.76570415496826,0.264825463294983,0.207409098744392,0.595259358073212,0.008238575141781945
Iceland,1998,8.6592000819115,12516.7216796875,45662.96748283542,5.26,2.883833204362546,3.213869118927681,3.647451920303893,71.8826631435512,High-income countries,2.78520464897156,0.314233809709549,0.213359788060188,0.624146936069178,0.010731889040339393
Iceland,1999,3.5943008211843264,13132.7470703125,47334.08447821755,0.52,2.9502780094611003,2.883833204362546,3.213869118927681,69.4300415579436,High-income countries,2.80484247207642,0.279360860586166,0.209605485200882,0.63013887719426,0.012100394397464909
Iceland,2000,0.1900363773991387,13339.45703125,47424.121982544086,2.62,3.0665406204354175,2.9502780094611003,2.883833204362546,71.139007768483,High-income countries,2.82461881637573,0.315478503704071,0.222225517034531,0.591743733243681,0.013717086256920252
Iceland,2001,1.3161485551908214,13697.486328125,48052.41947330847,0.69,3.197040705537716,3.0665406204354175,2.9502780094611003,74.7346556223368,High-income countries,2.84747433662415,0.283580422401428,0.219293221831322,0.526449095335212,0.013324513394788351
Iceland,2002,-1.6876202565036635,13588.9365234375,47248.28159063409,0.56,2.805387615446011,3.197040705537716,3.0665406204354175,69.4320112878179,High-income countries,2.87051486968994,0.245715379714966,0.233082979917526,0.58673312743079,0.008919837019316423
Iceland,2003,-3.0056647832047645,13278.1826171875,45849.286501225804,1.25,3.0634362321718225,2.805387615446011,3.197040705537716,68.1992117488105,High-income countries,2.89374184608459,0.28260749578476,0.232134804129601,0.696952921480236,0.0069229606449729975
Iceland,2004,8.509206991481655,14585.4638671875,49921.4967662013,4.53,2.701955615394653,3.0634362321718225,2.805387615446011,70.4319020602726,High-income countries,2.917156457901,0.353161126375198,0.222142338752747,0.745445438660299,0.008811053732124652
Iceland,2005,3.7071476875878417,15378.046875,51806.8916465095,4.42,2.6338362000900633,2.701955615394653,3.0634362321718225,72.4506153719683,High-income countries,2.94076085090637,0.467150747776032,0.207266196608543,0.804923755585517,0.015844080700323282
Iceland,2006,2.5712834217856084,16152.8076171875,53156.26745686535,4.22,2.2649087669212244,2.6338362000900633,2.701955615394653,77.5361532018636,High-income countries,2.96282052993774,0.558441281318665,0.226040199398994,0.886119477671633,0.023440081815714553
Iceland,2007,0.5916231716716069,16664.50390625,53471.68437210213,0.53,2.4724972747429375,2.2649087669212244,2.6338362000900633,74.6709135585578,High-income countries,2.98504543304443,0.405047357082367,0.230837568640709,1.16426585057842,0.025270830173398817
Iceland,2008,0.05912041323377082,16988.048828125,53503.3063994816,3.84,2.3623308936117384,2.4724972747429375,2.2649087669212244,82.6880266963066,High-income countries,3.00743722915649,0.328287214040756,0.226686477661133,0.933115245210516,0.018637939871350984
Iceland,2009,-5.171113303301134,16187.6904296875,50806.90755429017,0.42,2.4716336016543616,2.3623308936117384,2.4724972747429375,89.3947432104364,High-income countries,3.02999687194824,0.190711632370949,0.249492004513741,0.687813082055865,0.003452149701273388
Iceland,2010,-4.894623798189279,15392.4775390625,48379.979566952585,0.45,2.376986932209336,2.4716336016543616,2.3623308936117384,93.6463981817789,High-income countries,3.05272579193115,0.145773082971573,0.244029939174652,0.901838312027445,-0.001425946815733825
Iceland,2011,3.0287400337842385,15914.6279296875,49867.69923163876,0.82,2.2823355525171873,2.376986932209336,2.4716336016543616,101.408701748757,High-income countries,3.06807589530945,0.158232867717743,0.25618451833725,1.00440210296808,0.003072362940549578
Iceland,2012,2.061565178089353,16332.8681640625,50906.42456563376,4.14,2.2421742746676685,2.2823355525171873,2.376986932209336,104.085475471704,High-income countries,3.08350300788879,0.180399596691132,0.24384106695652,0.854779635368712,0.005325195637327251
Iceland,2013,-0.088937840221881,16473.169921875,50861.16961846026,4.3,2.382060569373061,2.2421742746676685,2.2823355525171873,98.7895236023721,High-income countries,3.09900784492493,0.179607301950455,0.24890723824501,0.917745274571138,0.009442841203008534
Iceland,2014,1.6464873015909376,16934.1796875,51705.52433956618,4.03,2.3673463298329724,2.382060569373061,2.2421742746676685,96.6655918887019,High-income countries,3.11459064483643,0.208492860198021,0.249294623732567,0.959787896146693,0.011136181110180665
Iceland,2015,7.073874046166928,18366.373046875,55495.579561008846,0.44,2.376274705511321,2.3673463298329724,2.382060569373061,95.8182079086458,High-income countries,3.13025188446045,0.242706254124641,0.237900525331497,0.843674731375028,0.010448654130208013
Iceland,2016,4.637958207128712,19506.9375,58130.06222174543,3.51,2.0740646093256343,2.376274705511321,2.3673463298329724,88.3330236353413,High-income countries,3.145991563797,0.290843814611435,0.244061008095741,0.88709147952529,0.013869148653873564
Iceland,2017,3.6803704312802665,20718.12109375,60309.32024693551,0.0,0.9412747492157305,2.0740646093256343,2.376274705511321,86.9789469759093,High-income countries,3.16181087493897,0.316395491361618,0.255766808986664,0.967563964240981,0.02343485663355116
Iceland,2018,1.9803418850756316,21706.009765625,61515.55534477432,0.0,1.2074064891738265,0.9412747492157305,2.0740646093256343,88.6369069643521,High-income countries,3.17770957946777,0.342730581760407,0.244205176830292,0.909550829063593,0.026777018601411573
Iceland,2019,4.2886843235685035,23160.962890625,64211.15300977266,0.44,1.4604602075338216,1.2074064891738265,0.9412747492157305,82.8627457813882,High-income countries,3.193687915802,0.301076620817184,0.239418536424637,0.805689633567532,0.0219922142650415
Iceland,2020,-8.019593222598509,21726.5546875,59262.752343063825,3.13,1.7692929957411676,1.4604602075338216,1.2074064891738265,67.9750756256744,High-income countries,3.20081543922424,0.291993737220764,0.273701995611191,0.794329583181934,0.016262935528531974
Iceland,2021,5.921510222294302,23431.103515625,62877.984123251685,2.99,1.5709853651837595,1.7692929957411676,1.4604602075338216,76.6527676301274,High-income countries,3.22724366188049,0.336763173341751,0.276985019445419,0.837414527872476,0.016314016861089575
Iceland,2022,8.244379688910364,25971.3046875,68281.56960189927,3.41,1.7831845340083532,1.5709853651837595,1.7692929957411676,92.0771911313757,High-income countries,3.25417709350586,0.363830536603928,0.260490626096725,0.843105779149555,0.02048411596390254
Iceland,2023,0.5797713231281421,26616.939453125,68678.59637299449,0.0,1.976648000750357,1.7831845340083532,1.5709853651837595,86.7298838954652,High-income countries,3.28162717819214,0.347691148519516,0.248341634869576,0.921908047773776,0.01875785874919178
India,1990,3.45759461191264,1358661.125,1570.7569468869683,72.72,49.62951714043367,,,15.5062615101965,Low-income countries,1.48692142963409,0.176696166396141,0.165745168924332,0.370336904224888,0.022131308864380195
India,1992,2.6777823626515485,1481250.25,1640.443714561092,4.25,27.806696456901655,49.62951714043367,,18.433099041828,Low-income countries,1.53161489963532,0.159687101840973,0.152317255735397,0.296902156899449,0.021299851927482294
India,1996,5.7859502468875945,1936240.375,1976.4039508971218,18.0,23.564361622362732,27.806696456901655,49.62951714043367,21.9294878713867,Low-income countries,1.6403032541275,0.166823387145996,0.125112444162369,0.302140970810784,0.01997759094146545
India,1997,2.6256147432817123,2027226.375,2028.9839580058149,27.92,20.138039187932517,23.564361622362732,27.806696456901655,22.6193868670479,Low-income countries,1.68037557601929,0.187984094023705,0.136383280158043,0.299758247887529,0.019664251836130298
India,1998,6.095445762986351,2196758.0,2156.5066312079725,34.73,29.662642898418937,20.138039187932517,23.564361622362732,23.6994700790647,Low-income countries,1.71839702129364,0.184556007385254,0.142030820250511,0.269657359648114,0.019359638444271354
India,1999,4.571888122861978,2343678.75,2257.38822718533,31.73,28.505569670988763,29.662642898418937,20.138039187932517,24.8155980442929,Low-income countries,1.74994456768036,0.208893299102783,0.148912250995636,0.262529559593242,0.019020291915206933
India,2000,3.212804223797505,2466114.5,2331.0913198799744,31.23,23.28999156096536,28.505569670988763,29.662642898418937,26.9009229104474,Low-income countries,1.782071352005,0.19812174141407,0.144452020525932,0.247681296394,0.01879398261973897
India,2001,3.852803827810458,2611377.75,2422.656278212447,22.38,26.51768313327669,23.28999156096536,28.505569670988763,25.9932547534365,Low-income countries,1.79678165912628,0.204558402299881,0.140150159597397,0.233711350046604,0.018706082211267905
India,2002,3.4996869699339683,2753816.5,2508.94273560656,20.79,23.061523899627947,26.51768313327669,23.28999156096536,29.5086629350614,Low-income countries,1.81161344051361,0.217882096767426,0.13229601085186,0.221162303857042,0.01811294240979411
India,2003,6.3933766251773605,2986987.5,2674.5876255279345,14.71,21.430553920264888,23.061523899627947,26.51768313327669,30.592436132908,Low-income countries,1.82656764984131,0.236711442470551,0.12751729786396,0.236579534761621,0.01734382044192362
India,2004,6.845840401318526,3253591.5,2864.0984221860117,15.3,22.93415582462565,21.430553920264888,23.061523899627947,37.503814059447,Low-income countries,1.84164524078369,0.284419745206833,0.122210413217545,0.256143883452759,0.017035704679087438
India,2005,9.767342063969942,3646424.5,3157.962478769873,18.24,14.030783417433765,22.93415582462565,21.430553920264888,42.0016696148691,Low-income countries,1.85684728622437,0.30391651391983,0.120594665408134,0.252268253985637,0.01631421468600802
India,2006,9.21168000779602,4061308.25,3462.6833892457557,13.58,8.980451539496594,14.030783417433765,22.93415582462565,45.7244804992652,Low-income countries,1.87820076942444,0.301450073719025,0.111397407948971,0.257255253329803,0.015641252252691196
India,2007,10.26150426477006,4568478.0,3836.8774708027818,16.6,11.95390033760792,8.980451539496594,14.030783417433765,45.686268679348,Lower-middle-income countries,1.89979958534241,0.339486718177795,0.107536479830742,0.280807841588647,0.015059914439214062
India,2008,1.4355574998722531,4701696.5,3892.3553084777122,10.81,6.273565201482635,11.95390033760792,8.980451539496594,53.3682204392226,Lower-middle-income countries,1.9216468334198,0.304335534572601,0.111243076622486,0.309098912942085,0.014387718174673658
India,2009,8.703533918952289,5203955.0,4246.307540717621,5.62,7.000963724174019,6.273565201482635,11.95390033760792,46.2728696428837,Lower-middle-income countries,1.94374537467957,0.323565751314163,0.118367910385132,0.286424530756178,0.014460173195526949
India,2010,12.283524271085966,5970318.0,4801.291931337391,5.27,7.314008118861208,7.000963724174019,6.273565201482635,49.2552064974161,Lower-middle-income countries,1.96609807014465,0.340153068304062,0.108310371637344,0.307858599492041,0.014546036188304079
India,2011,6.307445234106623,6449760.0,5113.885496433018,4.76,7.237363278802259,7.314008118861208,7.000963724174019,55.6238800135298,Lower-middle-income countries,1.98789155483246,0.326279878616333,0.105173096060753,0.324071095239867,0.01416827615443772
India,2012,5.092717105352662,6880633.0,5381.066869823294,1.64,6.190882249120238,7.237363278802259,7.314008118861208,55.7937217287511,Lower-middle-income countries,2.00992655754089,0.314872741699219,0.103392079472542,0.305897257440452,0.013740561660330997
India,2013,1.7016757781874503,7092617.5,5473.418717348536,12.57,6.214209263421911,6.190882249120238,7.237363278802259,53.8441319466777,Lower-middle-income countries,2.03220582008362,0.282229155302048,0.0965425670146942,0.307196855336248,0.013327043050747278
India,2014,2.865853146134434,7391464.5,5632.548177087077,12.88,6.4476163645750955,6.214209263421911,6.190882249120238,48.9221857470669,Lower-middle-income countries,2.05473208427429,0.283341228961945,0.093186192214489,0.310513636427608,0.01261290271253479
India,2015,5.4133455037709055,7896249.5,5945.861324013015,9.88,7.295385458025377,6.4476163645750955,6.214209263421911,41.9229138658647,Lower-middle-income countries,2.07750797271729,0.27896785736084,0.0888372659683228,0.3026447876376,0.01192855633843326
India,2016,5.7646923521799565,8465094.0,6298.69409408915,11.07,7.097848342777032,7.295385458025377,6.4476163645750955,40.082485713276,Lower-middle-income countries,2.10053634643555,0.282768130302429,0.0835378617048264,0.299638430632478,0.011916296640209545
India,2017,3.727401222515425,8889307.0,6537.90212151973,4.93,6.3675348195042805,7.097848342777032,7.295385458025377,40.7424969545225,Lower-middle-income countries,2.12382006645203,0.303972452878952,0.0861409232020378,0.321049788445332,0.01162396143469735
India,2018,7.009248892966191,9639937.0,7012.602071636288,5.25,5.7628027000624975,6.3675348195042805,7.097848342777032,43.6169693323889,Lower-middle-income countries,2.14736175537109,0.292346030473709,0.0843351781368256,0.322030394851003,0.010972990670292226
India,2019,5.245241958153635,10265278.0,7390.247650693457,2.66,8.707487079363144,5.7628027000624975,6.3675348195042805,39.9054035306442,Lower-middle-income countries,2.17116451263428,0.261579215526581,0.0838613510131836,0.316579390804345,0.010400139509810558
India,2020,-4.0764659612612775,9951635.0,7095.044526726864,6.86,8.654746940797851,8.707487079363144,5.7628027000624975,37.7581053292768,Lower-middle-income countries,2.19523119926453,0.249632313847542,0.0860664248466492,0.300780828316995,0.009734386469101963
India,2021,11.19581521534645,11222509.0,7935.566456677333,9.77,8.254516225643519,8.654746940797851,8.707487079363144,45.4230887840446,Lower-middle-income countries,2.2041015625,0.270470201969147,0.073702447116375,0.32939703663143,0.008226482201286522
India,2022,4.668367735879286,11852125.0,8314.811278659043,8.09,5.737066991218679,8.254516225643519,8.654746940797851,50.0752701498882,Lower-middle-income countries,2.21300768852234,0.26157334446907,0.0749653726816177,0.33932358553872,0.007902005406098311
India,2023,4.7974854109536835,12544909.0,8723.436636789866,13.47,6.2495492071941925,5.737066991218679,8.254516225643519,44.9928422877561,Lower-middle-income countries,2.28326201438904,0.278163850307465,0.0741048604249954,0.333725955539661,0.008832895397661744
Indonesia,1989,7.540855646930922,622587.25,3440.7258397933188,3.88,12.942364696906083,,,49.0818836891175,Low-income countries,1.85913670063019,0.189995616674423,0.209126353263855,0.299349853655922,0.018747401374624495
Indonesia,1990,9.497425577319873,697158.1875,3783.5272325529327,3.64,13.293130086768118,12.942364696906083,,52.8918614376893,Low-income countries,1.89530456066132,0.18161378800869,0.191927045583725,0.29414542209712,0.018154304883443828
Indonesia,1993,5.002957234995797,875159.5,4508.189384963488,4.79,12.474407770000605,13.293130086768118,12.942364696906083,50.5233858882307,Lower-middle-income countries,1.97811019420624,0.187719613313675,0.203236028552055,0.304090713994695,0.017059123929796804
Indonesia,1995,6.544484523483973,1018645.5,5074.042469312891,4.17,10.863118804542209,12.474407770000605,13.293130086768118,53.9585900635426,Lower-middle-income countries,2.03531408309937,0.211934790015221,0.200211644172668,0.319782675408735,0.01667514444326912
Indonesia,1996,7.04449410132888,1111178.375,5444.373946791772,3.58,7.730396650272068,10.863118804542209,12.474407770000605,52.264743657148,Lower-middle-income countries,2.06453371047974,0.206165105104446,0.197427332401276,0.329375228847579,0.016502306687747215
Indonesia,1997,1.3793472555683195,1145140.25,5519.991081943805,6.15,15.050463745893211,7.730396650272068,10.863118804542209,55.9938588086777,Lower-middle-income countries,2.09417247772217,0.222065180540085,0.163765087723732,0.29471123922985,0.01631259470680657
Indonesia,1998,-9.937180521725253,1053389.875,4997.833104911409,2.28,5.478171738035775,15.050463745893211,7.730396650272068,96.1861923602686,Low-income countries,2.1242368221283,0.173167884349823,0.147626131772995,0.109505653111075,0.01585810291678147
Indonesia,1999,-5.85456976084604,1004025.625,4713.632027069003,3.27,6.05279027658151,5.478171738035775,15.050463745893211,62.9439128601924,Low-income countries,2.15473294258118,0.151929467916489,0.130051404237747,0.11022102838414,0.010549825173135297
Indonesia,2000,-5.36290894158693,965328.1875,4467.503057579403,2.57,5.165100862546921,6.05279027658151,5.478171738035775,71.4368759173731,Low-income countries,2.18566656112671,0.169527962803841,0.128025352954865,0.261401743477738,0.014324400776367874
Indonesia,2001,0.5238319757536303,983961.375,4490.966668407441,1.07,4.322514066760479,5.165100862546921,6.05279027658151,69.7932075256238,Low-income countries,2.20774579048157,0.189315304160118,0.122118689119816,0.225044005796756,0.013880189280680355
Indonesia,2002,-2.2799190496431976,974909.5625,4389.73465284638,1.24,5.035967498667029,4.322514066760479,5.165100862546921,59.0794617663723,Low-income countries,2.23004794120789,0.187614619731903,0.124062292277813,0.257467465225832,0.013557257548828971
Indonesia,2003,-1.3847164445564886,974315.6875,4329.368191963734,1.24,4.944197931384451,5.035967498667029,4.322514066760479,53.6164937473016,Lower-middle-income countries,2.25257539749146,0.213334888219833,0.128024786710739,0.321797701903395,0.013237819765285153
Indonesia,2004,6.692745913585796,1055081.125,4629.03802442162,1.34,5.226341028990712,4.944197931384451,5.035967498667029,59.761294836691,Lower-middle-income countries,2.27533054351807,0.218157917261124,0.114796966314316,0.296726265526157,0.01271011394741084
Indonesia,2005,6.573688040142933,1141328.125,4943.561173491852,1.34,5.226341028990712,5.226341028990712,4.944197931384451,63.9879358688635,Lower-middle-income countries,2.29831528663635,0.233600348234177,0.109359376132488,0.292925003003195,0.012838066117074831
Indonesia,2006,9.292035080553518,1269173.0,5424.937114784725,1.34,5.226341028990712,5.226341028990712,5.226341028990712,56.6571268148867,Lower-middle-income countries,2.32153272628784,0.233297154307365,0.116637274622917,0.342757380145024,0.013252550227296211
Indonesia,2007,9.54597829890389,1414864.75,5968.323639701569,1.85,4.308974948615364,5.226341028990712,5.226341028990712,54.8292499782075,Lower-middle-income countries,2.34498429298401,0.237074166536331,0.116636894643307,0.352100222822094,0.013208653241306045
Indonesia,2008,13.672057005439875,1643335.5,6842.729218867305,1.61,4.270140399253231,4.308974948615364,5.226341028990712,58.5613996312961,Lower-middle-income countries,2.3686728477478,0.256577759981155,0.115702778100967,0.35721840434403,0.012973504301657002
Indonesia,2009,10.26284490476872,1844164.5,7582.288823681904,1.61,4.085905396208405,4.270140399253231,4.308974948615364,45.5121213687054,Lower-middle-income countries,2.39260053634644,0.272025316953659,0.13113634288311,0.357166600481725,0.012669862506808904
Indonesia,2010,15.357691431794684,2177568.0,8840.929551656216,1.82,4.640447635030796,4.085905396208405,4.270140399253231,46.7012738758737,Lower-middle-income countries,2.41677021980286,0.297965347766876,0.122371606528759,0.378134367849827,0.012605414013459715
Indonesia,2011,17.72990119987785,2633396.75,10555.964293138022,1.85,4.679294674904611,4.640447635030796,4.085905396208405,50.1800131841104,Lower-middle-income countries,2.40213108062744,0.335202038288116,0.116229243576527,0.328319162449398,0.012766883064655232
Indonesia,2012,3.996356923347477,2776237.25,10986.361119440646,1.45,4.7257360585379296,4.679294674904611,4.640447635030796,49.5828982992627,Lower-middle-income countries,2.38758063316345,0.340893119573593,0.124521672725677,0.330355386180964,0.012858381663217067
Indonesia,2013,0.16828924842364756,2815622.0,11004.865550114082,1.31,4.56753534713236,4.7257360585379296,4.679294674904611,48.6373726752893,Lower-middle-income countries,2.37311816215515,0.331971883773804,0.125173002481461,0.325754831401895,0.012403800156898015
Indonesia,2014,1.345219247209073,2887494.0,11153.905327981141,1.3,4.77360955602776,4.56753534713236,4.7257360585379296,48.0801755855227,Lower-middle-income countries,2.35874342918396,0.34196749329567,0.118302948772907,0.307073941813277,0.011753609120384034
Indonesia,2015,0.15034361487042958,2924477.5,11170.687124469177,5.32,7.331482297003029,4.77360955602776,4.56753534713236,41.9376402415294,Lower-middle-income countries,2.34445571899414,0.341421991586685,0.119831472635269,0.295116664760855,0.011223398176126054
Indonesia,2016,1.0011106131209146,2985812.25,11283.079707182875,1.67,5.6507496810402555,7.331482297003029,4.77360955602776,37.4213418023318,Lower-middle-income countries,2.33025455474854,0.343308418989182,0.112187117338181,0.310703553048593,0.010744882002252432
Indonesia,2017,2.3146256468882243,3087128.5,11547.286669280153,1.49,5.684374363702616,5.6507496810402555,7.331482297003029,39.3554970704606,Lower-middle-income countries,2.31613945960999,0.351557552814484,0.10447733849287,0.317109334296301,0.01022329397710564
Indonesia,2018,3.938154517460113,3242421.25,12011.109751774025,1.51,5.9181425556681315,5.684374363702616,5.6507496810402555,43.0743089552002,Lower-middle-income countries,2.30210971832275,0.357951194047928,0.106185659766197,0.308704760737265,0.009697434095247814
Indonesia,2019,3.8543344975005667,3401511.0,12483.095625660364,1.92,6.61343489921044,5.9181425556681315,5.684374363702616,37.6277775357108,Upper-middle-income countries,2.28816509246826,0.345629453659058,0.109686799347401,0.31955801314017,0.009356049592351035
Indonesia,2020,-4.406132630871973,3282667.75,11945.01519433814,2.24,6.180386103665376,6.61343489921044,5.9181425556681315,32.9721754002427,Lower-middle-income countries,2.27430486679077,0.334825545549393,0.119097478687763,0.312855362068771,0.008498011873792954
Indonesia,2021,4.431963205058054,3455689.75,12486.320497420178,1.89,6.020735425081511,6.180386103665376,6.61343489921044,40.2047582749671,Lower-middle-income countries,2.29713678359985,0.327258765697479,0.116599202156067,0.33193113190438,0.007046013219263791
Indonesia,2022,9.009470470785885,3809802.25,13663.504723329632,1.79,6.474315663283945,6.020735425081511,6.180386103665376,45.4646701959453,Upper-middle-income countries,2.32053375244141,0.313454926013947,0.100892551243305,0.330306259566914,0.007460504696532588
Indonesia,2023,1.8826261726101023,3915058.25,13923.174071436883,1.88,6.771121505328956,6.474315663283945,6.020735425081511,41.3362868707652,Upper-middle-income countries,2.34451293945313,0.314445555210114,0.100196868181229,0.340264335487331,0.008426661373284183
Ireland,2000,7.751879296579034,164186.609375,43177.63031595612,1.21,1.6894223014393226,,,174.954555860946,High-income countries,2.85634803771973,0.235707506537437,0.122531540691853,0.588033320659402,0.01314209871694616
Ireland,2001,3.8594857595960264,173357.609375,44876.64044296361,1.37,1.7432062857784496,1.6894223014393226,,174.84073239778,High-income countries,2.87343239784241,0.226100966334343,0.124681711196899,0.61013701982382,0.015758066598759113
Ireland,2002,5.104861666486471,185528.625,47227.01207577658,2.04,2.0767997070753332,1.7432062857784496,1.6894223014393226,163.719354360002,High-income countries,2.89061880111694,0.217653229832649,0.129849299788475,0.653226082918749,0.01680399895887108
Ireland,2003,0.42483242681647937,189377.21875,47428.07452412824,1.83,1.9285635099084375,2.0767997070753332,1.7432062857784496,146.531500811248,High-income countries,2.90790796279907,0.223927035927773,0.123043030500412,0.819651523340715,0.016283385287473306
Ireland,2004,2.804369348249658,198330.234375,48776.958349647226,1.17,1.959559357660797,1.9285635099084375,2.0767997070753332,146.587525808196,High-income countries,2.92530059814453,0.243575558066368,0.115779474377632,0.896199021132848,0.018148905906335333
Ireland,2005,4.065961082357639,211092.921875,50801.08167696841,0.92,2.042935300941105,1.959559357660797,1.9285635099084375,148.17558480428,High-income countries,2.94279718399048,0.269413083791733,0.107708245515823,0.908942516166941,0.021705321987866233
Ireland,2006,6.350641366909393,231077.15625,54131.921652988276,0.96,2.1316487837325035,2.042935300941105,1.959559357660797,150.021804736753,High-income countries,2.96039843559265,0.313895106315613,0.110749751329422,0.872271503149886,0.026946826257232326
Ireland,2007,7.635251824774869,256699.390625,58426.9104529792,1.16,2.175423336633455,2.1316487837325035,2.042935300941105,153.396863813395,High-income countries,2.97810506820679,0.321583926677704,0.113415285944939,0.836746412827914,0.02880153125329521
Ireland,2008,-8.549717817800584,240625.21875,53639.1601402497,1.11,2.2389755447972295,2.175423336633455,2.1316487837325035,160.039444160284,High-income countries,2.99591755867004,0.296606183052063,0.134086832404137,0.846208958826128,0.020832078316289415
Ireland,2009,-5.366814583451074,230479.3125,50836.329931588676,1.42,2.1899539767391576,2.2389755447972295,2.175423336633455,173.591493317409,High-income countries,3.01383638381958,0.246859073638916,0.140311062335968,0.733809760845277,0.01058863956854883
Ireland,2010,3.0742365857983955,239002.609375,52423.42958996113,1.32,2.806056313407945,2.1899539767391576,2.2389755447972295,189.863837690715,High-income countries,3.03186273574829,0.227846726775169,0.134474411606789,0.628230469352963,0.005570996034373055
Ireland,2011,4.220960666999574,250428.96875,54683.566115570735,1.51,2.7705611561342263,2.806056313407945,2.1899539767391576,186.025845166548,High-income countries,3.04856276512146,0.228931695222855,0.136478334665298,0.649558679494049,0.004491246001613325
Ireland,2012,3.5062594437356154,260528.125,56634.923736971024,0.67,2.519357667126624,2.7705611561342263,2.806056313407945,190.063317884557,High-income countries,3.06535458564758,0.279715836048126,0.127051204442978,0.571733046277844,0.004472903948721907
Ireland,2013,-0.04766026312506,261793.9375,56607.93781458893,0.69,2.4861425678519713,2.519357667126624,2.7705611561342263,189.817861757825,High-income countries,3.08223915100098,0.261356592178345,0.122674480080605,0.610633995250085,0.00532347803222688
Ireland,2014,7.617071644002316,284563.78125,61088.27418472947,0.52,2.555408145993156,2.4861425678519713,2.519357667126624,201.6549599218,High-income countries,3.09921646118164,0.3016497194767,0.121752053499222,0.642574053424665,0.007229002953045072
Ireland,2015,33.81511240390651,402849.3125,85667.28892605126,0.67,2.5962235491811354,2.555408145993156,2.4861425678519713,216.205677349797,High-income countries,3.11628746986389,0.347428619861603,0.0926832482218742,0.556193404215908,0.009454037981469154
Ireland,2016,4.858211008536806,427491.75,89931.94071824505,0.87,2.5469060717135577,2.5962235491811354,2.555408145993156,229.764433064961,High-income countries,3.13345241546631,0.455762833356857,0.0927759632468224,0.553594293131282,0.01079030222841304
Ireland,2017,7.194817302556622,464867.625,96640.83196317207,0.56,2.4133587207284375,2.5469060717135577,2.5962235491811354,225.953602553095,High-income countries,3.15071201324463,0.43397268652916,0.0901540517807007,0.584331995163535,0.011869524669140041
Ireland,2018,1.488665913010756,477950.25,98090.25283649894,0.56,2.215714290540777,2.4133587207284375,2.5469060717135577,216.423647734722,High-income countries,3.16806674003601,0.36507773399353,0.0892730802297592,0.623705698597672,0.012867300807099857
Ireland,2019,14.16871665381123,557588.9375,113021.17253279676,0.72,2.4308855350910914,2.215714290540777,2.4133587207284375,249.745765682248,High-income countries,3.18551683425903,0.636585533618927,0.0843020081520081,0.607734111499269,0.01242820564382141
Ireland,2020,1.9885606849898707,574450.4375,115291.16239574231,0.75,2.887288104804304,2.4308855350910914,2.215714290540777,250.10845231469,High-income countries,3.20306324958801,0.506209313869476,0.0870717167854309,0.614822786655074,0.00990619628840017
Ireland,2021,4.183150381967948,604498.5625,120216.25902419565,1.23,2.615189263041256,2.887288104804304,2.4308855350910914,224.418835854724,High-income countries,3.22471332550049,0.272585362195969,0.0803494229912758,0.656304535515641,0.009153965336861525
Ireland,2022,6.704060065461981,656902.375,128551.92136384701,0.91,2.835942474898736,2.615189263041256,2.887288104804304,232.129490581307,High-income countries,3.24670171737671,0.264131426811218,0.074354812502861,0.616860099376219,0.01609552265018288
Ireland,2023,-9.600040035530455,606887.125,116784.74800014625,1.29,3.039215608790448,2.835942474898736,2.615189263041256,237.215881337618,High-income countries,3.26903486251831,0.312538504600525,0.0874277725815773,0.673265616583769,0.016807803245509012
Israel,1993,2.753729546394723,149657.578125,29425.138417965234,4.48,4.931872158078853,,,60.0140704374175,High-income countries,3.19377565383911,0.337963670492172,0.282727748155594,0.430975010004428,0.02565178398143586
Israel,1999,1.937268426143035,226606.96875,38110.306393404324,1.23,3.3308826955914728,4.931872158078853,,64.7395856251294,High-income countries,3.29678606987,0.34798601269722,0.234562441706657,0.445381715559403,0.026575876173934088
Israel,2000,6.206494237733828,247812.203125,40550.56431316978,1.02,2.8697190534074846,3.3308826955914728,4.931872158078853,68.3468590369834,High-income countries,3.31461334228516,0.335457265377045,0.223520740866661,0.454690813992341,0.027389169817288783
Israel,2001,-0.6372566160511184,252233.296875,40292.9747841128,2.86,3.0714966887385184,2.8697190534074846,3.3308826955914728,62.139584755155,High-income countries,3.32587480545044,0.331969797611237,0.232434779405594,0.440392415387187,0.02405579280467318
Israel,2002,-1.0055306713928402,254805.171875,39889.84674891824,2.96,2.9154124873198817,3.0714966887385184,2.8697190534074846,65.4711054145982,High-income countries,3.3371741771698,0.313025802373886,0.244777411222458,0.403256888805308,0.020200087498247976
Israel,2003,-5.952934155660117,244405.421875,37584.528231597986,6.29,2.7092375609888717,2.9154124873198817,3.0714966887385184,66.8817503698504,High-income countries,3.34851217269897,0.292991518974304,0.235759645700455,0.443740334842675,0.017858531764645802
Israel,2004,-2.450245293548825,242607.03125,36674.80582643887,2.4,2.644867333133663,2.7092375609888717,2.9154124873198817,74.9731995265147,High-income countries,3.35988879203796,0.283962517976761,0.220537096261978,0.488387541506314,0.017117020436465014
Israel,2005,-2.0115241888440494,241841.6875,35944.45346946868,6.59,2.630684185591435,2.644867333133663,2.7092375609888717,78.3242613769325,High-income countries,3.37130379676819,0.285838216543198,0.219224229454994,0.525081974637759,0.016955591105578982
Israel,2006,0.8669115363426627,248146.90625,36257.41467164385,1.27,2.672732277534413,2.630684185591435,2.644867333133663,78.4352889718463,High-income countries,3.40424275398254,0.284897774457932,0.217552170157433,0.557598572075575,0.017068491133854113
Israel,2007,0.9333968688384431,254807.921875,36597.42459735826,0.92,2.6031217511058977,2.672732277534413,2.630684185591435,78.8371062996628,High-income countries,3.43750333786011,0.286078840494156,0.219089090824127,0.656552811542278,0.017155110389520667
Israel,2008,-1.9889203815747436,254101.1875,35876.72182045627,1.18,2.7401085556534794,2.6031217511058977,2.672732277534413,75.380922305658,High-income countries,3.47108888626099,0.286900013685226,0.223264142870903,0.753952764809415,0.01711175371196072
Israel,2009,2.6521269368236844,265479.40625,36840.94775451229,2.4,3.0865029435950473,2.7401085556534794,2.6031217511058977,61.67564796397,High-income countries,3.50500273704529,0.24670185148716,0.223939582705498,0.718552236931273,0.01728343871984972
Israel,2010,3.9707650481165757,281240.875,38333.247009739345,2.4,2.4836368399049458,3.0865029435950473,2.7401085556534794,65.6330798689153,High-income countries,3.53924798965454,0.248923003673553,0.228058591485024,0.778793811232732,0.017966586306456422
Israel,2011,3.6618486323751753,297070.0625,39762.96987708377,4.36,2.3514106517868303,2.4836368399049458,3.0865029435950473,68.9094378497374,High-income countries,3.56390762329102,0.267258226871491,0.230627447366714,0.843981103076262,0.018138016784306155
Israel,2012,3.1125146641407753,312071.59375,41020.0602212472,2.18,2.090098937302646,2.3514106517868303,2.4836368399049458,69.9650250827043,High-income countries,3.58624792098999,0.276263475418091,0.223004311323166,0.777263256094345,0.018139470336041352
Israel,2013,2.468505689961198,325824.53125,42045.24404471635,3.93,1.9504130724901179,2.090098937302646,2.3514106517868303,64.1340511293501,High-income countries,3.61374354362488,0.294826358556747,0.216797426342964,0.743690444873904,0.01844130322705606
Israel,2014,-0.6995754302177914,329724.0625,41752.132312057256,1.03,2.0587616097200185,1.9504130724901179,2.090098937302646,61.7133541160002,High-income countries,3.64397883415222,0.301938056945801,0.218374237418175,0.771151500230156,0.01889289597156729
Israel,2015,1.6505884857004105,341821.84375,42447.00718672062,0.23,2.409033734778424,2.0587616097200185,1.9504130724901179,58.897971915566,High-income countries,3.65411353111267,0.274605184793472,0.217896074056625,0.747663803504839,0.019527661340167146
Israel,2016,5.466625328044117,368071.125,44832.02202678317,0.26,2.5462249487193853,2.409033734778424,2.0587616097200185,57.7990316850783,High-income countries,3.69244050979614,0.278802007436752,0.21556743979454,0.762901533739211,0.0193202640433201
Israel,2017,1.005234291375423,378663.65625,45284.9616236797,2.1,2.5430810634869756,2.5462249487193853,2.409033734778424,56.2801142540924,High-income countries,3.7316210269928,0.279412060976028,0.225002855062485,0.834686574699852,0.018319823673266455
Israel,2018,-2.2502232642793274,376803.03125,44277.328398237056,1.89,1.7628851309117424,2.5430810634869756,2.5462249487193853,58.7437542387448,High-income countries,3.77167916297913,0.293173283338547,0.2434923350811,0.900138038402135,0.01757645949395581
Israel,2019,1.9779824307617488,390987.5,45161.845129422276,2.84,1.8185928318941675,1.7628851309117424,2.5430810634869756,56.325348642584,High-income countries,3.81263899803162,0.29099714756012,0.246139720082283,0.946839712281997,0.017173178468722128
Israel,2020,-3.0845645969993285,385369.03125,43790.06433929641,2.09,2.09519547088044,1.8185928318941675,1.7628851309117424,51.2366737920366,High-income countries,3.85452651977539,0.279841870069504,0.266419500112534,1.03582218180186,0.01637145373061033
Israel,2021,7.8839147188963565,423735.1875,47382.17472271933,2.91,1.9096506679277512,2.09519547088044,1.8185928318941675,54.9016842006986,High-income countries,3.89736795425415,0.304872334003449,0.261138379573822,1.11321694114905,0.016068157217028478
Israel,2022,4.588998180082093,451581.875,49607.20469208958,1.45,1.8607940599311563,1.9096506679277512,2.09519547088044,60.6448526742952,High-income countries,3.94119048118591,0.335098773241043,0.25050076842308,1.10419728790227,0.01775801226248319
Italy,2000,2.8976986161858065,2321469.75,40533.97481039491,0.56,2.9814546792058385,,,50.2747311455639,High-income countries,2.77163362503052,0.250642508268356,0.143121808767319,0.425942065341232,0.0005483744628458354
Italy,2001,2.7427019773801575,2387420.25,41661.086948327706,0.81,3.2473913206005607,2.9814546792058385,,49.8632723203495,High-income countries,2.79335689544678,0.243424654006958,0.16512967646122,0.433616669008924,0.0005858718750415548
Italy,2002,-3.4764350976962177,2310471.25,40237.65205075779,0.93,3.49684002704967,3.2473913206005607,2.9814546792058385,47.8713186791542,High-income countries,2.81525039672852,0.25410184264183,0.157463446259499,0.48467964069382,0.0020024693601250476
Italy,2003,-1.6744017427589242,2284732.25,39569.52130976644,0.82,3.5049246376487644,3.49684002704967,3.2473913206005607,45.9940859777074,High-income countries,2.83731555938721,0.255685716867447,0.152168482542038,0.588634781928726,0.005541349608426671
Italy,2004,-0.35394159117227986,2293892.25,39429.715877160386,0.7,2.9959251995122647,3.5049246376487644,3.49684002704967,47.2663923891771,High-income countries,2.85955357551575,0.267376571893692,0.142375186085701,0.644674271004848,0.007540622920815032
Italy,2005,-0.5453230249782948,2294866.25,39215.28176848091,0.56,2.8385137619827234,2.9959251995122647,3.5049246376487644,49.1221742288618,High-income countries,2.88196587562561,0.275396704673767,0.13833187520504,0.626753728462193,0.005877745950327196
Italy,2006,4.056045576174228,2399447.0,40838.569576528804,0.52,2.7636551425898173,2.8385137619827234,2.9959251995122647,52.9235429597012,High-income countries,2.90455389022827,0.28605979681015,0.145252346992493,0.636418324297763,0.004003275428365427
Italy,2007,4.9503489304399295,2536420.0,42911.096704513315,0.43,2.545729979711319,2.7636551425898173,2.8385137619827234,54.8280415572531,High-income countries,2.92731904983521,0.289615303277969,0.147172555327415,0.684152997770526,0.006011854562627761
Italy,2008,1.449398460569995,2593171.5,43537.57862185361,0.37,2.402096836345791,2.545729979711319,2.7636551425898173,54.2142548956671,High-income countries,2.95026254653931,0.284476429224014,0.160050436854363,0.731033707172574,0.007634021366071941
Italy,2009,-2.630818482699304,2540356.5,42407.11932306368,0.58,2.461389166488091,2.402096836345791,2.545729979711319,45.1414765721604,High-income countries,2.97338581085205,0.265015125274658,0.169449165463448,0.658079796000284,0.005730966363366008
Italy,2010,0.01435546515065056,2551757.25,42413.20749928201,0.44,2.304847143606338,2.461389166488091,2.402096836345791,51.6621118138339,High-income countries,2.99669027328491,0.258991092443466,0.173086479306221,0.690734498933982,0.004334259320942557
Italy,2011,2.9381977088974054,2636741.0,43677.8796936384,0.38,2.249412961632349,2.304847143606338,2.461389166488091,54.4722149449288,High-income countries,3.01423954963684,0.25950762629509,0.167001292109489,0.711908498815928,0.0033794683020520466
Italy,2012,-2.811209130055836,2570598.0,42467.10164118641,0.13,2.033576514833907,2.249412961632349,2.304847143606338,54.8844952702204,High-income countries,3.03189158439636,0.24235038459301,0.164811104536057,0.617434411487585,0.00270696308979268
Italy,2013,-3.3267269454006154,2491514.0,41077.57810268588,0.16,2.2149642245391545,2.033576514833907,2.249412961632349,54.0341846317499,High-income countries,3.04964733123779,0.233015522360802,0.166034147143364,0.646313414730535,0.002019270617382496
Italy,2014,-0.9674385768038363,2467945.5,40682.093883719266,0.19,2.4693592850740793,2.2149642245391545,2.033576514833907,54.4545299332032,High-income countries,3.06750679016113,0.234981551766396,0.165933191776276,0.653949117084446,0.00016985108084011102
Italy,2015,2.6846732520517946,2531386.0,41789.06800915409,0.29,2.6951312200029567,2.4693592850740793,2.2149642245391545,55.4356858148221,High-income countries,3.08547067642212,0.239126950502396,0.164697453379631,0.543483465291321,-0.0014657768373558255
Italy,2016,5.422620137999878,2668154.75,44117.69617722988,0.35,2.9361182782498614,2.6951312200029567,2.4693592850740793,54.4321467018313,High-income countries,3.10353994369507,0.246409982442856,0.160806342959404,0.52249594013897,-0.0016060515842681866
Italy,2017,2.102353105052046,2720887.25,45055.02438321322,0.27,2.7318618316271666,2.9361182782498614,2.6951312200029567,57.5829940274911,High-income countries,3.12171483039856,0.252600610256195,0.159927919507027,0.532158186986527,-0.0014526376998356128
Italy,2018,0.3899264931906288,2726414.5,45231.048819726246,0.24,2.538279743108118,2.7318618316271666,2.9361182782498614,59.2749835128154,High-income countries,3.13999652862549,0.2595394551754,0.156781882047653,0.565073561422717,-0.001869910895516469
Italy,2019,4.836266195181693,2854516.0,47472.30240756482,0.28,2.583777777858395,2.538279743108118,2.7318618316271666,58.6941902594738,High-income countries,3.15838503837585,0.245062008500099,0.155469596385956,0.540674223592082,-0.0024477363678148123
Italy,2020,-7.745995591692889,2632202.25,43933.91081624019,0.47,2.7762809313177566,2.583777777858395,2.538279743108118,53.9394839042764,High-income countries,3.17688131332397,0.239878475666046,0.174338921904564,0.552739816710655,-0.0036214924583459762
Italy,2021,9.290865313136898,2879634.5,48211.381841590446,0.29,2.3161115461612547,2.7762809313177566,2.583777777858395,60.3019776202798,High-income countries,3.20566248893738,0.292022079229355,0.162503927946091,0.576141001610628,-0.0030661299754450866
Italy,2022,2.326154434403982,2941964.75,49345.9983429811,0.2,1.9502178865468358,2.3161115461612547,2.7762809313177566,72.0165023032697,High-income countries,3.23505067825317,0.315136313438416,0.155777752399445,0.552552887402871,-0.0018472802536262378
Italy,2023,3.2331954180197187,3032539.75,50967.52318042319,0.26,2.276402593010155,1.9502178865468358,2.3161115461612547,65.6408634740709,High-income countries,3.26506185531616,0.298991441726685,0.1575096398592,0.583671049299601,-0.002009124895661074
Japan,1988,9.220690613607374,3469540.0,28328.10535650822,3.12,3.70616163084578,,,16.8885147524671,High-income countries,3.14263677597046,0.340830713510513,0.133952021598816,0.839106512284555,0.004364329190844174
Japan,1989,7.586309607826891,3757369.0,30560.78129923726,3.25,3.7731826836696616,3.70616163084578,,18.5415137410981,High-income countries,3.16024994850159,0.355087995529175,0.130652949213982,0.76371894222101,0.003833862023077117
Japan,1990,7.034234730793898,4046020.5,32787.910900802766,3.6,3.4853113442159955,3.7731826836696616,3.70616163084578,19.3357137329228,High-income countries,3.17796182632446,0.36042308807373,0.122189886868,0.73732387984347,0.003672479726233746
Japan,1991,5.864090434311997,4307417.5,34768.11675750312,3.04,4.0527862771961285,3.4853113442159955,3.7731826836696616,17.7594512543168,High-income countries,3.19438242912293,0.361595302820206,0.121513664722443,0.779752525383612,0.003963826787376945
Japan,1992,3.1588272457346633,4463374.0,35883.91174188182,3.17,4.306739038174837,4.0527862771961285,3.4853113442159955,17.018068824019,High-income countries,3.21088767051697,0.349259912967682,0.124262467026711,0.807634075480601,0.003978173217399572
Japan,1993,2.5133484292423347,4593764.5,36797.22881675433,3.33,4.285683354200349,4.306739038174837,4.0527862771961285,15.7233391305175,High-income countries,3.22747826576233,0.337995707988739,0.12714284658432,0.871046988547639,0.003661373873653062
Japan,1994,1.377450836145755,4674152.0,37307.59953597688,3.29,4.293768665335957,4.285683354200349,4.306739038174837,15.8103062322757,High-income countries,3.24415493011475,0.335117191076279,0.133557513356209,0.976191472278776,0.003573407115023741
Japan,1995,5.361031817895956,4946759.5,39362.255109335034,5.11,3.777712645012931,4.293768665335957,4.285683354200349,16.3901049340172,High-income countries,3.26091766357422,0.340964823961258,0.133195847272873,1.02531196967692,0.0030746416493370177
Japan,1996,5.872307045615877,5258580.0,41742.944184408465,4.55,3.618541368574942,3.777712645012931,4.293768665335957,18.2538682255522,High-income countries,3.27776670455933,0.358018636703491,0.129087746143341,0.856707115908242,0.0024052421285878367
Japan,1997,-0.08168507203620834,5266408.0,41708.860352977725,3.95,3.1773991263824795,3.618541368574942,3.777712645012931,19.7835176233669,High-income countries,3.29470300674438,0.347114831209183,0.133794754743576,0.779168380513133,0.0023043586288569173
Japan,1998,-1.7103342324009674,5188714.5,41001.565233361725,4.29,3.111026695609512,3.1773991263824795,3.618541368574942,19.0031862223377,High-income countries,3.31172680854797,0.331146776676178,0.13826709985733,0.71814725810967,0.002240784726198264
Japan,1999,-1.308237181262939,5131489.5,40468.66093859852,2.23,3.0080417870694856,3.111026695609512,3.1773991263824795,18.1256307166911,High-income countries,3.32883858680725,0.315890997648239,0.144659280776978,0.812549168057803,0.0019923610920207224
Japan,2000,2.383952554435531,5264667.5,41445.00617892358,2.01,2.8078642703106382,3.0080417870694856,3.111026695609512,19.5623715839054,High-income countries,3.34603881835938,0.316091150045395,0.147542253136635,0.842320116454094,0.0017824972346573986
Japan,2001,0.4716009058546078,5299230.0,41640.92281269388,2.11,2.8396482355513695,2.8078642703106382,3.0080417870694856,19.5596044720071,High-income countries,3.36086773872376,0.313683480024338,0.154229789972305,0.731171559007696,0.0018275272308372337
Japan,2002,-0.09873441581031983,5303337.5,41599.82918093368,2.03,2.6094049203834038,2.8396482355513695,2.8078642703106382,20.4471220661583,High-income countries,3.37576270103455,0.294022709131241,0.159020319581032,0.691575995659976,0.0017621565241627835
Japan,2003,1.1598374210722184,5373061.0,42085.1284679587,3.98,2.633576278396997,2.6094049203834038,2.8396482355513695,21.3261252678119,High-income countries,3.39072346687317,0.290537387132645,0.16323247551918,0.73945962935852,0.0014630511824522685
Japan,2004,1.7669002617557439,5475032.0,42835.33893085841,3.19,2.395022929540895,2.633576278396997,2.6094049203834038,23.6643534228975,High-income countries,3.40575051307678,0.288972973823547,0.162085980176926,0.78522140014651,0.0011313530729424315
Japan,2005,1.1907042177593752,5544842.0,43348.42975317741,2.96,2.303373615999719,2.395022929540895,2.633576278396997,26.2299545778565,High-income countries,3.42084431648254,0.286504626274109,0.165040835738182,0.769776752214702,0.0007629636455641631
Japan,2006,1.2643814541620557,5619079.0,43899.99888044467,1.11,1.6983036256006059,2.303373615999719,2.395022929540895,30.0163760986692,High-income countries,3.43600463867188,0.281627923250198,0.165589794516563,0.73996815506576,0.0006558306732893371
Japan,2007,1.7421177495636542,5721867.5,44671.48917567264,1.72,1.6999080873547996,1.6983036256006059,2.303373615999719,32.816578051879,High-income countries,3.45123267173767,0.275108575820923,0.166609108448029,0.735277540243942,0.0007062891526850024
Japan,2008,-1.9984305774567446,5611646.0,43787.62163204388,1.62,1.5184506394400896,1.6999080873547996,1.6983036256006059,34.1294765412245,High-income countries,3.46652793884277,0.278022885322571,0.170898571610451,0.830770532619355,0.0005331487882989094
Japan,2009,-4.37659189644215,5372873.0,41912.5475934741,1.73,1.756088507621718,1.5184506394400896,1.6999080873547996,24.3901665338555,High-income countries,3.48189091682434,0.245487317442894,0.186068132519722,0.896172658857251,0.00028461259526402216
Japan,2010,3.583101330588967,5568566.5,43441.545840581144,1.63,1.6409790047811408,1.756088507621718,1.5184506394400896,28.4984726938389,High-income countries,3.49732208251953,0.241657540202141,0.185061603784561,0.947950876960036,-5.6128116751708035e-05
Japan,2011,-0.6743529661866532,5527307.5,43149.58202739012,0.92,1.5257927228937442,1.6409790047811408,1.756088507621718,30.1949607286296,High-income countries,3.50793290138245,0.25581619143486,0.193760380148888,1.0244353083169,-0.000693323020193759
Japan,2012,1.0564724547453608,5578679.0,43607.86201425275,0.75,1.4378216402625092,1.5257927228937442,1.6409790047811408,30.4709109171752,High-income countries,3.51857590675354,0.263597518205643,0.192654892802238,1.01952731676769,-0.0013135218048176966
Japan,2013,0.7706994462221672,5612847.0,43945.24600358845,0.75,1.441416645715866,1.4378216402625092,1.5257927228937442,33.9787686509511,High-income countries,3.52925133705139,0.246362388134003,0.190061196684837,0.924539465982132,-0.0016009270394095054
Japan,2014,-1.7359975914002845,5506011.5,43188.94130093118,0.87,1.476122809958153,1.441416645715866,1.4378216402625092,37.4314345686579,High-income countries,3.53995895385742,0.254693686962128,0.196927428245544,0.879533160304222,-0.0018576061750099626
Japan,2015,3.0494288426346827,5667116.5,44526.243748697314,1.58,1.7287042688525525,1.476122809958153,1.441416645715866,35.4274083544798,High-income countries,3.55069923400879,0.24934384226799,0.19593346118927,0.792913468024812,-0.001654349184730286
Japan,2016,-1.4252106722487667,5581832.5,43896.151705814984,1.73,1.7653205075161396,1.7287042688525525,1.476122809958153,31.3102468455884,High-income countries,3.56147217750549,0.253857046365738,0.201686322689056,0.876592403970076,-0.0009112003699307536
Japan,2017,-0.18135009101367672,5567545.0,43816.618133645155,1.69,1.6813924248240935,1.7653205075161396,1.7287042688525525,34.4232135721686,High-income countries,3.57227778434753,0.258177071809769,0.206609353423119,0.866246947843036,-0.0007494238487959493
Japan,2018,-0.6829136489985288,5523070.5,43518.40788609357,1.7,1.6837740199597577,1.6813924248240935,1.7653205075161396,36.609931802107,High-income countries,3.58311605453491,0.264163315296173,0.213149309158325,0.888002161786536,-0.0011911106097795
Japan,2019,0.033851172912413574,5515624.0,43533.1418712685,1.61,1.7547761203853935,1.6837740199597577,1.6813924248240935,35.2164181084145,High-income countries,3.59398722648621,0.272654384374619,0.220519721508026,0.882278714207052,-0.0016876750979504251
Japan,2020,-3.006443664136782,5335586.5,42243.8209526636,1.89,1.7932203578174712,1.7547761203853935,1.6837740199597577,31.335208636773,High-income countries,3.60489130020142,0.265595763921738,0.230636686086655,0.910404049151098,-0.0031215425222503868
Japan,2021,0.5322055280316818,5337506.5,42469.24422851432,1.48,1.5638073141377258,1.7932203578174712,1.7547761203853935,36.7384462280698,High-income countries,3.62192320823669,0.268590658903122,0.238134115934372,0.896063191427901,-0.0049622720345956495
Japan,2022,-1.237912621281012,5243242.5,41946.75276028148,1.03,1.4589168814324112,1.5638073141377258,1.7932203578174712,46.8129868368938,High-income countries,3.63912701606751,0.27102118730545,0.240679055452347,0.772129411628504,-0.0054393654732693975
Japan,2023,3.322093354202593,5393180.5,43363.66836541013,1.49,1.6258355618235543,1.4589168814324112,1.5638073141377258,45.1508795641248,High-income countries,3.6565043926239,0.264324337244034,0.236034944653511,0.75811154918298,-0.005025753101466357
Jordan,2000,0.49011611024756263,22151.265625,4112.027433916626,16.9,18.84982145830734,,,110.328904595996,Lower-middle-income countries,2.48878574371338,0.247063189744949,0.274240255355835,0.444306204462764,0.020726047905142986
Jordan,2001,5.427503287515023,23872.763671875,4341.375496940839,6.66,12.074542868514845,18.84982145830734,,109.285478573786,Lower-middle-income countries,2.52800011634827,0.248039990663528,0.248777225613594,0.412077423313659,0.020568547225817024
Jordan,2002,6.734878161696223,26080.0703125,4643.832588951056,10.91,12.642687912168121,12.074542868514845,18.84982145830734,114.03885781572,Lower-middle-income countries,2.56526470184326,0.243642300367355,0.216852143406868,0.3747909065408,0.02108443768335988
Jordan,2003,6.147912802809152,28354.8125,4938.290122936459,7.0,11.218227960926317,12.642687912168121,12.074542868514845,115.706835253918,Lower-middle-income countries,2.59240794181824,0.26901775598526,0.206569716334343,0.345556550567076,0.022146207739404344
Jordan,2004,8.642075061758625,31669.279296875,5384.044690606745,6.01,10.864327394519124,11.218227960926317,12.642687912168121,134.621611934395,Lower-middle-income countries,2.61983871459961,0.367477357387543,0.17278864979744,0.320559228275903,0.024129584169655383
Jordan,2005,8.590538615081478,35375.65234375,5867.010848960302,6.26,11.920637593952717,10.864327394519124,11.218227960926317,146.908891279018,Lower-middle-income countries,2.64755964279175,0.454429388046265,0.143490165472031,0.295547647420396,0.02477130681428208
Jordan,2006,8.336942492347355,40988.0390625,6377.108006135012,3.66,9.528556713150254,11.920637593952717,10.864327394519124,141.747381831126,Lower-middle-income countries,2.67355275154114,0.382843285799027,0.161305293440819,0.30926572559348,0.06388707243028535
Jordan,2007,7.312009154041732,46840.7421875,6860.873702822537,18.15,9.353793443250582,9.528556713150254,11.920637593952717,145.994246288526,Lower-middle-income countries,2.69980120658875,0.362816542387009,0.16241891682148,0.34058334393707,0.060352998268103475
Jordan,2008,16.00951050875068,56282.9296875,8052.075631707389,5.81,8.540930566850873,9.353793443250582,9.528556713150254,140.91292596092,Lower-middle-income countries,2.72630739212036,0.394498288631439,0.187941044569016,0.334369579560983,0.023542797605826005
Jordan,2009,14.381477430465317,66400.390625,9297.491893796943,6.56,8.781651779344335,8.540930566850873,9.353793443250582,112.151998187109,Lower-middle-income countries,2.75307369232178,0.352598428726196,0.214035645127296,0.315757594970526,0.02149687860535021
Jordan,2010,10.477949374745776,75338.65625,10324.546018161054,5.54,8.481531404588752,8.781651779344335,8.540930566850873,114.222677694125,Upper-middle-income countries,2.78010272979736,0.339475274085999,0.217516705393791,0.34703273587089,0.021510933174678337
Jordan,2011,10.398758356445192,85695.578125,11455.978715243948,6.38,8.117129785663426,8.481531404588752,8.781651779344335,118.699679501801,Upper-middle-income countries,2.79340982437134,0.271627008914948,0.229115203022957,0.356238086672362,0.024820277273068125
Jordan,2012,0.984152396922866,87777.59375,11569.279616645405,3.18,8.16948635648383,8.117129785663426,8.481531404588752,117.855587685189,Upper-middle-income countries,2.80678057670593,0.255378663539887,0.22495599091053,0.384628122958298,0.014163520503067684
Jordan,2013,-4.210038381116377,88647.6953125,11092.319062242354,6.75,8.122348117065993,8.16948635648383,8.117129785663426,111.451527997628,Upper-middle-income countries,2.82021546363831,0.22435387969017,0.219388797879219,0.41827285429362,0.051964146786843024
Jordan,2014,-8.383446951610729,89678.1953125,10200.313171442189,3.3,8.847121562692205,8.122348117065993,8.16948635648383,109.938805535022,Upper-middle-income countries,2.83371472358704,0.233993217349052,0.20561358332634,0.411384497885765,0.09539208986415604
Jordan,2015,-2.4759898851018036,94978.21875,9950.855466928395,13.14,8.792628706605765,8.847121562692205,8.122348117065993,95.3579122266791,Upper-middle-income countries,2.84727835655212,0.243448927998543,0.212450250983238,0.392832903171674,0.08217983292054676
Jordan,2016,-2.9868544412824605,96641.8203125,9658.03276179057,6.58,9.538966271769235,8.792628706605765,8.847121562692205,88.7207178954687,Lower-middle-income countries,2.86090707778931,0.226278156042099,0.200675770640373,0.411388144580168,0.04723252544012313
Jordan,2017,3.185033588943753,102041.328125,9970.595541372646,14.84,9.393285900022647,9.538966271769235,8.792628706605765,89.7316005071358,Upper-middle-income countries,2.87460112571716,0.226042434573174,0.194288939237595,0.419575907883465,0.022516003004377616
Jordan,2018,-3.8583405610369326,100367.234375,9593.222983059375,16.44,10.514333298177785,9.393285900022647,9.538966271769235,87.6359151906857,Upper-middle-income countries,2.88836050033569,0.201283484697342,0.210848778486252,0.498523783708645,0.022041299839326012
Jordan,2019,3.1817697916258325,105687.6328125,9903.365093637107,8.29,10.021933636694186,10.514333298177785,9.393285900022647,85.6878334964204,Upper-middle-income countries,2.90218591690063,0.183348566293716,0.215934678912163,0.478486517616071,0.0198343822476299
Jordan,2020,-0.2785233856350544,107303.0390625,9875.820283062629,3.6,8.986373716894507,10.021933636694186,10.514333298177785,66.0599488089059,Upper-middle-income countries,2.91607737541199,0.173576578497887,0.22634768486023,0.430078621055171,0.017954322823906743
Jordan,2022,-7.26202693992164,97078.375,8624.387596487395,4.41,3.7751700087296136,8.986373716894507,10.021933636694186,104.095459439189,Lower-middle-income countries,2.88985562324524,0.171688184142113,0.201300337910652,0.511104825533046,0.017015170284256254
Jordan,2023,3.793083188575963,102470.1953125,8957.801145279836,1.31,3.9071260026886585,3.7751700087296136,8.986373716894507,100.347868752034,Lower-middle-income countries,2.87683320045471,0.16898712515831,0.195951566100121,0.517653951357812,0.016122505023563605
Kenya,1994,10.325502532627429,75911.7109375,2935.813485003943,20.66,20.949924508062285,,,71.2661252293107,Low-income countries,1.79481399059296,0.0654221698641777,0.0965360328555107,0.36181788838571,0.029033992314030144
Kenya,1998,0.4246358210634682,81129.546875,2808.4113401950153,16.72,14.400117522492737,20.949924508062285,,48.8972419400753,Low-income countries,1.88764846324921,0.112859636545181,0.0897979587316513,0.305779455196033,0.027595764600942374
Kenya,1999,-2.8180318804812643,81183.328125,2730.37413420621,9.12,12.065329249777466,14.400117522492737,20.949924508062285,48.1922749889095,Low-income countries,1.91159796714783,0.103622011840343,0.088656485080719,0.303017812465032,0.028843005014618228
Kenya,2000,-4.323452360373281,80126.3515625,2614.843167942058,9.17,16.405495528945654,12.065329249777466,14.400117522492737,53.3090443862273,Low-income countries,1.93585121631622,0.118018344044685,0.0887907072901726,0.282518366922793,0.030129399447792693
Kenya,2001,-2.190038704092423,80888.1484375,2558.1996123712293,9.58,15.804476555709536,16.405495528945654,12.065329249777466,55.9468360286644,Low-income countries,1.95771253108978,0.128123447299004,0.0872515067458153,0.277473821181646,0.03136292065419255
Kenya,2002,-5.410849255243733,79076.953125,2423.457506247049,12.99,10.91358224748096,15.804476555709536,16.405495528945654,55.1726722640053,Low-income countries,1.979820728302,0.108725495636463,0.0942135155200958,0.330916567969412,0.03146264420478406
Kenya,2003,0.7966288233668628,82207.015625,2442.840570294569,8.18,10.349912007604795,10.91358224748096,15.804476555709536,54.132265895729,Low-income countries,2.00217866897583,0.116513758897781,0.101649299263954,0.317541326281081,0.03085288988361201
Kenya,2004,-0.4570715408443782,84412.7265625,2431.7005196544105,7.09,10.25120772778237,10.349912007604795,10.91358224748096,59.4770033484289,Low-income countries,2.02478885650635,0.118761211633682,0.0991029143333435,0.32964626672915,0.03104824764191072
Kenya,2005,-0.16518027779008904,86902.6640625,2427.687145544797,15.62,7.499462961670136,10.25120772778237,10.349912007604795,64.4788661639796,Low-income countries,2.04765462875366,0.127127677202225,0.098543755710125,0.392624794760202,0.03072231233525402
Kenya,2006,7.616871368394218,96682.0625,2619.825534939186,12.49,7.019646996906895,7.499462961670136,10.25120772778237,55.2364851257303,Low-income countries,2.07077860832214,0.141414523124695,0.0938611924648285,0.386955588989094,0.0304704867411556
Kenya,2007,5.688982280129462,105481.9453125,2773.187965871803,7.65,8.157844583858285,7.019646996906895,7.499462961670136,53.8947888046059,Low-income countries,2.09416365623474,0.144276022911072,0.0968489870429039,0.444723985542262,0.030222092118868726
Kenya,2008,0.9019889390037505,109711.71875,2798.3149656034047,5.66,8.152878146603708,8.157844583858285,7.019646996906895,57.5785986473131,Low-income countries,2.1178126335144,0.164768815040588,0.10420049726963,0.394894554797086,0.030296493826443616
Kenya,2009,9.492526928161382,124336.6171875,3076.9618791938638,6.61,10.206807513651427,8.152878146603708,8.157844583858285,45.9451918127805,Low-income countries,2.14172887802124,0.156886532902718,0.103827640414238,0.394275759510275,0.030211086032265744
Kenya,2010,4.230030945391938,133527.671875,3209.9103768406253,7.95,8.652459111040573,10.206807513651427,8.152878146603708,50.3942873502834,Low-income countries,2.16591501235962,0.17031741142273,0.106099650263786,0.401349937039931,0.02901588454677473
Kenya,2011,1.0747644215053143,138733.90625,3244.595408847854,3.64,7.8930828804288256,8.652459111040573,10.206807513651427,58.4022059745625,Low-income countries,2.18529486656189,0.172887995839119,0.107284404337406,0.397812555044878,0.027501374369697462
Kenya,2012,5.896382297405012,151048.703125,3441.6619645785804,19.58,12.641688700800989,7.8930828804288256,8.652459111040573,51.6236920232481,Low-income countries,2.20484805107117,0.176256626844406,0.101261019706726,0.440768733723308,0.02608074418049533
Kenya,2013,3.843460200130977,160895.96875,3576.5157988263713,14.6,10.132325544487225,12.641688700800989,7.8930828804288256,47.4646425127304,Low-income countries,2.22457599639893,0.178003549575806,0.103395961225033,0.454569914542986,0.02472107523893463
Kenya,2014,5.3622411760809285,173776.59375,3773.5322445943057,12.67,9.831910493050913,10.132325544487225,12.641688700800989,46.170489362216,Lower-middle-income countries,2.2444806098938,0.198886498808861,0.106750883162022,0.457405061946319,0.02339011922306966
Kenya,2015,9.453437988403302,195307.5,4147.666461252153,8.61,7.718866354548375,9.831910493050913,10.132325544487225,40.3273846919019,Lower-middle-income countries,2.26456332206726,0.18296305835247,0.122481718659401,0.414180148911257,0.02227032943225593
Kenya,2016,5.349281131799266,210638.96875,4375.578278064001,11.04,12.244951263487328,7.718866354548375,9.831910493050913,34.8650195731824,Lower-middle-income countries,2.28482580184937,0.165285557508469,0.126361474394798,0.402772196856823,0.022077568461270847
Kenya,2017,3.9583420039082995,223960.640625,4552.2522430185145,6.74,10.052777319606962,12.244951263487328,7.718866354548375,35.9950578754074,Lower-middle-income countries,2.30526947975159,0.189340904355049,0.12844555079937,0.386734971898621,0.0217412854990493
Kenya,2018,5.768000420484043,242126.109375,4822.546524638434,21.43,10.614015080673276,10.052777319606962,12.244951263487328,34.4147531767425,Lower-middle-income countries,2.32589602470398,0.170181021094322,0.124665513634682,0.424459111728327,0.020308374418960717
Kenya,2019,5.378703323130551,260573.21875,5089.039688179717,5.42,10.913221892332446,10.614015080673276,10.052777319606962,31.759461841481,Lower-middle-income countries,2.34670734405518,0.163439840078354,0.117428533732891,0.448328344212888,0.019638154982677403
Kenya,2020,-0.9518457054182861,263218.6875,5040.829688853896,22.53,9.079284428202264,10.913221892332446,10.614015080673276,27.2378155252369,Lower-middle-income countries,2.36770462989807,0.1609977632761,0.11528766900301,0.460161513190914,0.019619763366485188
Kenya,2021,4.697174064372334,281170.4375,5283.255237408267,13.83,9.285341736998637,9.079284428202264,10.913221892332446,30.8243031771262,Lower-middle-income countries,2.475581407547,0.16722010076046,0.108468972146511,0.469812744964016,0.019004085894889666
Kenya,2022,1.7074109308060414,291565.5625,5374.236617579431,15.33,11.119507127376698,9.285341736998637,9.079284428202264,33.6911387270322,Lower-middle-income countries,2.57906222343445,0.158847004175186,0.11256317794323,0.463062494264773,0.01922976082064709
Kenya,2023,3.7210340291093047,308679.90625,5577.980981153564,5.49,11.918416850540902,11.119507127376698,9.285341736998637,32.0920792814469,Lower-middle-income countries,2.60687518119812,0.138419836759567,0.109269224107265,0.405758827940909,0.019829602847841965
Kuwait,2002,4.7143559744164065,89830.6953125,43607.68403508976,3.84,4.275996553986679,,,81.2251941328732,High-income countries,2.09803032875061,0.246473222970963,0.212271139025688,0.269427704960821,0.025493902384488676
Kuwait,2003,16.70542679724747,108735.59375,51536.363306745734,4.84,4.524095141128991,4.275996553986679,,86.5551755074577,High-income countries,2.0938413143158,0.230754926800728,0.185096278786659,0.283229154205375,0.02393818643066048
Kuwait,2004,18.85039885619939,134243.90625,62227.16437524336,4.55,4.524095141128991,4.524095141128991,4.275996553986679,89.2976416790834,High-income countries,2.08966064453125,0.239361360669136,0.159643664956093,0.298726959810286,0.02223516280598903
Kuwait,2005,24.048234596173934,177029.234375,79144.3956132633,4.75,4.683840228385713,4.524095141128991,4.524095141128991,92.2426800942645,High-income countries,2.08548831939697,0.215281084179878,0.138673722743988,0.316008973191042,0.03617419763683061
Kuwait,2006,14.916432735652485,217261.875,91875.8587121675,4.98,4.528783365265512,4.683840228385713,4.524095141128991,89.7130931980522,High-income countries,2.09777212142944,0.197244465351105,0.124388717114925,0.355262642191901,0.05562421092860126
Kuwait,2007,2.4252876846480476,236070.796875,94131.3531570601,4.02,4.106291234597087,4.528783365265512,4.683840228385713,91.7325033915889,High-income countries,2.11012840270996,0.242987766861916,0.11855036765337,0.387148683971263,0.058775446769560924
Kuwait,2008,7.705661127848984,269574.15625,101671.57771247945,1.7,4.106291234597087,4.106291234597087,4.528783365265512,92.6834562516721,High-income countries,2.1225574016571,0.199366092681885,0.102781869471073,0.437162454477274,0.055655156760957
Kuwait,2009,-32.265653895187896,205839.453125,73632.84966932381,1.44,3.905515937702537,4.106291234597087,4.106291234597087,88.8110649851457,High-income countries,2.13505983352661,0.20725579559803,0.142942920327187,0.419441316804861,0.05290953528879716
Kuwait,2010,7.004853356351859,232454.765625,78975.66655692858,3.98,3.9421550401681626,3.905515937702537,4.106291234597087,97.0280216627504,High-income countries,2.14763569831848,0.212926119565964,0.126176625490189,0.397436291943218,0.051550604910298725
Kuwait,2011,17.770992272396136,295533.25,94334.75782475436,3.98,3.9421550401681626,3.9421550401681626,3.905515937702537,99.1164927304135,High-income countries,2.1896767616272,0.155658230185509,0.102350972592831,0.436038677896147,0.06237577929551841
Kuwait,2012,-0.9816032015960374,311722.5,93413.29477603553,4.39,3.961040902588109,3.9421550401681626,3.9421550401681626,101.011435176358,High-income countries,2.23254108428955,0.13443711400032,0.106039099395275,0.491058171175851,0.06314804931040885
Kuwait,2013,-7.5254145146963936,303916.5625,86641.55343630924,4.39,3.961040902588109,3.961040902588109,3.9421550401681626,97.6054912474252,High-income countries,2.11419415473938,0.158008754253387,0.118315681815147,0.494236265109982,0.04989397445895749
Kuwait,2014,-12.538559995854293,280179.71875,76431.42490546314,3.45,3.961040902588109,3.961040902588109,3.961040902588109,100.037189780363,High-income countries,2.15259790420532,0.175653114914894,0.122983306646347,0.501506177197459,0.04406365163387527
Kuwait,2015,-36.38609533592678,203682.015625,53118.90966093217,3.22,3.851447767277798,3.961040902588109,3.961040902588109,98.6999883228859,High-income countries,2.19169926643372,0.295129805803299,0.146666839718819,0.452402087567987,0.04498973420881125
Kuwait,2016,-6.634518933132405,199033.75,49709.08880209173,2.44,3.851447767277798,3.851447767277798,3.961040902588109,96.1576724081222,High-income countries,2.20387268066406,0.338679999113083,0.158088833093643,0.456677330960334,0.04325956686761967
Kuwait,2017,7.8989108542886655,223500.46875,53794.80484080021,2.45,3.866132181038894,3.851447767277798,3.851447767277798,97.8400465627886,High-income countries,2.21611380577087,0.335845291614532,0.159893900156021,0.424065124662915,0.03694999448964498
Kuwait,2018,4.0221580146052816,242121.0,56002.62016793777,4.35,3.9064551049816414,3.866132181038894,3.851447767277798,102.785630676596,High-income countries,2.22225975990295,0.275855273008347,0.156562447547913,0.491437727940581,0.03980250968542398
Kuwait,2019,-2.099560878553497,243605.78125,54839.068543607056,4.43,3.92381938090635,3.9064551049816414,3.866132181038894,91.6857123834172,High-income countries,2.23645782470703,0.249601021409035,0.169242277741432,0.495150212591239,0.027109275694693347
Kuwait,2020,-20.311277916582604,196945.5625,44758.89027722729,4.29,3.9317101687061746,3.92381938090635,3.9064551049816414,82.01074583049,High-income countries,2.25088357925415,0.199508517980576,0.203782990574837,0.434486275315928,-0.009511130877847496
Kuwait,2021,14.71551432526752,226124.890625,51854.682213485685,4.18,3.7815293998741413,3.9317101687061746,3.92381938090635,82.0003751084726,High-income countries,2.26554155349731,0.154464066028595,0.171218529343605,0.545733579400997,-0.008995041293802464
Kuwait,2022,16.71676717143633,281290.0625,61289.7675809035,3.89,4.939724553486398,3.7815293998741413,3.9317101687061746,90.9188102145939,High-income countries,2.28043651580811,0.199188321828842,0.151142790913582,0.53692691537231,0.05113125608176938
Latvia,1996,-0.22804376444014451,23853.12109375,9704.655425555504,2.26,2.1801280716561404,,,92.5618241635257,Lower-middle-income countries,2.74205899238586,0.11855486035347,0.390581279993057,0.409765201156627,-0.01134511690618123
Latvia,1997,6.159710040988919,25113.93359375,10321.228684720028,8.02,3.210214619477565,2.1801280716561404,,90.9261555867307,Lower-middle-income countries,2.76377201080322,0.120183728635311,0.364109694957733,0.457294783714502,-0.010089357281170774
Latvia,1998,9.153058674040793,27260.720703125,11310.52149549064,0.65,3.2968111466317387,3.210214619477565,2.1801280716561404,93.0486575859765,Lower-middle-income countries,2.78565740585327,0.157682731747627,0.362494379281998,0.430023108830473,-0.009506538073257298
Latvia,1999,6.7389584945123815,28926.560546875,12099.002161965633,6.25,2.931509634329796,3.2968111466317387,3.210214619477565,82.1505568188769,Lower-middle-income countries,2.80771565437317,0.149690330028534,0.333235681056976,0.388854946461399,-0.008076225867732933
Latvia,2000,3.9884136982500706,29820.169921875,12591.312855131478,3.23,2.4038046293979036,2.931509634329796,3.2968111466317387,83.6121321100556,Lower-middle-income countries,2.82994890213013,0.164072945713997,0.312927633523941,0.399828395829667,-0.009459352525465481
Latvia,2001,6.875742506371907,31537.873046875,13487.516383423264,3.41,2.562395829903095,2.4038046293979036,2.931509634329796,88.1768278184248,Upper-middle-income countries,2.8562593460083,0.196411669254303,0.306369215250015,0.375174022614575,-0.012753290062691547
Latvia,2002,8.1654700330418,33826.734375,14635.048668505993,1.07,2.4897657867431353,2.562395829903095,2.4038046293979036,85.9772056778195,Upper-middle-income countries,2.88281440734863,0.195156708359718,0.321589589118958,0.407057399631373,-0.011592395216912021
Latvia,2004,6.485278797863714,36430.703125,16090.063363063085,1.38,2.3378584188811193,2.4897657867431353,2.562395829903095,97.2352655771748,Upper-middle-income countries,2.93666768074036,0.275317698717117,0.293756425380707,0.491877947769952,-0.010898038482648031
Latvia,2005,8.001603591527306,39040.4140625,17430.437070047825,1.43,2.441279786332959,2.3378584188811193,2.4897657867431353,104.517156602918,Upper-middle-income countries,2.96397042274475,0.310285270214081,0.256203263998032,0.50837930912429,-0.010830579865421353
Latvia,2006,11.056641513505205,43200.64453125,19468.238642457614,1.87,2.420994002460483,2.441279786332959,2.3378584188811193,105.695342080455,Upper-middle-income countries,2.97694563865662,0.357768177986145,0.238579913973808,0.57988777837914,-0.009308367889189983
Latvia,2007,14.703031410122769,49631.44921875,22551.79501173677,1.93,2.1948051732588163,2.420994002460483,2.441279786332959,100.880910871828,Upper-middle-income countries,2.98997783660889,0.376519680023193,0.257189869880676,0.759718951076512,-0.008261039313439023
Latvia,2008,3.7092824031894622,50967.17578125,23404.012645043353,1.78,1.9689530318043618,2.1948051732588163,2.420994002460483,95.7681628438571,Upper-middle-income countries,3.00306701660156,0.356012493371964,0.287321031093597,0.782097253505134,-0.010535700278538895
Latvia,2009,-11.08998558952603,44869.921875,20947.255435581825,2.08,1.8915865519351143,1.9689530318043618,2.1948051732588163,88.8320494963692,High-income countries,3.01621341705322,0.229708775877953,0.285905331373215,0.624891457606617,-0.01651427864421018
Latvia,2010,2.5870184139192176,45095.46875,21496.235278246917,1.95,1.9280851010991018,1.8915865519351143,1.9689530318043618,110.86235386272,Upper-middle-income countries,3.02941751480103,0.211434721946716,0.268219292163849,0.553451299020324,-0.020856092698593676
Latvia,2011,8.361434289044567,48142.69921875,23370.91170026229,1.84,2.0322753981513135,1.9280851010991018,1.8915865519351143,129.734758014485,Upper-middle-income countries,3.03802037239075,0.271630853414536,0.27098822593689,0.595593451022468,-0.018226612207378978
Latvia,2012,6.371996068014241,50679.80859375,24908.574958604328,2.47,1.9137177824807856,2.0322753981513135,1.9280851010991018,133.211503650958,High-income countries,3.05356788635254,0.281017482280731,0.247694656252861,0.591089567879058,-0.012361882964352477
Latvia,2013,1.7628176294779863,51032.9453125,25351.56075354817,2.46,1.884331451690954,1.9137177824807856,2.0322753981513135,129.677184929099,High-income countries,3.072678565979,0.254510641098022,0.250694185495377,0.62419367330957,-0.010684344295082138
Latvia,2014,3.5988145722138043,52407.296875,26280.532134258774,1.66,1.9199706446002245,1.884331451690954,1.9137177824807856,130.042252244959,High-income countries,3.08140444755554,0.250603705644608,0.257453352212906,0.617947679756124,-0.009413721434748834
Latvia,2015,5.846575061264758,55109.0078125,27862.848114913693,0.93,1.9964543113646043,1.9199706446002245,1.884331451690954,126.380014406006,High-income countries,3.08315277099609,0.243435680866241,0.25465127825737,0.508250360886331,-0.008198401616613449
Latvia,2016,4.329757516682342,57023.6640625,29095.739887175787,2.7,2.0555762209599555,1.9964543113646043,1.9199706446002245,123.330518429659,High-income countries,3.09366273880005,0.228384345769882,0.254543662071228,0.487063162439777,-0.009144418463572834
Latvia,2017,5.187243138259134,59530.4765625,30644.83703877393,2.28,1.9827434371640356,2.0555762209599555,1.9964543113646043,128.714003328884,High-income countries,3.11567378044128,0.241903871297836,0.259617686271668,0.493460172072752,-0.008850379503028027
Latvia,2018,4.717168688208062,61923.84765625,32125.043140053785,2.33,1.7377009535142607,1.9827434371640356,2.0555762209599555,128.234095559822,High-income countries,3.13784122467041,0.265708982944489,0.254334568977356,0.517901307093077,-0.007754712930532981
Latvia,2019,6.834571398606393,65845.7109375,34397.421324812734,2.44,2.0504346644952594,1.7377009535142607,1.9827434371640356,125.29163170793,High-income countries,3.15032386779785,0.258306413888931,0.267758518457413,0.492580489264782,-0.006936788247192016
Latvia,2020,0.14576147448757126,65489.1171875,34447.596072163666,2.51,2.217649422438943,2.0504346644952594,1.7377009535142607,123.88319804656,High-income countries,3.16514873504639,0.2454002648592,0.288603037595749,0.500383421748815,-0.006887927958349693
Latvia,2021,4.062022604982296,67646.703125,35875.673265142366,2.2,1.7828184859510698,2.217649422438943,2.0504346644952594,136.796615414819,High-income countries,3.18013668060303,0.280154496431351,0.295421183109283,0.557444165879157,-0.008205585942378968
Latvia,2022,-0.5555037560975862,67110.5625,35676.93506278099,2.19,2.139818046565159,1.7828184859510698,2.217649422438943,159.84434485906,High-income countries,3.19528985023499,0.260432422161102,0.303185105323792,0.563600052790441,-0.0024021356777965686
Latvia,2023,5.044994333367647,70633.1640625,37523.01006934779,1.77,2.4206204994189666,2.139818046565159,1.7828184859510698,136.632034970681,High-income countries,3.21061062812805,0.275892019271851,0.312984138727188,0.567534307069727,0.0007083909008939182
Lesotho,2007,5.839381983963943,5196.2001953125,2660.2597264238702,0.0,9.653350508660935,12.790020566107252,13.979966875131828,165.048948833372,Lower-middle-income countries,2.16904330253601,0.136676728725433,0.400597333908081,0.490831099587968,0.00420949997112674
Lesotho,2008,5.100057578493988,5505.24072265625,2799.4538240780385,14.0,12.284287081381853,9.653350508660935,12.790020566107252,161.126590593391,Lower-middle-income countries,2.11637043952942,0.17304752767086,0.338630497455597,0.432434947592562,0.0067722946344269674
Lesotho,2009,-8.08113106165047,5114.88916015625,2582.1258298224834,13.96,12.312464763804927,12.284287081381853,9.653350508660935,158.894737585637,Lower-middle-income countries,2.06497693061829,0.198132023215294,0.317709624767303,0.419203651333539,0.007266542995081338
Lesotho,2010,4.86425530192669,5411.5009765625,2710.83194275795,14.0,12.175154686413707,12.312464763804927,12.284287081381853,150.102435487333,Lower-middle-income countries,2.01483130455017,0.253405570983887,0.330185979604721,0.476557478221243,0.00772821659424372
Lesotho,2011,6.074048138656263,5801.53955078125,2880.592664075111,13.74,12.08005742143842,12.175154686413707,12.312464763804927,149.796606699153,Lower-middle-income countries,2.04721164703369,0.246525466442108,0.329270154237747,0.4568632887238,0.008856341519132394
Lesotho,2012,-1.2293347370170515,5788.54541015625,2845.3973153916427,6.86,12.761917560491733,12.08005742143842,12.175154686413707,150.208575358438,Lower-middle-income countries,2.08011221885681,0.311670213937759,0.299023389816284,0.456357550711492,0.010051060775520426
Lesotho,2013,0.9798508158368691,5909.189453125,2873.4150058181262,6.86,12.786339168279973,12.761917560491733,12.08005742143842,133.36548975517,Lower-middle-income countries,2.11354184150696,0.265017122030258,0.308030635118485,0.456144643236984,0.010829129957849681
Lesotho,2014,5.769676084168118,6331.95263671875,3044.0777470188773,7.26,12.668807480147436,12.786339168279973,12.761917560491733,126.292475360578,Lower-middle-income countries,2.14750838279724,0.271073192358017,0.30347153544426,0.446891233343442,0.011403227520641712
Lesotho,2015,8.587130407571308,6981.05419921875,3317.028277063434,7.26,12.76247192278903,12.668807480147436,12.786339168279973,129.722773082867,Lower-middle-income countries,2.18202114105225,0.238611832261086,0.290012717247009,0.399849220937476,0.011719970697944393
Lesotho,2016,-5.765750878295783,6670.7470703125,3131.185779302176,11.66,11.734721024914553,12.76247192278903,12.668807480147436,136.31524774176,Lower-middle-income countries,2.21708822250366,0.218159571290016,0.307883113622665,0.383817539870651,0.012189430206167362
Lesotho,2017,-9.569538817834555,6137.9189453125,2845.4362296371073,9.28,10.706324655675955,11.734721024914553,12.76247192278903,146.366771329494,Lower-middle-income countries,2.25271916389465,0.163320332765579,0.297539800405502,0.450843592916743,0.012449280698004106
Lesotho,2018,0.7113451534203286,6257.65869140625,2865.749264589877,9.29,11.119973155805566,10.706324655675955,11.734721024914553,144.434955465602,Lower-middle-income countries,2.28892254829407,0.171504735946655,0.313641935586929,0.495093439018866,0.012206901941040571
Lesotho,2019,-4.902141375488522,6028.70166015625,2728.653940837579,9.31,11.392733137219823,11.119973155805566,10.706324655675955,140.51663349168,Lower-middle-income countries,2.22856664657593,0.220257371664047,0.316305816173553,0.483272653585626,0.01174698370879923
Lesotho,2020,-7.961726641663436,5633.650390625,2519.8292951800468,8.62,11.400675867866378,11.392733137219823,11.119973155805566,141.096604645578,Lower-middle-income countries,2.17202925682068,0.221090644598007,0.313589602708817,0.44384363777138,0.011843206304316234
Lesotho,2021,-2.337717062070066,5567.025390625,2461.6060151104866,8.02,11.098377340680926,11.400675867866378,11.392733137219823,139.186479465407,Lower-middle-income countries,2.11901545524597,0.261868476867676,0.328730493783951,0.507804494708415,0.011480426692088597
Lesotho,2022,-1.1571589290577222,5562.75830078125,2433.2854940406414,9.48,11.62807329780899,11.098377340680926,11.400675867866378,142.373981443861,Lower-middle-income countries,2.06925773620605,0.304308176040649,0.334943652153015,0.419472875925618,0.010804801692338994
Lesotho,2023,-0.33023884409919546,5605.927734375,2425.2630939829683,9.48,11.62807329780899,11.62807329780899,11.098377340680926,141.513755535108,Lower-middle-income countries,2.02251267433167,0.272490650415421,0.31248864531517,0.396865848208975,0.011032867826399562
Lithuania,1995,4.54530747341213,37141.86328125,10240.27409727993,0.13,2.8036982987540426,,,84.5445654964236,Lower-middle-income countries,2.74504947662354,0.0950074568390846,0.466098070144653,0.44588456835183,-0.007649933371528528
Lithuania,1997,8.471814192738236,42746.1171875,11962.279489277606,0.11,2.6641086789055786,2.8036982987540426,,99.6494889661181,Lower-middle-income countries,2.80787038803101,0.14453113079071,0.412142276763916,0.433391308085887,-0.007333522338367704
Lithuania,2001,7.758443304306972,52841.5078125,15214.928578400715,0.2,2.4144938754028815,2.6641086789055786,2.8036982987540426,93.4871373685836,Upper-middle-income countries,2.93794012069702,0.132479771971703,0.324238151311874,0.354901515122384,-0.007857893539364946
Lithuania,2002,6.978267522634418,56188.26171875,16314.589427781246,3.4,2.2271944555519756,2.4144938754028815,2.6641086789055786,100.332229474818,Upper-middle-income countries,2.9714503288269,0.142245605587959,0.33294552564621,0.403899693974417,-0.008371821040861427
Lithuania,2003,8.500918002290447,60662.62890625,17762.13500226043,0.22,2.1972404899778346,2.2271944555519756,2.4144938754028815,98.0914043206711,Upper-middle-income countries,3.00534272193909,0.15817828476429,0.304589599370956,0.464427355136839,-0.008389209189232139
Lithuania,2004,4.787523406669791,62918.66015625,18633.18588842239,4.16,1.8940386773754387,2.1972404899778346,2.2271944555519756,104.072070698543,Upper-middle-income countries,3.03962182998657,0.180897057056427,0.292405337095261,0.512453222712618,-0.01136029020828988
Lithuania,2005,5.411167203664924,65346.37890625,19669.237175458416,3.11,1.8501372610404005,1.8940386773754387,2.1972404899778346,117.449691165186,Upper-middle-income countries,3.07429170608521,0.197706326842308,0.26074081659317,0.529657594188514,-0.016252427832315064
Lithuania,2006,8.451658772784931,69986.59375,21403.88479996379,0.44,1.715204653518275,1.8501372610404005,1.8940386773754387,124.613633047292,Upper-middle-income countries,3.08921837806702,0.224371090531349,0.266948521137238,0.554598047445218,-0.015914909643581332
Lithuania,2007,12.974602334003471,78745.875,24369.161539332803,2.23,2.24812951793798,1.715204653518275,1.8501372610404005,116.295810328172,Upper-middle-income countries,3.10421705245972,0.291665583848953,0.254698067903519,0.624309594523683,-0.011823833808932482
Lithuania,2008,5.253820321213709,82148.8359375,25683.7029632191,2.04,1.394724343352762,2.24812951793798,1.715204653518275,126.759707831841,Upper-middle-income countries,3.11928868293762,0.265691041946411,0.273784160614014,0.704483518815014,-0.01023142417416767
Lithuania,2009,-11.67279020795906,72293.1953125,22854.059557816097,1.88,1.4638443064566307,1.394724343352762,2.24812951793798,105.040251236614,Upper-middle-income countries,3.13443350791931,0.119431003928185,0.298126965761185,0.620090101973573,-0.011074764997219377
Lithuania,2010,7.190526923824869,76073.53125,24557.910737574734,2.56,1.2293944009668947,1.4638443064566307,1.394724343352762,131.626507396009,Upper-middle-income countries,3.14965200424194,0.184843525290489,0.284243255853653,0.518854519843048,-0.02093488758950346
Lithuania,2011,13.907639192385979,85475.0703125,28222.24294337198,1.88,1.174859742870682,1.2293944009668947,1.4638443064566307,149.645306927215,Upper-middle-income countries,3.17061185836792,0.217689692974091,0.277253419160843,0.578587980148352,-0.022552022781219483
Lithuania,2012,7.236288868826435,90666.4765625,30340.192315672073,1.99,1.0380740300098659,1.174859742870682,1.2293944009668947,156.638925650513,High-income countries,3.16870069503784,0.201987490057945,0.257558733224869,0.527212165911629,-0.013399965933684754
Lithuania,2013,2.6312617218570367,92150.3046875,31149.11798682378,3.29,1.1303959887627673,1.0380740300098659,1.174859742870682,156.626637927418,High-income countries,3.17443776130676,0.207049876451492,0.252093881368637,0.561958997415771,-0.010079307567026241
Lithuania,2014,2.8775042362500614,94032.8359375,32058.4555461876,0.17,1.3328052805246713,1.1303959887627673,1.0380740300098659,143.290115780694,High-income countries,3.21488857269287,0.202123150229454,0.25200954079628,0.583093833475155,-0.00855199314605204
Lithuania,2015,3.6721506663351278,96638.65625,33257.57227703282,1.86,1.7586311796887895,1.3328052805246713,1.1303959887627673,138.195575009601,High-income countries,3.24605417251587,0.222385928034782,0.25200554728508,0.486670489550666,-0.009386717027914493
Lithuania,2016,4.238148189830326,99550.578125,34697.372399454885,1.75,1.9570795115130641,1.7586311796887895,1.3328052805246713,134.690449650877,High-income countries,3.27554607391357,0.201635926961899,0.246902942657471,0.483907986235605,-0.012694473413722873
Lithuania,2017,7.0081625735136654,105296.4296875,37216.25344650804,1.88,1.7573329706216334,1.9570795115130641,1.7586311796887895,144.918393101325,High-income countries,3.29138422012329,0.213939160108566,0.243482783436775,0.493890145016842,-0.01396795114821181
Lithuania,2018,5.180623085718317,109843.4140625,39195.10307038985,3.33,1.601051839138202,1.7573329706216334,1.9570795115130641,147.202132525221,High-income countries,3.31195569038391,0.244365125894547,0.232139870524406,0.513905096367386,-0.009529900201792563
Lithuania,2019,9.475792604373723,120441.3125,43090.80974348296,1.57,1.6963350724215562,1.601051839138202,1.7573329706216334,148.374996011818,High-income countries,3.33265566825867,0.213023319840431,0.238298758864403,0.480835575317098,-0.0026511680661183146
Lithuania,2020,-0.5928580543333339,119759.6640625,42836.0981922658,3.75,2.241845007853588,1.6963350724215562,1.601051839138202,135.796565563519,High-income countries,3.35348510742188,0.18164686858654,0.250435680150986,0.496690187197984,0.00025291446492525793
Lithuania,2021,6.897334524608212,128252.8125,45894.9233276364,3.47,1.8500643565409671,2.241845007853588,1.6963350724215562,154.80672767597,High-income countries,3.37148022651672,0.2410639077425,0.231866672635078,0.521445199847678,-0.00045686662918908993
Lithuania,2022,-5.145846792917119,122797.8828125,43592.97616030138,0.22,1.3412588454426093,1.8500643565409671,2.241845007853588,175.651612151093,High-income countries,3.38969135284424,0.252979308366776,0.232695907354355,0.67186274468977,0.007994828918047148
Lithuania,2023,3.4765835709182014,128820.2578125,45135.17499305385,1.58,1.4356788097858317,1.3412588454426093,1.8500643565409671,149.041909014608,High-income countries,3.40812134742737,0.234179720282555,0.228875949978828,0.630334913649767,0.013112472122775776
Luxembourg,2000,6.870840475055751,36812.2578125,84406.22979396145,0.79,2.6520766130185356,,,272.412326845348,High-income countries,2.86996030807495,0.28551772236824,0.100616335868835,0.502635145721655,0.014399304711559813
Luxembourg,2001,-1.5244074057626733,36722.53125,83129.2925668701,0.87,2.5770350520025476,2.6520766130185356,,270.765630443257,High-income countries,2.89407515525818,0.288401961326599,0.113935895264149,0.512194991138923,0.012803688814823744
Luxembourg,2002,1.7445230694505653,37761.0390625,84592.22575489091,0.89,2.8229333095079614,2.5770350520025476,2.6520766130185356,250.689198161424,High-income countries,2.91839241981506,0.26069837808609,0.131316810846329,0.570158349045637,0.010442130549223272
Luxembourg,2003,-0.07230556703134994,38194.35546875,84531.08297387559,1.09,2.7428234745735476,2.8229333095079614,2.5770350520025476,244.977946060528,High-income countries,2.94291424751282,0.2930948138237,0.134392708539963,0.68878941183966,0.012132939322985647
Luxembourg,2004,6.123265824411739,41186.55859375,89868.9026169768,1.03,2.1887262948226183,2.7428234745735476,2.8229333095079614,265.226884855637,High-income countries,2.96764206886292,0.330615878105164,0.139887303113937,0.733418365915795,0.014191555060088512
Luxembourg,2005,-1.6829859388700186,41123.69921875,88369.07794291768,1.2,2.19503004091646,2.1887262948226183,2.7428234745735476,284.077476869478,High-income countries,2.99257755279541,0.374833464622498,0.134900972247124,0.700584925522891,0.015302482634191095
Luxembourg,2006,9.828465238373951,46102.33203125,97495.55271736602,0.84,2.415317295955971,2.19503004091646,2.1887262948226183,305.879547488526,High-income countries,3.03037667274475,0.336638927459717,0.138482615351677,0.732088460303841,0.015994304054498087
Luxembourg,2007,6.216695307957032,49827.4921875,103748.91662502343,0.97,2.3980648250095187,2.415317295955971,2.19503004091646,307.485020085196,High-income countries,3.06865334510803,0.34404793381691,0.134221583604813,0.814331115122031,0.01553639549991781
Luxembourg,2008,5.673351110717384,53693.609375,109805.12766109737,2.28,3.7396589965174143,2.3980648250095187,2.415317295955971,292.21348078343,High-income countries,3.10741329193115,0.402722269296646,0.149391010403633,0.843952332360633,0.01799359360990671
Luxembourg,2009,-6.335685377715272,51345.15625,103064.02264611481,1.86,3.8697218685621078,3.7396589965174143,2.3980648250095187,263.532701541684,High-income countries,3.14666295051575,0.311859160661697,0.160721570253372,0.785432935254987,0.018633469181430384
Luxembourg,2010,4.83891907817231,54888.48828125,108173.84024999506,2.55,3.9147502384272683,3.8697218685621078,3.7396589965174143,293.671876906939,High-income countries,3.18640828132629,0.342578142881393,0.141067534685135,0.744053415761153,0.018343846738435143
Luxembourg,2011,2.786468402818798,57682.3359375,111230.45820445674,1.06,2.918848174371543,3.9147502384272683,3.8697218685621078,308.714453874162,High-income countries,3.1901969909668,0.448633164167404,0.172677874565125,0.75001245127762,0.021782665046097938
Luxembourg,2012,0.22457237449931,59190.25390625,111480.53177859561,0.49,2.680614956438085,2.918848174371543,3.9147502384272683,311.786835204686,High-income countries,3.21684408187866,0.425482898950577,0.158476397395134,0.690724299207869,0.02356018425035611
Luxembourg,2013,-1.4041144195180877,59728.81640625,109926.1557037401,0.43,2.914878904629234,2.680614956438085,2.918848174371543,320.533506316768,High-income countries,3.2552981376648,0.393598675727844,0.169936612248421,0.790183710734294,0.023098836634794173
Luxembourg,2014,2.415842013185987,62644.87890625,112614.1359034765,0.65,3.2757316413758377,2.914878904629234,2.680614956438085,333.42885319668,High-income countries,3.30008888244629,0.387274205684662,0.152633935213089,0.775590325098822,0.023508925733804364
Luxembourg,2015,4.514670351991867,67099.7734375,117814.80615360574,0.7,3.113337274543786,3.2757316413758377,2.914878904629234,351.13197436149,High-income countries,3.1152720451355,0.342603027820587,0.138663828372955,0.646616307279209,0.023552027281459553
Luxembourg,2016,0.04546159229530389,68776.90625,117868.37881701303,0.96,2.8113744685635638,3.113337274543786,3.2757316413758377,348.437409376889,High-income countries,3.15546822547913,0.312721371650696,0.138382434844971,0.657613397284067,0.02423274021569577
Luxembourg,2017,1.5527291133523136,71408.109375,119712.83812102364,0.82,2.8545547446875594,2.8113744685635638,3.113337274543786,353.793991980303,High-income countries,3.19689297676086,0.322406649589539,0.140637323260307,0.661386559576163,0.0220161248230738
Luxembourg,2018,-2.56610180780541,70953.203125,116679.96455358567,0.87,3.094793621554919,2.8545547446875594,2.8113744685635638,361.865445198667,High-income countries,3.23959302902222,0.304869681596756,0.150612458586693,0.711785466504981,0.019270127317915886
Luxembourg,2019,4.011688229519983,75322.4921875,121455.95946146415,1.05,3.0948987480720414,3.094793621554919,2.8545547446875594,382.66078058442,High-income countries,3.28361773490906,0.319967269897461,0.150933936238289,0.66441575223996,0.019641360120864038
Luxembourg,2020,-3.850102341775141,73697.0234375,116868.65531789718,1.32,3.4279427483849214,3.0948987480720414,3.094793621554919,375.581396376432,High-income countries,3.32901906967163,0.303165674209595,0.168088614940643,0.714541984349229,0.016684643013767875
Luxembourg,2021,9.470491863487318,82260.953125,128477.73472763223,1.71,3.2740397863385473,3.4279427483849214,3.0948987480720414,397.506180867971,High-income countries,3.37585067749023,0.332229524850845,0.163186699151993,0.74690408052012,0.015229220008644018
Luxembourg,2022,-3.1317358912717808,81348.25,124516.50280952621,1.45,3.895507839882346,3.2740397863385473,3.4279427483849214,412.177169924175,High-income countries,3.42416930198669,0.315697222948074,0.173478603363037,0.732123918302138,0.020160130888801753
Luxembourg,2023,-4.882606005530121,78869.2421875,118582.88881864026,1.16,4.222306976667366,3.895507839882346,3.2740397863385473,404.458334911166,High-income countries,3.47403478622437,0.30639311671257,0.177040502429008,0.801234438442894,0.017878057596087404
Madagascar,1995,-0.9032722044351793,16987.53125,1208.9672467445125,5.59,5.1660071037333415,,,45.3744915678324,Low-income countries,1.44683110713959,0.0464325845241547,0.15115875005722,0.451632626633458,0.03162548209799976
Madagascar,1996,1.5393392073288936,17815.109375,1227.7213277144035,4.64,4.595407704323657,5.1660071037333415,,35.8824601668345,Low-income countries,1.46479344367981,0.0652355402708054,0.12638857960701,0.410648288787533,0.03217392739135594
Madagascar,1997,0.4260033972470545,18483.11328125,1232.9626183908358,8.35,5.314627422986262,4.595407704323657,5.1660071037333415,36.8737477819441,Low-income countries,1.48297894001007,0.0679297596216202,0.141796693205833,0.363518264622845,0.03255054712395644
Madagascar,1998,2.4508609582038154,19571.650390625,1263.5541646916556,1.6,4.7316203824360175,5.314627422986262,4.595407704323657,37.3321870147971,Low-income countries,1.50139009952545,0.0783643797039986,0.131860002875328,0.361469991333369,0.03271598132952658
Madagascar,1999,2.3036208348389486,20688.646484375,1292.999514163802,5.32,4.2387428789409825,4.7316203824360175,5.314627422986262,40.9244120208063,Low-income countries,1.52002990245819,0.0778484120965004,0.12049176543951,0.343642985113185,0.03246675190145698
Madagascar,2000,2.975508864612486,22000.603515625,1332.0509374187545,6.83,4.497314969360149,4.2387428789409825,4.7316203824360175,42.7771226639725,Low-income countries,1.53890109062195,0.0908824726939201,0.121285028755665,0.331454393558188,0.031729726078349785
Madagascar,2001,4.73746155755439,23789.48046875,1396.6750229511185,3.7,3.4732078111003957,4.497314969360149,4.2387428789409825,41.0351260923859,Low-income countries,1.54889059066772,0.109962217509747,0.137747704982758,0.333497212723284,0.030798984770564974
Madagascar,2002,-10.891912885149502,21982.0078125,1252.5422668761948,2.76,2.7196195725071544,3.4732078111003957,4.497314969360149,50.1816919379298,Low-income countries,1.55894494056702,0.0780461356043816,0.128311425447464,0.368785992463562,0.029899935045993864
Madagascar,2003,6.796178574511291,24227.607421875,1340.626557843761,3.74,2.88434132473913,2.7196195725071544,3.4732078111003957,34.030602917475,Low-income countries,1.56906449794769,0.105852365493774,0.15010105073452,0.363668877407496,0.02930670770251087
Madagascar,2004,0.11043758812849802,24972.076171875,1342.1079313260643,2.55,1.8012178157012502,2.88434132473913,2.7196195725071544,48.7753818852156,Low-income countries,1.57924973964691,0.128125175833702,0.12230359017849,0.316817205345037,0.029161086106195278
Madagascar,2005,1.7932957229238156,26179.689453125,1366.3929961520287,4.23,6.693808412197314,1.8012178157012502,2.88434132473913,59.1300849357677,Low-income countries,1.58950114250183,0.121965825557709,0.129010781645775,0.340120290446216,0.029292693706875816
Madagascar,2006,4.64669880909474,28242.49609375,1431.3834245421738,13.72,9.97377070504028,6.693808412197314,1.8012178157012502,62.1028389370244,Low-income countries,1.59981906414032,0.140049561858177,0.117356240749359,0.348739874774921,0.02937691079464777
Madagascar,2007,2.7187428481358467,29885.240234375,1470.8328939264613,10.65,9.478743595034326,9.97377070504028,6.693808412197314,66.7027353570049,Low-income countries,1.61020398139954,0.166489988565445,0.178525805473328,0.437868135067069,0.02934949508190643
Madagascar,2008,5.78294608775396,32607.66796875,1558.3978834071568,10.2,9.429605374128911,9.478743595034326,9.97377070504028,74.357353960806,Low-income countries,1.62065637111664,0.253422737121582,0.146151199936867,0.470221969643341,0.02935329273089371
Madagascar,2009,-3.095310193694978,32555.775390625,1510.8995376968694,9.34,8.541499299241172,9.429605374128911,9.478743595034326,62.4116975958196,Low-income countries,1.63117647171021,0.22572723031044,0.139324679970741,0.453689235552113,0.029360411728474478
Madagascar,2010,8.310049692109445,36421.0625,1641.8205058390665,7.91,7.629921850933572,8.541499299241172,9.429605374128911,57.8748945101807,Low-income countries,1.64176499843597,0.17724397778511,0.134198054671288,0.393533552038641,0.02909196621275134
Madagascar,2011,7.126489740307562,40237.875,1763.0946486550436,6.52,7.452942290377172,7.629921850933572,8.541499299241172,56.4830925951893,Low-income countries,1.65068447589874,0.163879469037056,0.140613302588463,0.388263346876688,0.0283965714379657
Madagascar,2012,-0.1840695688581917,41290.42578125,1759.852312928861,6.78,7.459744554855258,7.452942290377172,7.629921850933572,52.6517140811255,Low-income countries,1.65965235233307,0.133732661604881,0.139381423592567,0.405139016335373,0.02766263125763313
Madagascar,2013,-2.729544495127989,41286.33984375,1712.466018026661,7.45,7.429758165512053,7.459744554855258,7.452942290377172,56.3675817900932,Low-income countries,1.66866898536682,0.101284667849541,0.148724913597107,0.475245036199729,0.027196484003307653
Madagascar,2014,0.435575406845512,42593.2265625,1719.9413674246543,10.03,7.222752645097714,7.429758165512053,7.459744554855258,61.9694322111234,Low-income countries,1.67773473262787,0.103528678417206,0.156275540590286,0.467251505926619,0.026807794817538255
Madagascar,2015,-0.58036650177824,43479.36328125,1709.988313909134,7.08,9.624950622460336,7.222752645097714,7.429758165512053,61.2203788365078,Low-income countries,1.68684959411621,0.0947057455778122,0.147875532507896,0.434626853689485,0.026394843465012308
Madagascar,2016,2.778082405731208,45887.87109375,1758.159213999704,9.98,8.489103812509788,9.624950622460336,7.222752645097714,60.8346984831423,Low-income countries,1.69601392745972,0.0933192446827889,0.144368425011635,0.449673710959622,0.026133593566153746
Madagascar,2017,-3.9405149716054133,45278.40625,1690.2259375568694,10.06,9.322938764691088,8.489103812509788,9.624950622460336,65.3434015072915,Low-income countries,1.70522820949554,0.0942587405443192,0.161908149719238,0.483007245972902,0.02603454950875994
Madagascar,2018,-4.612423939529897,44377.8046875,1614.0361566166791,10.12,9.319737113607925,9.322938764691088,8.489103812509788,67.8415046683582,Low-income countries,1.71317684650421,0.129904493689537,0.133481726050377,0.49050897829598,0.02603345380246358
Madagascar,2019,2.491275594698994,46696.34375,1654.7513029440508,11.07,10.061487968175475,9.319737113607925,9.322938764691088,62.6013230457128,Low-income countries,1.7201874256134,0.141802251338959,0.136157304048538,0.470768551566257,0.02601366334801014
Madagascar,2020,-9.1327881700213,43729.19140625,1510.3219585963811,11.07,10.07337506900001,10.061487968175475,9.319737113607925,49.0107073664371,Low-income countries,1.72722673416138,0.111054234206676,0.159977689385414,0.465110008227937,0.02567788703975893
Madagascar,2021,0.8876797186285756,45242.9296875,1523.7884615896296,6.93,9.358374906337819,10.07337506900001,10.061487968175475,55.2158585926918,Low-income countries,1.70153772830963,0.104429319500923,0.139661118388176,0.478806082025299,0.025153736093170842
Madagascar,2022,-0.55663758980522,46122.49609375,1515.3300454252437,6.76,9.323309870752793,9.358374906337819,10.07337506900001,70.5471344131153,Low-income countries,1.71304893493652,0.119491338729858,0.144078746438026,0.590110412963403,0.024820783617262254
Madagascar,2023,2.000332629859969,48227.25390625,1545.9468851980444,7.47,10.123071282806375,9.323309870752793,9.358374906337819,61.1330416885787,Low-income countries,1.72287845611572,0.103351444005966,0.136841848492622,0.61218151307618,0.024620153043316773
Malaysia,1988,6.823104808696456,149014.421875,8871.698886471404,7.82,9.549466125360336,,,122.624228645664,Lower-middle-income countries,2.11447715759277,0.282757550477982,0.18881356716156,0.232528064509044,0.03143987214409938
Malaysia,1991,6.221710568527428,191757.96875,10454.318937194044,2.0,9.750302071324072,9.549466125360336,,159.311447263255,Lower-middle-income countries,2.25257921218872,0.375965476036072,0.163321360945702,0.254267648463538,0.02815854656036798
Malaysia,1993,7.601980726993318,232208.328125,12017.407544063282,2.6,8.744399768288822,9.750302071324072,9.549466125360336,157.940462501597,Upper-middle-income countries,2.34917092323303,0.40817928314209,0.159500986337662,0.285047625904538,0.0255845902443812
Malaysia,1996,8.053037409958286,318783.1875,15289.297713721771,5.36,5.03352335156931,8.744399768288822,9.750302071324072,181.766982485457,Upper-middle-income countries,2.4793438911438,0.443657696247101,0.131631225347519,0.320024353837544,0.025231029845238506
Malaysia,1997,4.0913903371013305,340460.53125,15927.815625085086,21.95,6.226749786811435,5.03352335156931,8.744399768288822,185.66511116237,Upper-middle-income countries,2.50913667678833,0.461758315563202,0.1346495449543,0.295409543998898,0.024874092703250028
Malaysia,1998,-6.964877414653614,325450.8125,14856.213823589143,1.77,3.558600960591955,6.226749786811435,5.03352335156931,209.492202808189,Upper-middle-income countries,2.53928780555725,0.300399243831635,0.142445579171181,0.231804494415168,0.024560905930970822
Malaysia,1999,4.306732181136397,347975.28125,15510.008711182276,0.67,4.360480342242751,3.558600960591955,6.226749786811435,217.570919391949,Upper-middle-income countries,2.56658840179443,0.27789580821991,0.16216853260994,0.219846170262825,0.02385278799096513
Malaysia,2000,5.018913594031815,374566.21875,16308.308058110533,1.06,4.259066787875521,4.360480342242751,3.558600960591955,220.406788982074,Upper-middle-income countries,2.58731245994568,0.317149341106415,0.143971219658852,0.235347264309798,0.023448024117569854
Malaysia,2001,-4.027228837348318,368533.4375,15664.584287751986,6.06,4.778045485299722,4.259066787875521,4.360480342242751,203.364636010653,Upper-middle-income countries,2.61509108543396,0.296414732933044,0.171061724424362,0.229063624801604,0.02403512895194826
Malaysia,2002,3.7948535290144747,392158.28125,16270.455573922962,1.09,4.71730808259672,4.778045485299722,4.259066787875521,199.356232695655,Upper-middle-income countries,2.64316821098328,0.30405992269516,0.180466130375862,0.229395639966506,0.02418555470540662
Malaysia,2003,5.324750904093101,423509.3125,17160.297499935372,1.16,4.709316315196975,4.71730808259672,4.778045485299722,194.195129056831,Upper-middle-income countries,2.67154669761658,0.281896084547043,0.191539898514748,0.234587123958239,0.02366245719091653
Malaysia,2004,6.452763655494564,462302.9375,18304.118099494266,8.44,4.395792565542319,4.709316315196975,4.71730808259672,210.374265897124,Upper-middle-income countries,2.70022964477539,0.273682326078415,0.1906418800354,0.251236193183745,0.02311724529350867
Malaysia,2005,4.734363577840561,495834.0625,19191.542804631554,9.51,4.280599981298419,4.395792565542319,4.709316315196975,203.854644595624,Upper-middle-income countries,2.72922086715698,0.240614801645279,0.192872315645218,0.287306672535656,0.022677298487360442
Malaysia,2006,5.141278269447724,533748.4375,20204.038006944455,1.36,4.067553258040892,4.280599981298419,4.395792565542319,202.577146840398,Upper-middle-income countries,2.75938773155212,0.249405190348625,0.185613870620728,0.30394046670092,0.022270535104775835
Malaysia,2007,5.463101183836905,576105.4375,21338.511623786144,1.78,4.188992860491964,4.067553258040892,4.280599981298419,192.465506357652,Upper-middle-income countries,2.78988838195801,0.248279392719269,0.171329915523529,0.339728205044743,0.02173504618288824
Malaysia,2008,8.937780849107924,643306.75,23333.52823075206,1.09,4.302215645829516,4.188992860491964,4.067553258040892,176.668324785148,Upper-middle-income countries,2.82072591781616,0.236086085438728,0.159403532743454,0.354312822052144,0.020953167483134028
Malaysia,2009,-4.288996668394596,628698.8125,22353.912002434296,8.09,4.32537147822451,4.302215645829516,4.188992860491964,162.558970452699,Upper-middle-income countries,2.85190463066101,0.223106846213341,0.168778538703918,0.284430287181662,0.019920602119428477
Malaysia,2010,5.1362681391335485,674329.625,23532.066449709826,1.3,3.626745855999647,4.32537147822451,4.302215645829516,157.944764886771,Upper-middle-income countries,2.88342761993408,0.260548055171967,0.158460140228271,0.374125666603811,0.018704061265617522
Malaysia,2011,7.318916420010879,738352.25,25318.95146289325,1.35,3.715769407485158,3.626745855999647,4.32537147822451,154.937684607226,Upper-middle-income countries,2.90448880195618,0.245922744274139,0.155768722295761,0.407955011862608,0.017512800824317498
Malaysia,2012,4.585784355330524,786274.375,26507.057772064978,5.88,3.852860386628405,3.715769407485158,3.626745855999647,147.841754766013,Upper-middle-income countries,2.92570376396179,0.259761959314346,0.16681957244873,0.419897666338994,0.01702695132021681
Malaysia,2013,-1.0782198476311677,791253.375,26222.788690959,6.8,3.7591771199782924,3.852860386628405,3.715769407485158,142.720991464873,Upper-middle-income countries,2.94707369804382,0.250992268323898,0.157668843865395,0.436941625089389,0.017094628204507245
Malaysia,2014,3.2947271318317206,831900.5625,27101.14834645154,2.21,3.7240092673912892,3.7591771199782924,3.852860386628405,138.312231176843,Upper-middle-income countries,2.96859955787659,0.25241681933403,0.152677044272423,0.428828459642267,0.017147407282164906
Malaysia,2015,2.025110343407377,863760.875,27655.57139645318,1.68,3.8454902926570154,3.7240092673912892,3.7591771199782924,131.37007244526,Upper-middle-income countries,2.99028301239014,0.258518069982529,0.148835197091103,0.372652688640743,0.017331944564558555
Malaysia,2016,2.03532690013013,897239.0625,28224.21997890196,1.69,3.8226254551182213,3.8454902926570154,3.7240092673912892,126.8990100257,Upper-middle-income countries,3.01212477684021,0.260875225067139,0.136599630117416,0.362740181742531,0.01767310547579326
Malaysia,2017,2.6524973101619054,937759.875,28982.883944451856,4.39,4.250104128418483,3.8226254551182213,3.8454902926570154,133.155173371956,Upper-middle-income countries,3.03412580490112,0.267771929502487,0.13061611354351,0.352904470272169,0.017646606401784837
Malaysia,2018,7.080933955425017,1023845.3125,31109.548148494086,1.93,4.336675708023077,4.250104128418483,3.8226254551182213,130.402625502126,Upper-middle-income countries,3.05628776550293,0.238951593637466,0.121466726064682,0.381308592215826,0.017017473190723553
Malaysia,2019,-1.8868056730886096,1020877.0,30528.074320206495,1.82,4.300912826140411,4.336675708023077,4.250104128418483,123.028562027943,Upper-middle-income countries,3.07861137390137,0.217716172337532,0.1212123259902,0.376654735070788,0.01596466533439811
Malaysia,2020,-6.563458262749755,968859.0,28588.717504076034,4.21,3.9369802790405526,4.300912826140411,4.336675708023077,116.788182437638,Upper-middle-income countries,3.10109806060791,0.19783553481102,0.128971099853516,0.372856386121552,0.013336332314391353
Malaysia,2021,4.282751203299284,1022976.4375,29839.698134894235,8.98,4.020605551692658,3.9369802790405526,4.300912826140411,134.035994690727,Upper-middle-income countries,3.13224864006043,0.226460531353951,0.13085725903511,0.387862084522624,0.011525130439429265
Malaysia,2022,7.817424918238025,1119484.625,32265.99561505006,1.89,3.9375992810810563,4.020605551692658,3.9369802790405526,146.505418280787,Upper-middle-income countries,3.16371178627014,0.225939571857452,0.125331223011017,0.412643653932315,0.011977720012835924
Malaysia,2023,0.7966478496808094,1142450.125,32524.068576768324,2.37,4.271322315697514,3.9375992810810563,4.020605551692658,132.064307278667,Upper-middle-income countries,3.20573282241821,0.221968218684196,0.124748513102531,0.38018696438045,0.012340286916955101
Maldives,2014,8.11766178693123,8029.4833984375,19412.846663549855,1.31,10.611779747490846,9.653630815405688,9.23858125414932,165.97925116043,Upper-middle-income countries,1.96047925949097,0.221100106835365,0.192682355642319,0.455216364280274,0.03330089306677275
Maldives,2015,4.363937124057493,8682.435546875,20278.76779587485,1.1,12.135111419543971,10.611779747490846,9.653630815405688,143.720506661302,Upper-middle-income countries,2.0094838142395,0.319769591093063,0.216565504670143,0.474286251467795,0.03454251908466377
Maldives,2016,5.313695880507474,9480.3466796875,21385.462657311622,1.19,12.257169467028158,12.135111419543971,10.611779747490846,144.380212278942,Upper-middle-income countries,2.05971360206604,0.393533200025558,0.213581442832947,0.453297831014177,0.03478184410912688
Maldives,2017,4.138887104526567,10214.830078125,22289.155219600383,1.02,11.955433076624027,12.257169467028158,12.135111419543971,141.912110574952,Upper-middle-income countries,2.11119866371155,0.417360961437225,0.182433947920799,0.441682075492324,0.033230837355609166
Maldives,2018,8.181337807421052,11443.970703125,24189.378339681545,1.25,11.927871458528895,11.955433076624027,12.257169467028158,142.491128546618,Upper-middle-income countries,2.20879173278809,0.490914940834045,0.176325187087059,0.431167385059627,0.03180904350339775
Maldives,2019,4.149116885796467,12297.7158203125,25214.13611255487,1.25,11.7582959393736,11.927871458528895,11.955433076624027,137.125230875185,Upper-middle-income countries,2.31857919692993,0.468688875436783,0.19285723567009,0.41136017271324,0.03045935544527245
Maldives,2020,-50.8330504691072,7615.26025390625,15166.27616199031,1.25,11.886232489392512,11.7582959393736,11.927871458528895,114.361902904327,Upper-middle-income countries,2.4425106048584,0.418756753206253,0.271709740161896,0.425321533270974,0.029071127468357272
Maldives,2021,21.293588767022875,9685.7919921875,18765.31421278824,1.41,9.694404463067396,11.886232489392512,11.7582959393736,142.607296696261,Upper-middle-income countries,2.57540678977966,0.287108927965164,0.234555810689926,0.505575788183469,0.027570018736271296
Maldives,2022,4.887528840436239,10327.6435546875,19705.257246983438,1.26,10.364446348731299,9.694404463067396,11.886232489392512,162.243570519228,Upper-middle-income countries,2.68157649040222,0.409589141607285,0.239098444581032,0.584715184696418,0.015288783372759851
Maldives,2023,0.7197369490192784,10439.7158203125,19847.594878102223,1.16,11.301016394439682,10.364446348731299,9.694404463067396,150.03236994908,Upper-middle-income countries,2.80042004585266,0.377248495817184,0.235711276531219,0.627757798131224,0.0035958518890454316
Mali,1995,27.470238052854157,10093.10546875,990.9419513930037,1.86,2.917550994863319,,,56.2442281935017,Low-income countries,1.12488305568695,0.156188428401947,0.0863781943917275,0.475970038619464,0.021669139807503957
Mali,1996,18.650139010355105,12427.4462890625,1194.1111104231577,5.49,10.345079991393913,2.917550994863319,,52.4944213965722,Low-income countries,1.12878131866455,0.139385372400284,0.0696307495236397,0.415886997499115,0.021553483036553356
Mali,1997,3.984118878187015,13229.828125,1242.6463474598918,5.23,10.345079991393913,10.345079991393913,2.917550994863319,57.0374220421011,Low-income countries,1.13269305229187,0.145084753632545,0.0800446569919586,0.343413602909574,0.022725360917886128
Mali,1998,4.8183663494417495,14238.9873046875,1303.9875556203067,15.7,10.345079991393913,10.345079991393913,10.345079991393913,50.1783500156402,Low-income countries,1.1366183757782,0.14161579310894,0.134127363562584,0.323036360627969,0.0253261369818345
Mali,1999,5.8537697031209035,15523.005859375,1382.5983861267264,10.96,6.682723328119306,10.345079991393913,10.345079991393913,50.0264356036308,Low-income countries,1.14055728912354,0.120043367147446,0.197817131876946,0.332263466051539,0.0278016882660177
Mali,2000,-0.20895239347957784,15948.49609375,1379.7124298940505,6.56,7.0657170632991955,6.682723328119306,10.345079991393913,55.4225754322684,Low-income countries,1.14450979232788,0.111827872693539,0.187460884451866,0.281639948247081,0.029130887418757023
Mali,2001,8.43105977671419,17881.1171875,1501.0812639909577,7.93,10.641437766867062,7.0657170632991955,6.682723328119306,60.2008030180009,Low-income countries,1.14905476570129,0.143249735236168,0.180141374468803,0.279282113510138,0.030070116556363935
Mali,2002,2.2729164117596845,18869.41015625,1535.5902813098905,7.9,10.768279030705715,10.641437766867062,7.0657170632991955,57.8292913721816,Low-income countries,1.15361785888672,0.122757405042648,0.186045914888382,0.276127812998781,0.031067686178184672
Mali,2003,5.671721423671272,20615.61328125,1625.2019247407657,11.45,10.903674004769787,10.768279030705715,10.641437766867062,58.6281417028541,Low-income countries,1.15819895267487,0.168281376361847,0.170644983649254,0.288264455053485,0.031789400140454394
Mali,2004,-9.832520512477139,19299.958984375,1473.0084356529399,11.44,10.964489343030401,10.903674004769787,10.768279030705715,40.1303621546819,Low-income countries,1.16279828548431,0.141699329018593,0.192328423261642,0.44281427849838,0.03237946088269883
Mali,2005,2.0359685666382354,20352.7265625,1503.3058002398616,7.47,10.410086349612198,10.964489343030401,10.903674004769787,41.6557421435865,Low-income countries,1.16741585731506,0.15547014772892,0.180879950523376,0.411460311677568,0.03275222991581517
Mali,2006,11.64310298823592,23628.421875,1688.9340323923873,11.65,10.626117708298326,10.410086349612198,10.964489343030401,45.4398076879091,Low-income countries,1.17825269699097,0.160465613007545,0.156860560178757,0.391473121207993,0.03280438794994289
Mali,2007,-2.397817811361058,23839.6875,1648.918142660264,11.8,10.599429322934807,10.626117708298326,10.410086349612198,44.2077103313541,Low-income countries,1.18919003009796,0.170315116643906,0.169965833425522,0.479395472605947,0.03287960784220578
Mali,2008,3.6765495316590346,25558.7421875,1710.6696414886449,8.64,10.599429322934807,10.599429322934807,10.626117708298326,51.6061784639021,Low-income countries,1.20022904872894,0.193284004926682,0.176335871219635,0.46834685521287,0.03286218890041814
Mali,2009,12.46854814918148,29911.498046875,1937.833077735413,7.54,10.352142492006395,10.599429322934807,10.599429322934807,39.1346822998692,Low-income countries,1.21137046813965,0.159051805734634,0.172493472695351,0.445106863869152,0.032578056940342215
Mali,2010,0.39298128214824146,31020.798828125,1945.4633820241681,8.4,10.352142492006397,10.352142492006395,10.599429322934807,47.0196635730197,Low-income countries,1.22261524200439,0.169618830084801,0.176650747656822,0.451259680440368,0.032485140091385034
Mali,2011,5.258116638965316,33769.70703125,2050.4952672889613,10.17,10.097795054701514,10.352142492006397,10.352142492006395,43.0309525232702,Low-income countries,1.23921501636505,0.164926424622536,0.214164361357689,0.456773568833776,0.03232508310383064
Mali,2012,-3.6102378474437202,33537.4140625,1977.7878631538904,9.73,9.778192370870856,10.097795054701514,10.352142492006397,49.1038212559888,Low-income countries,1.25604009628296,0.141697064042091,0.168474122881889,0.453677857659801,0.029199872847505137
Mali,2013,-1.6131850612979726,33978.828125,1946.1384529383954,7.08,9.778192370870853,9.778192370870856,10.097795054701514,54.5264954580149,Low-income countries,1.27309358119965,0.146242380142212,0.174373626708984,0.503878071861425,0.029207825745373395
Mali,2014,3.9552415807583508,36484.83203125,2024.6554632764319,10.65,9.778192370870853,9.778192370870853,9.778192370870856,51.4954510008387,Low-income countries,1.29037868976593,0.145028501749039,0.16380001604557,0.525035031025924,0.031606569173141086
Mali,2015,5.4474653832801145,39752.015625,2138.0072386834154,12.02,10.73565368759973,9.778192370870853,9.778192370870853,53.5751760102265,Low-income countries,1.30789840221405,0.155724495649338,0.174702569842339,0.454584438726931,0.031289280097662964
Mali,2016,6.015533531030037,43575.10546875,2270.56689463381,14.6,10.73565368759973,10.73565368759973,9.778192370870853,53.6126193604252,Low-income countries,1.32565605640411,0.168812990188599,0.166702255606651,0.459067652481447,0.031670129126798674
Mali,2017,2.474084512655672,46113.66015625,2327.4433227867285,15.78,10.023867476625668,10.73565368759973,10.73565368759973,49.4919984941972,Low-income countries,1.34365475177765,0.146208211779594,0.159655541181564,0.474774663643534,0.031882364937974916
Mali,2018,2.1495629561269602,48611.44921875,2378.01476755244,7.11,10.088482511170996,10.023867476625668,10.73565368759973,50.6998462523276,Low-income countries,1.36189782619476,0.132967308163643,0.157252907752991,0.521521308112966,0.03125423236957792
Mali,2019,3.8254615582899554,52054.703125,2470.7472219657825,13.54,13.69257792499858,10.088482511170996,10.023867476625668,53.9987132798636,Low-income countries,1.38038861751556,0.144452124834061,0.156454056501389,0.506489017346188,0.03018144943066181
Mali,2020,-4.588234276952541,51243.45703125,2359.9449231932117,14.74,11.9413081721414,13.69257792499858,10.088482511170996,56.0415474422019,Low-income countries,1.39913046360016,0.110972791910172,0.158116862177849,0.537921933028513,0.03017513614693801
Mali,2021,-4.394718051253488,50564.2265625,2258.477922164063,15.05,11.932262972051042,11.9413081721414,13.69257792499858,56.7150525565465,Low-income countries,1.42455685138702,0.141811326146126,0.162917956709862,0.57967470458259,0.030603579658047497
Mali,2022,2.9191213076126488,53652.59375,2325.3773191971095,13.67,12.735224180126297,11.932262972051042,11.9413081721414,61.6636979670454,Low-income countries,1.45184659957886,0.120696894824505,0.169871360063553,0.547969830126953,0.0300942592606237
Mali,2023,9.55770713507782,60815.63671875,2558.5978281301623,15.56,13.914138271129941,12.735224180126297,11.932262972051042,57.6543000639914,Low-income countries,1.48116552829742,0.124928615987301,0.173899129033089,0.512496540163439,0.02974005376203337
Malta,1996,-0.20860236923372355,8427.2685546875,21740.832752067723,6.23,7.6295646070247045,,,164.100327153762,Upper-middle-income countries,2.70758318901062,0.306822121143341,0.189351141452789,0.469573225375036,0.007961978101258982
Malta,1997,9.204008846470657,9312.552734375,23836.839795266704,1.97,8.712680806788116,7.6295646070247045,,155.656719924812,Upper-middle-income countries,2.72867560386658,0.280490189790726,0.184156134724617,0.406919884115149,0.007850453332075902
Malta,1998,5.580839725275055,9925.056640625,25204.956753429633,1.98,9.049638342811544,8.712680806788116,7.6295646070247045,157.046794907127,High-income countries,2.74993228912354,0.27547299861908,0.195963561534882,0.437438646479521,0.007890889726876682
Malta,1999,6.739670907355411,10701.0166015625,26962.24032805772,6.03,9.366929035658824,9.049638342811544,8.712680806788116,165.171303687806,Upper-middle-income countries,2.77135443687439,0.260057181119919,0.202423363924027,0.401662586529088,0.007879503952063827
Malta,2000,4.621947655207848,11292.1025390625,28237.66873569937,2.01,9.694557093548134,9.366929035658824,9.049638342811544,189.600620985965,High-income countries,2.79294371604919,0.261330366134644,0.187434002757072,0.381483433130832,0.0075453680334882645
Malta,2001,-1.1731775514144616,11241.02734375,27908.326407578257,4.72,7.673548418953643,9.694557093548134,9.366929035658824,161.324371722227,Upper-middle-income countries,2.8172721862793,0.221709638834,0.21719066798687,0.386836840455629,0.007198425460267943
Malta,2002,2.76357440078705,11635.8017578125,28690.349901526264,5.27,5.94296842015608,7.673548418953643,9.694557093548134,162.525751873826,High-income countries,2.84181261062622,0.188680797815323,0.226192429661751,0.401640406533159,0.006880718531302676
Malta,2003,0.14011162256899468,11728.568359375,28730.57659084674,1.56,5.658207208984963,5.94296842015608,7.673548418953643,154.57349026941,High-income countries,2.8665668964386,0.253898948431015,0.205407962203026,0.46602887000492,0.00653978597446947
Malta,2004,0.17073741516693275,11822.6318359375,28779.672335156207,3.46,2.8198285699906114,5.658207208984963,5.94296842015608,155.889850843672,High-income countries,2.89153647422791,0.2790507376194,0.223105177283287,0.50641737754305,0.006280666878512808
Malta,2005,-0.2116016449758007,11870.0703125,28718.838460514853,6.92,3.0454554681206063,2.8198285699906114,5.658207208984963,157.549373234767,High-income countries,2.91672372817993,0.309659212827683,0.214240357279778,0.527368420802811,0.006120501852774907
Malta,2006,1.8252883893753236,12151.1376953125,29247.853421347492,7.8,2.2250436973776253,3.0454554681206063,2.8198285699906114,182.434091177607,High-income countries,2.93307518959045,0.241725519299507,0.230868726968765,0.550178411840139,0.005149786832579162
Malta,2007,5.757634774452036,12925.2890625,30981.260801252167,1.79,2.64061158063876,2.2250436973776253,3.0454554681206063,184.831344837496,High-income countries,2.94951844215393,0.265152752399445,0.230343863368034,0.597647165744389,0.004186634126248645
Malta,2008,5.2845544608047135,13684.5810546875,32662.51454090279,4.17,2.8371809178335856,2.64061158063876,2.2250436973776253,185.74934989812,High-income countries,2.96605372428894,0.266377449035645,0.270679771900177,0.666068658682685,0.00423839919988922
Malta,2009,2.520182542873428,14095.00390625,33496.129721717225,1.6,2.4797174394855017,2.8371809178335856,2.64061158063876,163.557248893882,High-income countries,2.9826819896698,0.244507417082787,0.255587637424469,0.618957517869259,0.004348847718758098
Malta,2010,6.314290950598256,15079.923828125,35679.37572163558,2.71,2.3679826735131897,2.4797174394855017,2.8371809178335856,178.232753529545,High-income countries,2.99940323829651,0.280936658382416,0.241276040673256,0.560799205890114,0.0044010001724050785
Malta,2011,-1.0607906993943317,14990.5966796875,35302.89260173022,4.18,2.311655405109144,2.3679826735131897,2.4797174394855017,192.02838351559,High-income countries,3.03227758407593,0.231516167521477,0.268127709627152,0.60550832235921,0.004666712117159744
Malta,2012,4.316964871355111,15725.0009765625,36860.280153494634,4.09,2.1420157886655855,2.311655405109144,2.3679826735131897,199.21347305101,High-income countries,3.10122346878052,0.269024670124054,0.265698790550232,0.539064889937576,0.004659099470571304
Malta,2013,2.4771297940105796,16188.9560546875,37784.760147431916,1.91,1.982373621528295,2.1420157886655855,2.311655405109144,187.431187125075,High-income countries,3.15020155906677,0.259207785129547,0.258338987827301,0.56766226337601,0.004306122109730914
Malta,2014,4.464838577797359,17166.509765625,39510.01706762028,1.78,2.0672941906915523,1.982373621528295,2.1420157886655855,181.300566828563,High-income countries,3.1717369556427,0.235725939273834,0.272750467061996,0.624422177985099,0.013982708576451452
Malta,2015,11.420272457026748,19708.169921875,44289.913326355505,3.7,2.3801027055337927,2.0672941906915523,1.982373621528295,207.19639824364,High-income countries,3.18907117843628,0.310641616582871,0.238468870520592,0.53541069272116,0.023870162955551888
Malta,2016,2.7096066331591118,20717.654296875,45506.402361845416,11.42,2.1643972592241245,2.3801027055337927,2.0672941906915523,213.35939190737,High-income countries,3.20650005340576,0.301438897848129,0.247481569647789,0.534708226021157,0.022856868421592735
Malta,2017,9.28033072748562,23363.1484375,49931.71313116849,4.23,2.391013087905213,2.1643972592241245,2.3801027055337927,213.047878484397,High-income countries,3.26714205741882,0.2606001496315,0.239071354269981,0.565299523006905,0.027370419233553323
Malta,2018,2.129586343804668,24715.5859375,51006.45523858857,4.05,2.7856405197096517,2.391013087905213,2.1643972592241245,228.098550741999,High-income countries,3.32893085479736,0.259638249874115,0.238259047269821,0.61565626342201,0.03497826292769168
Malta,2019,6.299703108596688,27379.6484375,54323.08252234557,9.86,3.040459945233089,2.7856405197096517,2.391013087905213,233.070441902701,High-income countries,3.37115406990051,0.275035679340363,0.253276884555817,0.575190725436111,0.039368894324916304
Malta,2020,-4.228308295154903,26985.12109375,52074.0188645657,4.45,2.6512833328871497,3.040459945233089,2.7856405197096517,256.402967044059,High-income countries,3.41391253471375,0.311778903007507,0.28868356347084,0.553950249454597,0.027768746801473898
Malta,2021,10.360369162647487,30287.150390625,57758.460323556006,11.42,2.160177511797612,2.6512833328871497,3.040459945233089,220.738701426547,High-income countries,3.43715000152588,0.325051158666611,0.26881867647171,0.600887463334074,0.011834207917105544
Malta,2022,3.233258847945031,31510.064453125,59656.45911548263,13.44,3.0880739731453883,2.160177511797612,2.6512833328871497,243.415382342225,High-income countries,3.4607367515564,0.3836869597435,0.28661459684372,0.554688549085632,0.007250869718385733
Malta,2023,3.862467948893311,33046.3359375,62005.748950194764,3.64,3.2563994992775185,3.0880739731453883,2.160177511797612,232.46676505021,High-income countries,3.48467993736267,0.285941451787949,0.268171221017838,0.618607213718079,0.008979015193308348
Mauritius,1995,8.801850917969567,17714.654296875,15273.610580317998,51.01,23.802256577015303,,,118.148720557781,Upper-middle-income countries,2.15878987312317,0.151921346783638,0.123281128704548,0.381839870558726,0.011509993876566343
Mauritius,1996,9.504342522944675,19691.919921875,16796.490500011514,2.76,18.360309803949633,23.802256577015303,,126.159212478576,Upper-middle-income countries,2.18320274353027,0.169379159808159,0.11944817006588,0.320393005542984,0.010772746712502057
Mauritius,1997,-1.8823991725103184,19521.12109375,16483.270773470213,5.15,18.799278630058986,18.360309803949633,23.802256577015303,126.107505043338,Upper-middle-income countries,2.2078914642334,0.214000374078751,0.11635198444128,0.286370228831655,0.010112608785427496
Mauritius,1998,3.9495336918177415,20492.8359375,17147.310016693093,28.21,23.97843116574076,18.799278630058986,18.360309803949633,130.442832961932,Upper-middle-income countries,2.23285937309265,0.211106970906258,0.11765943467617,0.246077444604213,0.00908300926795122
Mauritius,1999,-3.1702509131269707,20032.53125,16612.22386600447,6.05,20.441552744909057,23.97843116574076,18.799278630058986,128.954991253643,Upper-middle-income countries,2.25810956954956,0.219081163406372,0.125138983130455,0.253794942559899,0.008984665161883953
Mauritius,2000,1.9771990298151465,20614.5,16943.9492236335,4.3,12.12254666332526,20.441552744909057,23.97843116574076,120.687648773646,Upper-middle-income countries,2.28364539146423,0.220724537968636,0.135255172848701,0.260915808199872,0.008865206748799842
Mauritius,2001,-2.2340957895963243,20311.03515625,16569.60237122502,3.72,12.014891474752998,12.12254666332526,20.441552744909057,128.05457898019,Upper-middle-income countries,2.30223345756531,0.164226174354553,0.143537625670433,0.282777088267177,0.007510588319984773
Mauritius,2002,0.928890726537368,20639.125,16724.23293371202,24.89,12.98044434552145,12.014891474752998,12.12254666332526,118.230470380251,Upper-middle-income countries,2.32097268104553,0.207910105586052,0.151446864008904,0.248411613691502,0.006735296933608331
Mauritius,2003,-1.6459149013257957,20434.04296875,16451.219241582192,23.04,12.561400507426972,12.98044434552145,12.014891474752998,108.655579313428,Upper-middle-income countries,2.33986449241638,0.211019188165665,0.160403072834015,0.319328393137014,0.006472885682992674
Mauritius,2004,0.748531587825596,20715.21484375,16574.82384681549,2.47,12.529320976481673,12.561400507426972,12.98044434552145,107.027698267505,Upper-middle-income countries,2.35891008377075,0.233578518033028,0.168192490935326,0.336635591520867,0.006180848033314451
Mauritius,2005,-7.205036992655067,19389.53515625,15422.608826851414,0.85,5.435781299544037,12.529320976481673,12.561400507426972,121.608743996836,Upper-middle-income countries,2.37811064720154,0.185985460877419,0.189652040600777,0.401915906579469,0.005915418633105185
Mauritius,2006,5.302947987987672,20552.283203125,16262.535362634031,0.94,1.9388370226752536,5.435781299544037,12.529320976481673,127.062861757975,Upper-middle-income countries,2.39746761322022,0.223652690649033,0.187302276492119,0.38177366350448,0.005209064073885383
Mauritius,2007,8.199428988725543,22409.73828125,17652.16269580266,0.92,2.695704041947935,1.9388370226752536,5.435781299544037,120.876451250142,Upper-middle-income countries,2.41698217391968,0.23894964158535,0.165776059031487,0.38083678876404,0.004529279652798118
Mauritius,2008,0.8398208193701961,22689.8203125,17801.033482134102,0.78,2.580419357571211,2.695704041947935,1.9388370226752536,115.489315893532,Upper-middle-income countries,2.43665528297424,0.256156295537949,0.167286291718483,0.426402041219709,0.004022562243583022
Mauritius,2009,-0.6510710498659478,22619.275390625,17685.512576213554,0.0,1.2066080149525442,2.580419357571211,2.695704041947935,104.42972895159,Upper-middle-income countries,2.45648884773254,0.227563306689262,0.18267323076725,0.419716688603667,0.003396767137648443
Mauritius,2010,1.1832400555402245,22955.3828125,17896.017578811716,2.04,1.1682315681273177,1.2066080149525442,2.580419357571211,113.457073552476,Upper-middle-income countries,2.47648358345032,0.232306152582169,0.187399253249168,0.502940136506392,0.002917617494864938
Mauritius,2011,9.359857662720827,25277.66015625,19651.954187000054,1.95,1.1562623470132756,1.1682315681273177,1.2066080149525442,117.538946368786,Upper-middle-income countries,2.49707937240601,0.248046934604645,0.175753340125084,0.4333303930028,0.0027699770453104844
Mauritius,2012,2.17405529379473,25891.53125,20083.876641560073,0.0,0.9231101869739584,1.1562623470132756,1.1682315681273177,119.500119779606,Upper-middle-income countries,2.51784634590149,0.241993516683579,0.169395968317986,0.447513017839454,0.0022543756492361955
Mauritius,2013,3.6035175019133447,26879.3203125,20820.800499851277,0.0,0.7929736008204494,0.9231101869739584,1.1562623470132756,113.308833075877,Upper-middle-income countries,2.53878593444824,0.205160543322563,0.188376009464264,0.48122776975839,0.001406117851013411
Mauritius,2014,3.3239594580136256,27809.76953125,21524.50612129984,0.38,0.7830064998423739,0.7929736008204494,0.9231101869739584,110.589707531641,Upper-middle-income countries,2.55989956855774,0.176317766308784,0.192807972431183,0.511589396691839,0.000790557027672667
Mauritius,2015,4.663824742978306,29143.578125,22552.148826681627,0.37,0.7983831800105029,0.7830064998423739,0.7929736008204494,107.145979436304,Upper-middle-income countries,2.57424068450928,0.15998649597168,0.198163732886314,0.464387546431149,0.00020895568667667064
Mauritius,2016,7.297448884389546,31338.38671875,24259.416272256683,0.4,0.9255662281027011,0.7983831800105029,0.7830064998423739,100.016978687279,Upper-middle-income countries,2.58863472938538,0.148747801780701,0.208482280373573,0.47021730168795,-0.0003653140541804434
Mauritius,2017,2.430860153987169,32080.978515625,24856.35473122174,0.0,1.0342137950241501,0.9255662281027011,0.7983831800105029,99.7018151211455,Upper-middle-income countries,2.60310959815979,0.155691832304001,0.213618159294128,0.486704489030356,-0.000889075505290049
Mauritius,2018,0.1243663488081026,32075.556640625,24887.286902666987,2.13,1.0706986146880506,1.0342137950241501,0.9255662281027011,96.6339164118573,Upper-middle-income countries,2.61766529083252,0.166780948638916,0.217544957995415,0.52499181811386,-0.001412683682195992
Mauritius,2019,2.8290989713539716,32930.34765625,25601.42711580772,2.57,1.473913907060338,1.0706986146880506,1.0342137950241501,95.8457981519523,High-income countries,2.63230228424072,0.170254170894623,0.218301877379417,0.505546424847023,-0.0019906006449620373
Mauritius,2020,-14.90206691986824,28303.9765625,22056.94299626799,0.0,1.3397446785072007,1.473913907060338,1.0706986146880506,83.2396173536449,Upper-middle-income countries,2.64702105522156,0.152946904301643,0.244920134544373,0.46972337035594,-0.002371675212379548
Mauritius,2021,0.622358530841538,28400.77734375,22194.644316138427,0.0,1.1876535864332995,1.3397446785072007,1.473913907060338,92.2590939564376,Upper-middle-income countries,2.66406083106995,0.168442562222481,0.236728221178055,0.451339187846115,-0.002809378610952179
Mauritius,2022,8.157924680867623,30730.705078125,24081.171258512066,0.22,1.2798048632712757,1.1876535864332995,1.3397446785072007,112.584757873474,Upper-middle-income countries,2.68140149116516,0.160887867212296,0.219441369175911,0.47857897663424,-0.0027334426878416196
Mauritius,2023,7.294712352509869,32990.36328125,25903.481566448492,0.27,1.4520464883057895,1.2798048632712757,1.1876535864332995,105.103380425553,Upper-middle-income countries,2.69904971122742,0.200606927275658,0.204861581325531,0.475374180633462,-0.0019939466577965914
Mexico,1991,1.4983116931526652,1232492.625,14597.705497008832,9.89,11.846837678016959,,,35.7865351574196,Upper-middle-income countries,2.20346689224243,0.15718375146389,0.105758100748062,0.461686279371792,0.01925793274192067
Mexico,1995,-5.030524444004492,1301517.875,14324.044788356203,10.0,11.274309998922128,11.846837678016959,,43.6658317263397,Upper-middle-income countries,2.29624581336975,0.152858301997185,0.123537071049213,0.37835658436209,0.017802326960444148
Mexico,1996,2.555487234102749,1358575.0,14694.811191132088,30.6,14.017021502130163,11.274309998922128,11.846837678016959,47.7678235339067,Upper-middle-income countries,2.32004451751709,0.164826348423958,0.123025715351105,0.399587755964109,0.0173503044582084
Mexico,1997,4.811969359744239,1449732.75,15419.210157555199,16.37,13.077363937969347,14.017021502130163,11.274309998922128,46.4918755715735,Upper-middle-income countries,2.3440899848938,0.177145138382912,0.126890644431114,0.453172373747886,0.016823179192667403
Mexico,1998,3.921527804521041,1532634.25,16035.891406817738,16.11,13.05249041651026,13.077363937969347,14.017021502130163,48.0318841400179,Upper-middle-income countries,2.36838483810425,0.178659945726395,0.122411958873272,0.478346955069281,0.016393479803361366
Mexico,1999,3.6888972443055223,1615858.25,16638.485162858364,25.64,15.779537709875264,13.05249041651026,13.077363937969347,48.0122495761105,Upper-middle-income countries,2.39293122291565,0.186147943139076,0.127875328063965,0.490377417072301,0.015989280275377382
Mexico,2000,2.7466828605168914,1686677.0,17101.825701315214,25.29,15.228074249682981,15.779537709875264,13.05249041651026,49.9104091872497,Upper-middle-income countries,2.41773200035095,0.185592412948608,0.126094147562981,0.542573890410939,0.015427252822122206
Mexico,2001,-0.8879141491947351,1696744.625,16950.648327014413,12.02,15.342127656149598,15.228074249682981,15.779537709875264,44.7401090123173,Upper-middle-income countries,2.43708729743958,0.171163648366928,0.124330975115299,0.570761658814104,0.014830309173113676
Mexico,2002,-1.9114735119732273,1688725.0,16629.71819293189,15.25,15.642432840528627,15.342127656149598,15.228074249682981,45.209829259652,Upper-middle-income countries,2.45659756660461,0.178369075059891,0.127605780959129,0.565053759244291,0.01437705267754641
Mexico,2003,0.974587520055259,1729275.125,16792.581685606943,15.34,15.505663922697355,15.642432840528627,15.342127656149598,48.7004168690455,Upper-middle-income countries,2.47626376152039,0.183245345950127,0.126479148864746,0.522175805265531,0.013982636279029848
Mexico,2004,3.0892201915850848,1808047.625,17319.437478721862,29.69,13.84343283521184,15.505663922697355,15.642432840528627,52.0406200335632,Upper-middle-income countries,2.49608755111694,0.195667341351509,0.119101449847221,0.527571995027519,0.01365308315499636
Mexico,2005,1.2661483405203455,1855946.625,17540.121393605747,18.45,12.746887691124128,13.84343283521184,15.505663922697355,52.5626446517886,Upper-middle-income countries,2.51607012748718,0.193343967199326,0.118745006620884,0.551033233875973,0.013485789579265273
Mexico,2006,5.553760271911301,1988677.75,18541.81609046352,18.06,11.790669179339544,12.746887691124128,13.84343283521184,54.4821160886169,Upper-middle-income countries,2.53621244430542,0.195737168192863,0.124565988779068,0.600541279096779,0.01353749206962096
Mexico,2007,1.162994924743188,2040467.25,18758.71528915454,35.3,11.529192891201156,11.790669179339544,12.746887691124128,55.2585243990368,Upper-middle-income countries,2.55651617050171,0.200276002287865,0.133531749248505,0.632155322710931,0.014078905842415779
Mexico,2008,-0.6506985277926702,2057051.0,18637.048875006105,34.25,10.934241240751314,11.529192891201156,11.790669179339544,56.3652818731773,Upper-middle-income countries,2.57141518592834,0.209274768829346,0.146748051047325,0.656640640220442,0.014601563282652386
Mexico,2009,-3.565329127329697,2014234.625,17984.282523346643,4.23,8.283098408952654,10.934241240751314,11.529192891201156,54.5917421313503,Upper-middle-income countries,2.58525681495667,0.199302986264229,0.17002660036087,0.554587732134011,0.014619172053372154
Mexico,2010,5.849988579458909,2166551.25,19067.743189053675,6.12,5.630667041699328,8.283098408952654,10.934241240751314,59.2733845378721,Upper-middle-income countries,2.59917283058167,0.208954527974129,0.178908571600914,0.578501656072072,0.014397447257294083
Mexico,2011,7.828253447765121,2376366.5,20620.39436079625,5.93,5.391520990995232,5.630667041699328,8.283098408952654,62.1623872683072,Upper-middle-income countries,2.61836075782776,0.221235975623131,0.184233278036118,0.570983457855932,0.014153488385203694
Mexico,2012,4.979453344113871,2531821.0,21673.17101799747,21.59,5.201106713862396,5.391520990995232,5.630667041699328,64.2579318977864,Upper-middle-income countries,2.63769030570984,0.220478519797325,0.182705864310265,0.561016243907504,0.013571632792376498
Mexico,2013,-4.076829651793545,2462417.5,20807.36146102332,9.38,4.9446833539337485,5.201106713862396,5.391520990995232,62.6916747661852,Upper-middle-income countries,2.6571626663208,0.214560553431511,0.172223225235939,0.57746424374277,0.012973080802522574
Mexico,2014,0.9785316206622596,2516903.0,21011.96750715021,9.09,4.720352613432143,4.9446833539337485,5.201106713862396,64.0984090280535,Upper-middle-income countries,2.67677879333496,0.21459923684597,0.175104513764381,0.575990887342592,0.012100270297143112
Mexico,2015,2.1365291192582347,2598904.75,21465.724374655918,17.07,4.566946774443184,4.720352613432143,4.9446833539337485,70.4129746726021,Upper-middle-income countries,2.69653964042664,0.215625002980232,0.171144708991051,0.529127623130573,0.010695637615567577
Mexico,2016,2.6175571300406375,2693811.0,22035.020291922992,13.92,4.454786217276215,4.566946774443184,4.720352613432143,75.6903034088551,Upper-middle-income countries,2.71644639968872,0.210836932063103,0.165818452835083,0.489682405387593,0.009691242047991544
Mexico,2017,-0.5057966986193208,2705404.25,21923.849273424566,1.45,4.459980384731561,4.454786217276215,4.566946774443184,76.9521260407254,Upper-middle-income countries,2.73650026321411,0.209731563925743,0.162306934595108,0.512971259241485,0.009352393964998207
Mexico,2018,-0.6319048558532714,2713931.5,21785.74819851036,2.95,4.0698269271441685,4.459980384731561,4.454786217276215,80.2126616635331,Upper-middle-income countries,2.75670194625855,0.199666067957878,0.164254784584045,0.557761128884188,0.009466023549861369
Mexico,2019,-2.2605308258032863,2678600.5,21298.799196730244,4.51,4.30048981390158,4.0698269271441685,4.459980384731561,77.4619722571128,Upper-middle-income countries,2.7770528793335,0.186055421829224,0.1661197245121,0.599540600358265,0.009501443298313816
Mexico,2020,-9.361573531012368,2459316.0,19395.381293617538,12.28,4.0547012348585945,4.30048981390158,4.0698269271441685,76.8545556992201,Upper-middle-income countries,2.79755401611328,0.165054023265839,0.182315051555634,0.57744618171887,0.00820454117563596
Mexico,2022,0.9393112192695341,2601140.25,20224.53316328536,9.18,5.124775365621465,4.0547012348585945,4.30048981390158,88.8269347828552,Upper-middle-income countries,2.83388257026672,0.183974072337151,0.170043662190437,0.70258332225267,0.007531169886041411
Mexico,2023,4.428618472507573,2742741.25,21140.329465233553,10.94,5.5670400816456755,5.124775365621465,4.0547012348585945,73.7695331207325,Upper-middle-income countries,2.85250401496887,0.207117691636086,0.171521723270416,0.798693522979854,0.00872178517508626
Mongolia,1997,3.9844102714980956,7044.1748046875,2948.42921965148,15.0,15.0,,,99.9914490021753,Low-income countries,2.54999971389771,0.199345037341118,0.201223134994507,0.262574544546439,0.010799683216821565
Mongolia,1998,-5.3602775149394155,6742.63671875,2794.546349258782,0.0,0.0,15.0,,107.351210779428,Low-income countries,2.56670713424683,0.208340242505074,0.295015156269074,0.288575972579157,0.00985282169809687
Mongolia,1999,3.97489551293857,7077.85693359375,2907.8638533441317,0.39,0.0882042152683475,0.0,15.0,112.241338547745,Low-income countries,2.58022856712341,0.196745201945305,0.300658643245697,0.280977151056521,0.008771160774261877
Mongolia,2000,10.855053150677474,7957.93994140625,3241.2831070797397,5.33,5.034907827286782,0.0882042152683475,0.0,121.886609754208,Low-income countries,2.59382128715515,0.225128650665283,0.349801033735275,0.221977989613724,0.00864846463417579
Mongolia,2001,9.12643988789359,8798.3515625,3551.015684909392,7.5,6.9500439284835736,5.034907827286782,0.0882042152683475,115.81832687888,Low-income countries,2.60908365249634,0.193819418549538,0.366278231143951,0.22292819719339,0.009129817584428324
Mongolia,2002,8.417080673506305,9657.4072265625,3862.8470052148436,7.29,6.983036271072286,6.9500439284835736,5.034907827286782,118.517253113943,Low-income countries,2.62443590164185,0.190749391913414,0.353570252656937,0.221454287930523,0.008990020921520125
Mongolia,2003,9.30078927527802,10690.83984375,4239.360237508451,5.8,5.036039718452578,6.983036271072286,6.9500439284835736,120.299393514881,Low-income countries,2.63987851142883,0.248750105500221,0.347584336996079,0.23185560034726,0.008654183541621507
Mongolia,2004,16.647864456157002,12732.453125,5007.270794358801,5.38,5.025204480046631,5.036039718452578,6.983036271072286,131.329318233554,Low-income countries,2.65541195869446,0.255007684230804,0.326615244150162,0.230349172725396,0.008288168239690918
Mongolia,2005,16.367262342226674,15118.5419921875,5897.707042232161,6.26,4.287609009950665,5.025204480046631,5.036039718452578,122.381459889773,Low-income countries,2.67103672027588,0.299215495586395,0.326874107122421,0.2504913996651,0.00809521534522406
Mongolia,2006,20.206549725520695,18657.724609375,7218.369783985413,6.2,4.399505495336069,4.287609009950665,5.025204480046631,112.929983096983,Low-income countries,2.69511675834656,0.296875566244125,0.280383706092835,0.275442758685873,0.008272814238940662
Mongolia,2007,10.551888348827454,20920.263671875,8021.681146746601,5.43,5.100313061990889,4.399505495336069,4.287609009950665,117.880426425377,Lower-middle-income countries,2.71941375732422,0.313288509845734,0.272020280361176,0.302060477022396,0.008939110939314321
Mongolia,2008,1.860579093368564,21529.376953125,8172.327974967203,5.49,5.100313061990889,5.100313061990889,4.399505495336069,121.198013401183,Lower-middle-income countries,2.74392986297607,0.360274970531464,0.254454404115677,0.361525818320645,0.010094338543393366
Mongolia,2009,-5.796826983423209,20555.158203125,7712.061565123741,5.43,5.10139050072344,5.100313061990889,5.100313061990889,107.813757166177,Lower-middle-income countries,2.76866698265076,0.272469103336334,0.243844583630562,0.321355855982294,0.011661814318222108
Mongolia,2010,16.001832637496527,24451.630859375,9050.353943090951,5.01,5.035170304313985,5.10139050072344,5.100313061990889,103.350031656557,Lower-middle-income countries,2.79362726211548,0.324231803417206,0.230126649141312,0.365468981399206,0.013566672239895494
Mongolia,2011,17.11297918503103,29482.01171875,10739.55504511544,6.53,5.037770297247933,5.035170304313985,5.10139050072344,126.999228633482,Lower-middle-income countries,2.81266522407532,0.439740151166916,0.204811796545982,0.42698775916696,0.015953597751653614
Mongolia,2012,12.891668202627926,34152.87109375,12217.267752361955,6.48,5.272525975846901,5.037770297247933,5.035170304313985,109.588564338415,Lower-middle-income countries,2.83183288574219,0.429111480712891,0.234013363718987,0.428398828828084,0.018149668366701732
Mongolia,2013,0.7947435357838373,35120.203125,12314.750554107972,6.53,5.029794992751456,5.272525975846901,5.037770297247933,100.311989662943,Lower-middle-income countries,2.85113143920898,0.428442090749741,0.24862565100193,0.430020063807759,0.01998246162752193
Mongolia,2014,3.6655752721502566,37212.7109375,12774.532348348237,5.0,5.271080149452373,5.029794992751456,5.272525975846901,109.322311877187,Upper-middle-income countries,2.87056159973145,0.300398468971252,0.261799037456512,0.404960450617541,0.021218089570858023
Mongolia,2015,-2.879623411014265,36944.40234375,12411.919917296205,4.94,4.749263689531421,5.271080149452373,5.029794992751456,89.653663477814,Lower-middle-income countries,2.89012384414673,0.199957817792892,0.273322701454163,0.41068776789241,0.021559982517505683
Mongolia,2016,-0.6806221603463669,37486.3046875,12327.728477623741,5.75,5.309545717588932,4.749263689531421,5.271080149452373,101.055237224997,Lower-middle-income countries,2.90981936454773,0.182265907526016,0.294909685850143,0.403264380021782,0.021367736350320854
Mongolia,2017,1.6680695412828683,38913.4765625,12535.088205667893,5.12,5.65582849739909,5.309545717588932,4.749263689531421,115.932901867963,Lower-middle-income countries,2.92964935302734,0.237530782818794,0.256401211023331,0.367984424715339,0.02068427847182175
Mongolia,2018,4.452553470056664,41515.421875,13105.831751747164,5.0,5.441520074915727,5.65582849739909,5.309545717588932,126.355873241513,Lower-middle-income countries,2.94961452484131,0.341339141130447,0.242472857236862,0.382407463861971,0.020198803128558707
Mongolia,2019,9.325008603434881,46499.58984375,14386.746330883234,5.48,5.7289614309999255,5.441520074915727,5.65582849739909,124.396514621165,Lower-middle-income countries,2.81514573097229,0.310986399650574,0.251411765813828,0.372678160305174,0.02012843630354033
Mongolia,2020,0.5391930296926972,47599.65234375,14464.52817298912,5.06,5.733759885684198,5.7289614309999255,5.441520074915727,112.838647629317,Lower-middle-income countries,2.68680739402771,0.188552483916283,0.30129337310791,0.36549746019365,0.017990035221151723
Mongolia,2021,0.6459399067750837,48619.8515625,14558.262741363378,5.43,5.685230141422475,5.733759885684198,5.7289614309999255,119.098078437771,Lower-middle-income countries,2.71055436134338,0.323189705610275,0.3021340072155,0.39840870077139,0.014747059294431653
Mongolia,2022,3.601991739563992,51102.4453125,15092.208780085144,5.36,5.873253577996082,5.685230141422475,5.733759885684198,136.327929944516,Lower-middle-income countries,2.73486876487732,0.336764603853226,0.297885715961456,0.456210600564684,0.013780516272505317
Mongolia,2023,15.617127250614438,60550.23046875,17643.190619379988,5.05,5.873253577996082,5.873253577996082,5.685230141422475,142.864246599181,Upper-middle-income countries,2.75976753234863,0.273991256952286,0.289616703987122,0.455513667342522,0.013469654202574288
Morocco,1993,-0.3649852636769424,134922.3125,5267.401647639357,52.04,45.35339749678298,,,49.668456614101,Lower-middle-income countries,1.38745748996735,0.177281349897385,0.156184807419777,0.343622711350334,0.015823320787887507
Morocco,1996,14.790203302299076,175800.4375,6557.734102598143,28.91,22.62589602930341,45.35339749678298,,47.0955434479783,Lower-middle-income countries,1.45208430290222,0.207364454865456,0.108022674918175,0.272169445076325,0.015361960642424677
Morocco,1997,-8.66412200160216,163646.90625,6013.48178101054,10.43,17.310675068811808,22.62589602930341,45.35339749678298,51.1501546486104,Lower-middle-income countries,1.47543573379517,0.228815123438835,0.117616131901741,0.256595339637436,0.015002842238487801
Morocco,1998,0.39776943095493067,166764.296875,6037.449209221694,34.6,27.64783609087728,17.310675068811808,22.62589602930341,45.6723595943991,Lower-middle-income countries,1.49916255474091,0.245955616235733,0.1196319013834,0.27172875053951,0.014892629097785992
Morocco,1999,-5.9814352965283035,159388.078125,5686.91119876888,33.81,24.001411270006237,27.64783609087728,17.310675068811808,48.578876486646,Lower-middle-income countries,1.52327108383179,0.23824842274189,0.129976376891136,0.276528949293185,0.014574904833644542
Morocco,2000,-6.449924246017957,151544.90625,5331.688666412064,20.57,25.41189824874281,24.001411270006237,27.64783609087728,53.4403058388785,Lower-middle-income countries,1.54776728153229,0.246659204363823,0.133703470230103,0.26579565348359,0.014039263010082959
Morocco,2001,1.2593598966676112,155577.703125,5399.258395288812,20.39,24.80264885239199,25.41189824874281,24.001411270006237,53.4915710187871,Lower-middle-income countries,1.56978118419647,0.256003499031067,0.133777096867561,0.261054004845548,0.013669714478437456
Morocco,2002,-1.4838138729192707,155326.375,5319.7348995699795,13.09,24.266911757668336,24.80264885239199,25.41189824874281,54.31012791421,Lower-middle-income countries,1.59210824966431,0.265343725681305,0.132692575454712,0.26959081174429,0.013221381681416844
Morocco,2003,3.1360178704490593,162323.59375,5489.206172582543,27.5,24.67402755818158,24.266911757668336,24.80264885239199,52.3318582669923,Lower-middle-income countries,1.61475276947021,0.288651376962662,0.130708694458008,0.310276392283508,0.012703108159985987
Morocco,2004,-1.225250368707087,162416.046875,5422.360006427399,23.66,19.854962654235667,24.67402755818158,24.266911757668336,55.5516384744536,Lower-middle-income countries,1.63771951198578,0.304717898368835,0.13507242500782,0.358764159774696,0.012821902158535181
Morocco,2005,-4.334901766144483,157629.4375,5192.327880782172,15.88,19.61596448426171,19.854962654235667,24.67402755818158,61.4938276863235,Lower-middle-income countries,1.66101276874542,0.29215395450592,0.145039096474648,0.39134226346945,0.013434730157610542
Morocco,2006,7.593711529797709,172379.375,5601.975166501588,24.88,18.12583576916908,19.61596448426171,19.854962654235667,64.6721977787154,Lower-middle-income countries,1.68110632896423,0.299195468425751,0.145062699913979,0.395369496345852,0.01351365505513602
Morocco,2007,3.9792396099711524,181797.953125,5829.385781198435,22.35,17.83156808176244,18.12583576916908,19.61596448426171,71.3496467796657,Lower-middle-income countries,1.70144295692444,0.331229984760284,0.150884076952934,0.427151355495783,0.013405810139850427
Morocco,2008,9.351188093883778,202308.703125,6400.803445825382,14.7,16.109407935122952,17.83156808176244,18.12583576916908,77.8344716425602,Lower-middle-income countries,1.71884727478027,0.382739186286926,0.147807493805885,0.442295378395896,0.013386960452712593
Morocco,2009,10.952306944892243,228753.234375,7141.669627100535,17.39,14.481115424088786,16.109407935122952,17.83156808176244,62.3709560152269,Lower-middle-income countries,1.73449659347534,0.361383527517319,0.16245174407959,0.380096817392849,0.013326009817858253
Morocco,2010,4.809578429608585,243293.140625,7493.547932615674,8.53,12.968656329194086,14.481115424088786,16.109407935122952,69.541979610144,Lower-middle-income countries,1.75028824806213,0.333197325468063,0.167624101042748,0.377217278162065,0.01352742862163181
Morocco,2011,8.604376090568522,268792.9375,8166.873340376636,9.03,11.716667329078778,12.968656329194086,14.481115424088786,76.8258714906247,Lower-middle-income countries,1.76998937129974,0.359601736068726,0.168624743819237,0.355839302701231,0.013630516898937461
Morocco,2012,1.608121686374453,276824.09375,8299.26828440544,9.0,9.863120028928313,11.716667329078778,12.968656329194086,78.2221018956072,Lower-middle-income countries,1.78991222381592,0.345301598310471,0.171849817037582,0.338361180411504,0.01335971286390425
Morocco,2013,2.359525626452097,287107.1875,8497.420175602443,6.81,8.900967022689837,9.863120028928313,11.716667329078778,73.8577565315318,Lower-middle-income countries,1.81005918979645,0.335724413394928,0.178036257624626,0.370189940168345,0.012878101530278574
Morocco,2014,-2.5438288634257233,283351.9375,8283.986551002521,11.05,9.020453534203412,8.900967022689837,9.863120028928313,71.8935667539398,Lower-middle-income countries,1.83043313026428,0.325487196445465,0.179192289710045,0.390779189325968,0.012272387414854258
Morocco,2015,7.5518160137022505,309177.46875,8933.805752368527,11.59,8.699151425604152,9.020453534203412,8.900967022689837,67.2886759253849,Lower-middle-income countries,1.85103631019592,0.321539640426636,0.171195983886719,0.327424412753436,0.011707563993874182
Morocco,2016,-0.8560661858538765,310225.625,8857.652886749585,8.0,9.621736862767916,8.699151425604152,9.020453534203412,71.1226603816864,Lower-middle-income countries,1.87187135219574,0.338333010673523,0.172626167535782,0.330256460938351,0.011945072627751241
Morocco,2017,1.6839359387017083,319303.6875,9008.073021931257,7.22,9.359503672291792,9.621736862767916,8.699151425604152,74.1733578786573,Lower-middle-income countries,1.89294099807739,0.327124685049057,0.170213744044304,0.348672353257866,0.01200343364188683
Morocco,2018,-5.983357306368298,304096.625,8484.895685685397,8.47,9.774718112802793,9.359503672291792,9.621736862767916,77.2548875243989,Lower-middle-income countries,1.91424775123596,0.334870964288712,0.183572053909302,0.395337571535501,0.011036421008162822
Morocco,2019,1.7672984720693563,312723.90625,8636.18202039618,6.96,9.803445224958221,9.774718112802793,9.359503672291792,75.9981158798422,Lower-middle-income countries,1.93579435348511,0.315244019031525,0.189122840762138,0.396935750735329,0.01030223159337007
Morocco,2020,-5.15474213567213,300074.21875,8202.288231851297,6.96,9.803445224958221,9.803445224958221,9.774718112802793,68.8438033904364,Lower-middle-income countries,1.95758354663849,0.315956950187683,0.214878112077713,0.366094003325966,0.010256548636077945
Morocco,2021,5.0050293467991835,318667.84375,8623.262225147386,7.27,12.697857911669493,9.803445224958221,9.803445224958221,75.5234171756506,Lower-middle-income countries,1.98165833950043,0.287368386983871,0.198470681905746,0.465171246312637,0.010069184792396157
Morocco,2022,-4.169610019959613,308752.375,8271.098761008312,16.88,11.951128218673269,12.697857911669493,9.803445224958221,101.132382053244,Lower-middle-income countries,2.00658464431763,0.269801259040833,0.200885608792305,0.443703006655279,0.010086362267270221
Morocco,2023,5.24063471419165,328706.5625,8716.115848045629,17.86,13.077182808711596,11.951128218673269,12.697857911669493,93.7914030606318,Lower-middle-income countries,2.03239965438843,0.260500252246857,0.202510803937912,0.468982802326273,0.010219518122354554
Mozambique,2000,-2.7111484357652316,16057.7001953125,885.7147015065594,26.31,16.31854175755405,,,47.9208808015891,Low-income countries,1.12943410873413,0.280378609895706,0.0967749431729317,0.523000800925951,0.022036651723195355
Mozambique,2001,6.357004367043206,17496.794921875,943.847810153822,7.4,11.710286390416075,16.31854175755405,,50.4153095777265,Low-income countries,1.13541626930237,0.221947878599167,0.106102652847767,0.474537299546697,0.022259175689691713
Mozambique,2002,10.5072945156655,19876.267578125,1048.4182515431996,11.84,8.692534294772345,11.710286390416075,16.31854175755405,73.309162757423,Low-income countries,1.14143013954163,0.228541642427444,0.11300091445446,0.491217403459551,0.022435774031243305
Mozambique,2003,6.531186176891257,21703.630859375,1119.1779728670529,11.06,8.710205814556517,8.692534294772345,11.710286390416075,70.1683599479183,Low-income countries,1.14747595787048,0.198406517505646,0.114855401217937,0.464090570683287,0.022641269467058578
Mozambique,2004,4.904013249286532,23320.912109375,1175.430655220762,6.2,8.741175164770535,8.710205814556517,8.692534294772345,72.0520001612374,Low-income countries,1.15355372428894,0.181333437561989,0.125638827681541,0.513248698380915,0.022830773718081954
Mozambique,2005,6.049665160332829,25355.03125,1248.7352600294053,12.51,8.504739452871759,8.741175164770535,8.710205814556517,72.0092609780982,Low-income countries,1.15966367721558,0.171719074249268,0.129504293203354,0.494721373782969,0.023130056672077792
Mozambique,2006,3.710841943629717,26938.908203125,1295.9443621477603,10.07,7.918055997471723,8.504739452871759,8.741175164770535,67.3498976872689,Low-income countries,1.16388356685638,0.169289812445641,0.129398867487907,0.487506425727582,0.023486041998681984
Mozambique,2007,2.8258810667643353,28378.302734375,1333.0885621805803,5.46,8.037972511028874,7.918055997471723,8.504739452871759,66.1203821840516,Low-income countries,1.16811883449554,0.165266752243042,0.124504156410694,0.503546103045594,0.02379441110583036
Mozambique,2008,2.1513509829997446,29719.244140625,1362.0786977309629,7.44,7.07297261714524,8.037972511028874,7.918055997471723,64.981416499828,Low-income countries,1.17236948013306,0.200690239667892,0.121492698788643,0.466469840286107,0.02465641205872826
Mozambique,2009,-0.923710500676389,30218.890625,1349.5549643406532,6.1,7.081191508113336,7.07297261714524,8.037972511028874,67.898572768141,Low-income countries,1.17663550376892,0.201135233044624,0.123168207705021,0.386135056755552,0.025909564375316663
Mozambique,2010,-3.1454166844608444,30077.62890625,1307.766493374671,9.24,7.084193365488205,7.081191508113336,7.07297261714524,73.8373532681892,Low-income countries,1.18091714382172,0.210394337773323,0.129516690969467,0.396138187663241,0.0267685903538335
Mozambique,2011,-1.3300282313593925,30518.80078125,1290.487989015114,9.27,7.091220984245139,7.084193365488205,7.081191508113336,84.4062119333019,Low-income countries,1.18610608577728,0.268857151269913,0.145309939980507,0.512839996673518,0.02786152535644737
Mozambique,2012,2.7641716569046793,32287.970703125,1326.6568743645187,4.97,7.084193365488205,7.091220984245139,7.084193365488205,105.934588060511,Low-income countries,1.19131779670715,0.466194152832031,0.158900156617165,0.557600189082204,0.02871010747809244
Mozambique,2013,-0.5382422145814303,33056.48828125,1319.5354295278655,8.41,6.74475041703288,7.084193365488205,7.091220984245139,109.38537659913,Low-income countries,1.19655251502991,0.49965700507164,0.186727896332741,0.576485278337281,0.02890554949926205
Mozambique,2014,1.9197315001960646,34688.37890625,1345.111679005835,9.75,7.231717623053389,6.74475041703288,7.084193365488205,116.356855242217,Low-income countries,1.20181012153625,0.442352950572968,0.215942397713661,0.59205706274044,0.02898954985839186
Mozambique,2015,8.113874171874347,38727.66015625,1458.802340050156,4.39,6.910304788894052,7.231717623053389,6.74475041703288,98.7612036510901,Low-income countries,1.20709085464478,0.336580276489258,0.224694579839706,0.504919959444795,0.029010606713347542
Mozambique,2016,-3.0034949311942505,38699.46484375,1415.6387387673274,7.41,6.93252461546663,6.910304788894052,7.231717623053389,110.394358201481,Low-income countries,1.21239471435547,0.323405593633652,0.212810680270195,0.388225057868015,0.029306643469609206
Mozambique,2018,-0.5105685664000603,38470.6953125,1325.7233974302867,6.08,7.222931909452116,6.93252461546663,6.910304788894052,124.607457525372,Low-income countries,1.2230726480484,0.340811520814896,0.211387947201729,0.483803697513323,0.029808990297254034
Mozambique,2019,4.042972545091139,41253.00390625,1380.4202699286384,11.07,7.937935340966813,7.222931909452116,6.93252461546663,105.591171401921,Low-income countries,1.22844684123993,0.294978320598602,0.208574682474136,0.461295572720904,0.029397415898528845
Mozambique,2020,-4.389844776105001,40669.33984375,1321.1327974656576,6.08,7.96463773057458,7.937935340966813,7.222931909452116,99.906146051979,Low-income countries,1.2338445186615,0.332734256982803,0.190944075584412,0.417862281230352,0.029649003429530474
Mozambique,2021,-0.9434320939891272,41496.8671875,1308.7274168343436,4.48,7.563414104566803,7.96463773057458,7.937935340966813,112.078964458333,Low-income countries,1.25862336158752,0.315864324569702,0.17609728872776,0.445012615529621,0.029577768101764157
Mozambique,2022,4.485784077869415,44698.9140625,1368.7707418207224,10.84,6.109131628170228,7.563414104566803,7.96463773057458,135.279578416991,Low-income countries,1.28389978408813,0.375596314668655,0.174938589334488,0.442341361934628,0.029473431712574882
Mozambique,2023,6.575242735746123,49167.7265625,1461.7955307035852,4.44,7.691298655013073,6.109131628170228,7.563414104566803,105.627503637428,Low-income countries,1.29142963886261,0.200079172849655,0.177544742822647,0.405255986089927,0.029535809304721994
Namibia,1997,0.18292419620902223,10911.8515625,6459.530045333352,6.84,14.498466125520425,,,92.8410903733921,Lower-middle-income countries,2.01390409469605,0.168775394558907,0.175925254821777,0.41185574439345,0.025882254878684563
Namibia,1998,1.3347291347125534,11343.1123046875,6546.325226555264,5.06,12.471150108845936,14.498466125520425,,92.1305009296504,Lower-middle-income countries,2.00960659980774,0.202006310224533,0.177471801638603,0.387623488818974,0.025413925107851343
Namibia,1999,1.372020333341517,11789.330078125,6636.76112051388,10.26,12.13449492497734,12.471150108845936,14.498466125520425,91.1002051465947,Lower-middle-income countries,2.00531816482544,0.200246647000313,0.182175755500793,0.343961076982146,0.0248639740874389
Namibia,2000,4.069589204541124,12571.25390625,6912.421105497659,4.15,11.37622365594751,12.13449492497734,12.471150108845936,85.1322442947268,Lower-middle-income countries,2.0010392665863,0.180546000599861,0.181486651301384,0.309583240788118,0.0235219877188535
Namibia,2001,1.7404326505008783,13062.0673828125,7033.780162285789,6.07,10.636754780911657,11.37622365594751,12.13449492497734,88.5841018380245,Lower-middle-income countries,2.0169951915741,0.239674597978592,0.183691531419754,0.266791721069429,0.0208953121470854
Namibia,2002,3.4218039988772375,13756.3876953125,7278.627541872358,5.16,8.760315132413373,10.636754780911657,11.37622365594751,94.4152228948906,Lower-middle-income countries,2.03307819366455,0.224861055612564,0.173361092805862,0.212999263443476,0.017572825751024257
Namibia,2003,-1.9972268250119996,13680.5283203125,7134.698914979629,4.36,10.454774456266916,8.760315132413373,10.636754780911657,95.9524743817213,Lower-middle-income countries,2.04928970336914,0.215092837810516,0.186252027750015,0.342533288553697,0.014442523707438704
Namibia,2004,9.075271060555146,15172.4814453125,7812.4824004921,5.01,10.902743529337243,10.454774456266916,8.760315132413373,81.8622605916543,Lower-middle-income countries,2.0656304359436,0.210412338376045,0.184263661503792,0.425323335729093,0.012757113851378232
Namibia,2005,2.471549023004016,15748.3447265625,8007.977662036213,4.4,11.144154937601263,10.902743529337243,10.454774456266916,80.6803802939816,Lower-middle-income countries,2.08210134506226,0.202691704034805,0.170387908816338,0.463125902779171,0.012536416980874932
Namibia,2006,11.463325999183027,17888.435546875,8980.64326251024,4.4,10.794555839153736,11.144154937601263,10.902743529337243,86.8339693259998,Lower-middle-income countries,2.09330534934998,0.236033231019974,0.180171400308609,0.446175242892846,0.01278592221273711
Namibia,2007,2.228121958697926,18536.78125,9182.98882889131,4.86,9.63158189966923,10.794555839153736,11.144154937601263,104.979303758915,Lower-middle-income countries,2.10456991195679,0.260960429906845,0.207620516419411,0.468900051264888,0.01332126914049292
Namibia,2008,7.507692692090551,20263.724609375,9898.959583604454,3.72,9.269511716401114,9.63158189966923,10.794555839153736,119.644498184785,Upper-middle-income countries,2.11589479446411,0.304275929927826,0.220541909337044,0.407264705199603,0.013998461590294276
Namibia,2009,1.153210582268649,20802.55859375,10013.776199291035,4.21,9.98355462266689,9.269511716401114,9.63158189966923,123.762844292976,Upper-middle-income countries,2.12728071212769,0.308236628770828,0.244522824883461,0.397381568867346,0.014711560168819804
Namibia,2010,5.9679851020858266,22426.42578125,10629.589940165257,3.78,9.686019845097816,9.98355462266689,9.269511716401114,108.072477173606,Upper-middle-income countries,2.13872790336609,0.298780381679535,0.247750639915466,0.44575603026321,0.015484146434581292
Namibia,2011,5.430747617117149,24087.81640625,11222.818727941947,2.5,9.485921758838131,9.686019845097816,9.98355462266689,102.189147754138,Upper-middle-income countries,2.15054202079773,0.269802987575531,0.260041058063507,0.463270983137573,0.01715870727361757
Namibia,2012,3.7889907204982975,25581.345703125,11656.208998377422,1.43,8.867162063412684,9.485921758838131,9.686019845097816,100.2134087743,Upper-middle-income countries,2.16252589225769,0.311978816986084,0.255215764045715,0.467701839917543,0.022267325832632023
Namibia,2013,-2.5408714680555278,25596.984375,11363.770683611334,3.1,8.206114518792411,8.867162063412684,9.485921758838131,97.7249042303832,Upper-middle-income countries,2.1746826171875,0.329118341207504,0.292593449354172,0.456430881948846,0.026019858980804833
Namibia,2014,4.733743046493011,27548.298828125,11914.637843194116,3.1,8.18064059338164,8.206114518792411,8.867162063412684,103.080137009254,Upper-middle-income countries,2.18701505661011,0.338776111602783,0.2734614610672,0.462320272512605,0.026128808006824267
Namibia,2015,0.5578994440675444,28447.189453125,11981.295309406984,1.58,8.086058816679383,8.18064059338164,8.206114518792411,97.2390317873478,Upper-middle-income countries,2.1995267868042,0.286895215511322,0.272076547145844,0.426204252354906,0.026529587090863394
Namibia,2016,-2.7236058229650695,28439.701171875,11659.375860933424,2.27,8.1329091929876,8.086058816679383,8.18064059338164,93.966187960162,Upper-middle-income countries,2.21222043037415,0.199052557349205,0.273661583662033,0.426020340916247,0.026972789092913674
Namibia,2017,-2.8745974056485935,28400.10546875,11328.98716787542,1.3,8.218250884419835,8.1329091929876,8.086058816679383,81.2196661011436,Upper-middle-income countries,2.22509956359863,0.163909688591957,0.266240000724793,0.515361051985404,0.02735273534333127
Namibia,2018,-3.164673444069166,28288.935546875,10976.075424994578,2.29,7.373055347734842,8.218250884419835,8.1329091929876,81.7138652963804,Upper-middle-income countries,2.23816776275635,0.1483563631773,0.281768679618835,0.528432540093425,0.027724633717423286
Namibia,2019,-4.1025359384136095,27922.662109375,10534.889763710085,1.55,7.777719267151803,7.373055347734842,8.218250884419835,82.9011507426355,Upper-middle-income countries,2.2514283657074,0.157392993569374,0.289213538169861,0.479602358883912,0.027993222364607995
Namibia,2020,-6.9957054510929595,26804.869140625,9823.087957331933,1.85,6.745008811405004,7.777719267151803,7.373055347734842,76.9252424036465,Upper-middle-income countries,2.26488471031189,0.142816841602325,0.298025906085968,0.411602674826086,0.029101988770968146
Namibia,2021,-1.1995401256474025,27279.06640625,9705.959978712337,1.25,6.780282166622958,6.745008811405004,7.777719267151803,83.5443030923624,Upper-middle-income countries,2.27854084968567,0.18529324233532,0.284137547016144,0.445800229612049,0.02953145563544668
Namibia,2022,7.145380978391458,30124.33984375,10424.866245169851,3.69,9.273933565735916,6.780282166622958,6.745008811405004,99.2625547753262,Upper-middle-income countries,2.29239988327026,0.227007418870926,0.281530857086182,0.414919117492812,0.027760058141517607
Namibia,2023,5.215256918694955,32543.603515625,10982.976757621676,1.78,10.289615342180902,9.273933565735916,6.780282166622958,110.770713961698,Upper-middle-income countries,2.30646586418152,0.31340155005455,0.262988656759262,0.380848540631332,0.025094789909405613
Nepal,1993,5.42049051415896,26429.052734375,1247.8212620771637,17.74,15.700047909449072,,,47.1895811750777,Low-income countries,1.33344447612762,0.177727937698364,0.208589568734169,0.158347037045473,0.02730266882572785
Nepal,1998,-1.266036144359095,33864.25390625,1430.056730405289,33.55,20.134499275115115,15.700047909449072,,56.7096012897007,Low-income countries,1.36406672000885,0.226524084806442,0.153818398714066,0.128225732766262,0.01965503652834233
Nepal,1999,-0.08074065359684468,34472.55859375,1428.9025592597186,21.51,13.284814511239027,20.134499275115115,15.700047909449072,52.5669812534353,Low-income countries,1.36903023719788,0.190938115119934,0.138374090194702,0.137971950077904,0.018611009980015858
Nepal,2000,1.1127545106713654,35467.04296875,1444.8915309606755,9.48,16.368001282375968,13.284814511239027,20.134499275115115,55.7105890041319,Low-income countries,1.37401187419891,0.2351303845644,0.131209760904312,0.138829384266265,0.01731274864084842
Nepal,2002,-2.6483552047984027,36966.98046875,1459.4736546547215,9.24,15.603703070456037,16.368001282375968,13.284814511239027,46.2307185004451,Low-income countries,1.40617382526398,0.209409147500992,0.127651393413544,0.14667919808996,0.01520576120579964
Nepal,2003,0.3928131138719593,37639.62890625,1465.2179333173679,8.95,15.880770843690145,15.603703070456037,16.368001282375968,44.2478836156195,Low-income countries,1.42253601551056,0.190885692834854,0.121155098080635,0.164911629969024,0.014104230066433576
Nepal,2004,3.068344395333078,39307.85546875,1510.8727066518463,9.34,15.231938357875471,15.880770843690145,15.603703070456037,46.1472867206087,Low-income countries,1.43908870220184,0.217608779668808,0.126577854156494,0.186337857845161,0.012683484006339896
Nepal,2005,1.4818137829618827,40343.65234375,1533.427725639578,15.38,15.361812016972978,15.231938357875471,15.880770843690145,44.0629474798613,Low-income countries,1.45583391189575,0.219131246209145,0.121437542140484,0.213575115999289,0.011191546008237019
Nepal,2006,5.073864196241029,42856.390625,1613.2394126952609,13.53,12.7786572388544,15.361812016972978,15.231938357875471,44.7619877569242,Low-income countries,1.47592604160309,0.208374425768852,0.109358444809914,0.22886488573586,0.00968206396130089
Nepal,2007,6.848569846648367,46279.6484375,1727.5943878251899,17.69,13.007439408826322,12.7786572388544,15.361812016972978,44.5792750200254,Low-income countries,1.49629557132721,0.196891933679581,0.102763913571835,0.285658717676431,0.008361834042682759
Nepal,2008,8.87196504474801,50953.69921875,1887.8706694159032,17.78,13.018249154866563,13.007439408826322,12.7786572388544,46.0362063511913,Low-income countries,1.5169460773468,0.228176414966583,0.0910523533821106,0.244845754232604,0.0074954055952027865
Nepal,2009,9.573381746034304,56453.00390625,2077.5376731472948,8.23,12.530916949344617,13.018249154866563,13.007439408826322,47.0794477633688,Low-income countries,1.537881731987,0.209110364317894,0.0839971005916596,0.260050910007285,0.006757323378130842
Nepal,2010,12.655149310695624,64467.234375,2357.813896206094,8.49,12.891596081767768,12.530916949344617,13.018249154866563,45.9849057742707,Low-income countries,1.55910623073578,0.241776138544083,0.0735036805272102,0.30232793011047,0.006197104682125865
Nepal,2011,8.51588653920441,70512.34375,2567.400067519904,10.07,12.489893175692613,12.891596081767768,12.530916949344617,36.296758890097,Low-income countries,1.59022402763367,0.214015975594521,0.0703391283750534,0.339355632502103,0.00447181720951173
Nepal,2012,6.325864681629145,75309.5703125,2735.0573013390454,10.07,12.423586822473608,12.489893175692613,12.891596081767768,37.921906058758,Low-income countries,1.62196290493011,0.197555229067802,0.0749480798840523,0.337614631940738,0.0025607925526278663
Nepal,2013,3.714190508323778,78315.65625,2838.5526496633056,11.58,11.871580918579454,12.423586822473608,12.489893175692613,41.8653757376722,Low-income countries,1.65433526039124,0.206956923007965,0.0687166303396225,0.324399306975415,0.0019984075196459727
Nepal,2014,6.970545090017222,84220.1484375,3043.47435501549,11.62,11.72630881758053,11.871580918579454,12.423586822473608,45.9826416115927,Low-income countries,1.68735373020172,0.208383530378342,0.0712109357118607,0.339692368188394,0.002981199212808594
Nepal,2015,3.1332238904917986,87375.734375,3140.342849417666,17.87,12.484715284588368,11.72630881758053,11.871580918579454,46.6657303895158,Low-income countries,1.71809923648834,0.219960987567902,0.080477200448513,0.342553811115312,0.005451181248567583
Nepal,2016,1.2466581140419208,88891.0234375,3179.7372348022723,18.02,12.151368443671398,12.484715284588368,11.72630881758053,42.115486124737,Low-income countries,1.74388253688812,0.167179599404335,0.0661620423197746,0.39231013784506,0.004726977192095028
Nepal,2017,14.793996279399657,103269.8046875,3686.7249834869963,8.82,12.495892762065678,12.151368443671398,12.484715284588368,44.6424106224996,Low-income countries,1.77005279064178,0.259395688772202,0.0733998119831085,0.35762020400554,0.0019938998921280593
Nepal,2018,5.841005686981937,109748.90625,3908.4801206309658,8.59,12.453162088188545,12.495892762065678,12.151368443671398,48.4473869461067,Low-income countries,1.79661571979523,0.269064605236053,0.0742104426026344,0.362118291063367,0.0024400028029827325
Nepal,2019,5.297230338194581,117097.2890625,4121.103164351991,10.14,13.510478598039551,12.453162088188545,12.495892762065678,49.2495265874454,Lower-middle-income countries,1.82357716560364,0.288815140724182,0.0746516808867455,0.354299006352993,0.011837730260431112
Nepal,2020,-2.123404723052147,116866.1640625,4034.5179952071653,9.97,13.27748548745844,13.510478598039551,12.453162088188545,40.9188741243442,Lower-middle-income countries,1.85094344615936,0.222324624657631,0.0856203064322472,0.334438610362239,0.01925831066058592
Nepal,2021,2.565551927915699,122007.8203125,4139.364848815997,10.99,13.06851264859246,13.27748548745844,13.510478598039551,43.0538047919129,Lower-middle-income countries,1.86829590797424,0.254378497600555,0.0776325091719627,0.359874170118409,0.017400241175227205
Nepal,2022,5.12650553909193,129473.21875,4357.103114690964,10.56,13.494363639290668,13.06851264859246,13.27748548745844,48.9734014799428,Lower-middle-income countries,1.89996242523193,0.268285065889359,0.079055517911911,0.366298266982064,0.008123855741248853
Nepal,2023,1.3414195176546073,131129.75,4415.943914947,18.04,13.494363639290668,13.494363639290668,13.06851264859246,41.5701502933145,Lower-middle-income countries,1.93327307701111,0.230484545230865,0.0628028139472008,0.369845652112202,-0.0007009588732063143
Netherlands,2000,5.776532825627534,779944.3125,48568.15298939644,0.85,2.4397873507139285,,,125.667030082421,High-income countries,3.14256834983826,0.206229209899902,0.176240965723991,0.592109162442882,0.007411278494188878
Netherlands,2001,1.4815446739030236,797695.1875,49293.06858772993,0.99,2.6593578097405683,2.4397873507139285,,119.47546387654,High-income countries,3.15517377853394,0.206713289022446,0.187138572335243,0.605312003016142,0.007688584285888922
Netherlands,2002,0.8801640335722283,809985.9375,49728.843401828744,1.02,2.719895983327964,2.6593578097405683,2.4397873507139285,112.750024358671,High-income countries,3.1678295135498,0.18316613137722,0.202797129750252,0.681328825544922,0.006488692139848151
Netherlands,2003,-4.796321335069287,775791.375,47399.98449310414,1.04,2.4083134433138538,2.719895983327964,2.6593578097405683,111.30450319576,High-income countries,3.18053650856018,0.189499780535698,0.195359542965889,0.80205069113374,0.004829964334020165
Netherlands,2004,1.7409683528839537,792244.9375,48232.428489831036,0.76,2.1966110986019634,2.4083134433138538,2.719895983327964,116.958160026939,High-income countries,3.19329428672791,0.200035452842712,0.184923887252808,0.841050245321693,0.003577287605378565
Netherlands,2005,1.445507298149984,805744.5,48934.695193830084,0.7,2.1273991312837044,2.1966110986019634,2.4083134433138538,122.255849523252,High-income countries,3.20610308647156,0.206016451120377,0.166721791028976,0.803304414523207,0.002441013229971478
Netherlands,2006,5.658540811500679,854109.8125,51783.52591620199,0.87,2.1738615040244587,2.1273991312837044,2.1966110986019634,127.195613539333,High-income countries,3.2189633846283,0.21121846139431,0.182571321725845,0.821808893642604,0.0017076687389727674
Netherlands,2007,6.819574244394211,916467.6875,55438.140226479896,0.94,2.1551618319856094,2.1738615040244587,2.1273991312837044,129.798241740597,High-income countries,3.23187518119812,0.236034840345383,0.185683891177177,0.884288858270799,0.0022712962163753403
Netherlands,2008,3.723908005648724,955031.5625,57541.52658830754,0.74,2.1273564743890088,2.1551618319856094,2.1738615040244587,130.152049980117,High-income countries,3.24483895301819,0.234212324023247,0.201116099953651,0.948282854267652,0.003978499368350263
Netherlands,2009,-4.2740018757822185,919864.1875,55134.01566756473,1.03,2.3190376200863136,2.1273564743890088,2.1551618319856094,115.109660363107,High-income countries,3.25785446166992,0.216527581214905,0.226570904254913,0.908204284320764,0.005221665948239362
Netherlands,2010,-0.5946990423378651,919182.875,54807.10722853743,0.84,2.246290218101688,2.3190376200863136,2.1273564743890088,130.081707935343,High-income countries,3.27092242240906,0.233747527003288,0.219035044312477,0.80886570810907,0.0052060495904200366
Netherlands,2011,2.6237001299277196,948109.75,56264.111503509834,0.78,2.235622665344731,2.246290218101688,2.3190376200863136,141.757099325776,High-income countries,3.28468346595764,0.234350174665451,0.218990415334702,0.847103228745227,0.004748168266827335
Netherlands,2012,0.09740928086650058,952645.875,56318.94467187311,0.58,2.0147099891493108,2.235622665344731,2.246290218101688,149.393223058131,High-income countries,3.29850268363953,0.236243948340416,0.205853015184402,0.710834035701744,0.0037988864759044283
Netherlands,2013,-1.032267305062895,945753.8125,55740.57292649883,0.6,1.9756962100574977,2.0147099891493108,2.235622665344731,150.651850226949,High-income countries,3.31237983703613,0.226114988327026,0.196625515818596,0.737122222415339,0.0030617228668661234
Netherlands,2014,-2.697483817703805,924002.875,54257.07845684189,0.66,2.098249101274793,1.9756962100574977,2.0147099891493108,151.715891056501,High-income countries,3.3263156414032,0.223204076290131,0.20186759531498,0.771771834269466,0.0037077265885541166
Netherlands,2015,5.105064117498337,976814.875,57098.857262805,0.85,2.2844588633532465,2.098249101274793,1.9756962100574977,160.325812564809,High-income countries,3.34031009674072,0.281234234571457,0.195787891745567,0.630390957947766,0.004531326693336446
Netherlands,2016,0.3446554872150287,985759.9375,57295.9911286996,1.13,2.3031541134755713,2.2844588633532465,2.098249101274793,150.96552921165,High-income countries,3.35436320304871,0.244071632623672,0.197210744023323,0.656755755749389,0.005669148014226355
Netherlands,2017,3.3881954532796854,1026291.5625,59270.55341583806,0.81,2.213704348005109,2.3031541134755713,2.2844588633532465,159.646059656847,High-income countries,3.36847543716431,0.251005858182907,0.195875078439713,0.667177764233977,0.006412350941348954
Netherlands,2018,2.1455321326072863,1054962.375,60555.9623058696,0.82,2.1819553654507513,2.213704348005109,2.3031541134755713,163.559146573044,High-income countries,3.38264727592468,0.252282559871674,0.197169408202171,0.718268922644785,0.0060979011034798525
Netherlands,2019,4.705168648611213,1113163.75,63473.31750174069,0.92,2.172302094101136,2.1819553654507513,2.213704348005109,160.676671884999,High-income countries,3.39687848091126,0.258919775485992,0.203094393014908,0.708291148727595,0.006649397088218656
Netherlands,2020,-1.3760928678824058,1104162.5,62605.84798849628,1.32,2.239235361246954,2.172302094101136,2.1819553654507513,152.233230409706,High-income countries,3.41116952896118,0.255889713764191,0.210485428571701,0.70765098029395,0.005641871371735885
Netherlands,2021,6.058419271845139,1179366.625,66516.02425055401,0.87,2.162684629189592,2.239235361246954,2.172302094101136,163.154842689698,High-income countries,3.42599987983704,0.262937843799591,0.207647427916527,0.740692171454577,0.005306214125941899
Netherlands,2022,3.099087369781728,1228416.75,68609.6886350025,0.57,2.0729050957374033,2.162684629189592,2.239235361246954,184.107484252682,High-income countries,3.44097256660461,0.267098069190979,0.198956310749054,0.70582921008452,0.009757735520726118
Netherlands,2023,-0.1626454318170545,1239305.125,68498.18880991949,0.63,1.9702934088599444,2.0729050957374033,2.162684629189592,165.905457011481,High-income countries,3.45608949661255,0.239316090941429,0.205435886979103,0.764208845903816,0.010451148682184552
New Zealand,1992,0.9904461811917287,86413.4453125,24464.177817981996,5.49,8.279455250410932,,,59.2340588498117,High-income countries,3.26069307327271,0.192562505602837,0.184790670871735,0.477145440751132,0.014635299964021575
New Zealand,1993,6.811955259804492,93588.3359375,26188.737981340997,13.29,8.22391514511497,8.279455250410932,,57.553650605971,High-income countries,3.26300811767578,0.216522857546806,0.175128877162933,0.491286454140876,0.0116429263221689
New Zealand,1996,3.330011151218315,110954.8828125,29751.578631208744,10.21,6.630987404531442,8.22391514511497,8.279455250410932,55.1161709577551,High-income countries,3.26819515228272,0.234557509422302,0.149129822850227,0.646382564355703,0.014843989426059023
New Zealand,1997,2.194839207268373,114863.8359375,30411.79680363786,4.42,5.651406949831871,6.630987404531442,8.22391514511497,55.2468635214425,High-income countries,3.26874756813049,0.221563026309013,0.156652018427849,0.654230630102227,0.012675341904884618
New Zealand,1998,1.610829902041111,117792.8828125,30905.645976867643,3.32,4.783954713968451,5.651406949831871,6.630987404531442,57.8960178233763,High-income countries,3.26930022239685,0.197722971439362,0.160085275769234,0.531405662118018,0.009072161307398297
New Zealand,1999,5.246409291643417,124925.4453125,32570.369949720447,0.24,4.162747148701652,4.783954713968451,5.651406949831871,61.4012311333669,High-income countries,3.26985287666321,0.209705695509911,0.158837795257568,0.551360881296633,0.00632517710492575
New Zealand,2000,1.3634958231014238,127367.4765625,33017.507003754174,0.18,3.1083605730986514,4.162747148701652,4.783954713968451,68.5169268768932,High-income countries,3.27040553092957,0.205926641821861,0.158636957406998,0.473501365433251,0.005724344444695051
New Zealand,2001,2.487684357147124,131732.953125,33849.18017211741,2.08,3.787248337983513,3.1083605730986514,4.162747148701652,67.2338243520418,High-income countries,3.27239608764648,0.216919377446175,0.160343497991562,0.449788402822759,0.008823522894695124
New Zealand,2002,1.3747023052170348,135593.390625,34317.718758913616,2.13,3.9942433721098265,3.787248337983513,3.1083605730986514,62.6559945554479,High-income countries,3.2743878364563,0.226761475205421,0.158127769827843,0.476134821474767,0.015136818558094456
New Zealand,2003,1.647803897632194,140339.546875,34887.89223524369,6.6,4.014239604138167,3.9942433721098265,3.787248337983513,57.914769345753,High-income countries,3.27638077735901,0.246482267975807,0.161133959889412,0.609920288554309,0.0179261494619134
New Zealand,2004,0.2995209732452153,142906.40625,34992.545440521455,6.29,3.787629438436379,4.014239604138167,3.9942433721098265,58.7995522745359,High-income countries,3.27837491035461,0.261879801750183,0.16521942615509,0.731484192975753,0.015129883446356462
New Zealand,2005,-0.8393028129498603,143485.078125,34700.08106999577,2.38,3.707422637657995,3.787629438436379,4.014239604138167,58.0187434407163,High-income countries,3.28037047386169,0.261097490787506,0.176687240600586,0.808555054948529,0.012434158498818793
New Zealand,2006,1.9903484357188361,148030.859375,35397.65261457601,2.34,3.4273631579341512,3.707422637657995,3.787629438436379,59.6032650403479,High-income countries,3.26478576660156,0.234415367245674,0.188543617725372,0.798200946738826,0.011286232361222615
New Zealand,2007,6.129432656381262,158943.46875,37635.20193849973,0.28,3.5562626570834373,3.4273631579341512,3.707422637657995,58.4251605749091,High-income countries,3.24927496910095,0.238761618733406,0.193221792578697,0.93814386936761,0.009833508663770862
New Zealand,2008,-1.822966929224279,157497.15625,36955.34030734259,0.16,2.406550276216338,3.5562626570834373,3.4273631579341512,64.2611448527979,High-income countries,3.23383808135986,0.217040702700615,0.210073843598366,0.913381952225492,0.009088475292172937
New Zealand,2009,0.33994013706202253,159608.671875,37081.180110652036,1.21,2.291030632595019,2.406550276216338,3.5562626570834373,55.0143501856026,High-income countries,3.21847438812256,0.182877510786057,0.20532950758934,0.834027734865332,0.009918214678255488
New Zealand,2010,2.7942788038366473,165788.921875,38131.943933326744,1.15,2.334327363782579,2.291030632595019,2.406550276216338,58.1047406012087,High-income countries,3.20318388938904,0.189222663640976,0.204586520791054,0.956894852735286,0.010047617640312367
New Zealand,2011,2.957997051177763,172138.140625,39276.733663038765,3.66,2.1338587495622496,2.334327363782579,2.291030632595019,59.1724105593848,High-income countries,3.22521996498108,0.197524055838585,0.199163824319839,1.02218639447156,0.008001902848705056
New Zealand,2012,1.9134776416802168,176623.75,40035.52164755526,4.13,2.415071773673729,2.1338587495622496,2.334327363782579,56.9087671962042,High-income countries,3.24740767478943,0.216116830706596,0.201952308416367,1.00406923227655,0.006589689786845154
New Zealand,2013,2.5874967757097522,182986.28125,41084.957994778,1.88,2.4744160690084174,2.415071773673729,2.1338587495622496,55.9861241102171,High-income countries,3.2697479724884,0.232406601309776,0.192769706249237,1.03271979626827,0.009514452588436528
New Zealand,2014,1.3378208820583382,188329.296875,41638.29421313324,1.73,2.45023811276592,2.4744160690084174,2.415071773673729,55.0986550961851,High-income countries,3.29224228858948,0.237483844161034,0.196284830570221,1.07100809288837,0.015402616721597484
New Zealand,2015,1.6429755956558267,195302.859375,42328.0519855857,0.28,2.6016295814427526,2.45023811276592,2.4744160690084174,54.851331734287,High-income countries,3.31489086151123,0.228018134832382,0.201646715402603,0.960746882720228,0.019929713029389173
New Zealand,2016,4.14739204530612,208017.890625,44120.47472623267,0.36,2.765926823242712,2.6016295814427526,2.45023811276592,52.4062478142589,High-income countries,3.33769536018372,0.220380321145058,0.2016312032938,0.983581608814482,0.021598689457100084
New Zealand,2017,2.2494779572882706,217171.59375,45124.20206775666,1.4,2.824906899872494,2.765926823242712,2.6016295814427526,54.1432970416804,High-income countries,3.36065697669983,0.224121987819672,0.207556918263435,1.04013155581248,0.020568927471529497
New Zealand,2018,-1.5673644676690301,217707.65625,44422.455189888606,1.37,2.7694541706207714,2.824906899872494,2.765926823242712,55.7664814899437,High-income countries,3.38377642631531,0.226993128657341,0.221474930644035,1.06009660793705,0.018138985442024635
New Zealand,2019,4.636806150005945,232160.609375,46530.73912349834,4.36,2.7230479359906803,2.7694541706207714,2.824906899872494,54.4542971758367,High-income countries,3.40705513954163,0.220391914248467,0.222134739160538,1.02035798549654,0.01790821600615744
New Zealand,2020,-1.3110927145865148,232833.203125,45924.65980557783,4.13,2.6374381911684597,2.7230479359906803,2.7694541706207714,43.9772422862431,High-income countries,3.43049359321594,0.202502503991127,0.237312123179436,1.06020611588333,0.01600384400194299
New Zealand,2021,3.017242432408196,241754.625,47331.43430395343,1.71,2.7565034766989394,2.6374381911684597,2.7230479359906803,48.5412477650846,High-income countries,3.41306686401367,0.225725591182709,0.254739314317703,1.2088896172985,0.007428510365664387
New Zealand,2022,0.5416455541503495,244211.515625,47588.498473420485,1.88,2.8731224369375505,2.7565034766989394,2.6374381911684597,53.4761627655817,High-income countries,3.39583373069763,0.229432389140129,0.25466650724411,1.16253305611567,0.0046949960703726035
New Zealand,2023,0.16489465997491237,246573.75,47667.03409889662,1.05,2.887818502869461,2.8731224369375505,2.7565034766989394,50.4064316790513,High-income countries,3.37879180908203,0.203608304262161,0.248769238591194,1.20391416577948,0.007977473679672498
Nicaragua,1995,4.464817258089404,17529.0,3775.416864907103,3.35,8.37619630701628,,,44.0397944057464,Low-income countries,1.80843937397003,0.186748698353767,0.135780960321426,0.24890578187798,0.020368955854268123
Nicaragua,1996,1.6145349202890458,18148.28125,3836.867020833518,7.12,8.228961817218751,8.37619630701628,,48.4828382973154,Low-income countries,1.82754683494568,0.211445793509483,0.125753000378609,0.256613819405923,0.01857385781382126
Nicaragua,1997,1.4224819409141887,18718.068359375,3891.8357948564244,9.87,5.935446244607225,8.228961817218751,8.37619630701628,58.0055306487605,Low-income countries,1.84685611724854,0.245471015572548,0.121703550219536,0.256507460572252,0.01668860112832471
Nicaragua,1998,4.071063290345478,19796.111328125,4053.5441852720965,4.83,5.942138521273025,5.935446244607225,8.228961817218751,57.0137150680369,Low-income countries,1.8663694858551,0.23969367146492,0.123017758131027,0.258732880468004,0.015285608144474327
Nicaragua,1999,1.9122884475375912,20469.0390625,4131.805549051296,14.12,11.005672288970464,5.942138521273025,5.935446244607225,62.5376445208417,Low-income countries,1.8860889673233,0.295993447303772,0.131754070520401,0.264277466150115,0.014305049555319638
Nicaragua,2000,1.9513412221797921,21161.47265625,4213.222956216391,3.38,4.6854632189666,11.005672288970464,5.942138521273025,61.2984974600022,Low-income countries,1.90601670742035,0.247971102595329,0.13510961830616,0.264079943562434,0.013755333704478234
Nicaragua,2001,1.1616026752733433,21686.595703125,4262.449220074393,2.87,5.5983581857966245,4.6854632189666,11.005672288970464,57.9801315472268,Low-income countries,1.92069554328918,0.225795894861221,0.133821025490761,0.272101758862684,0.012896132599644838
Nicaragua,2002,-0.5310218228220975,21834.96875,4239.87467545543,1.92,5.21713009964136,5.5983581857966245,4.6854632189666,58.0912844080785,Low-income countries,1.93548738956451,0.212825506925583,0.136458933353424,0.259833104499678,0.012128613824394563
Nicaragua,2003,-0.018265303370945674,22089.794921875,4239.10032020473,1.45,5.093533616794919,5.21713009964136,5.5983581857966245,62.1750658877514,Low-income countries,1.95039319992065,0.203267797827721,0.143418058753014,0.267767598737421,0.011785630920638779
Nicaragua,2004,2.183460887827593,22845.826171875,4332.677308454038,4.64,5.807273614378061,5.093533616794919,5.21713009964136,67.195316780004,Low-income countries,1.96541380882263,0.216380551457405,0.146344438195229,0.286592399922129,0.011818096079857732
Nicaragua,2005,1.6200047358537972,23523.630859375,4403.438505865197,7.73,5.463640452901534,5.807273614378061,5.093533616794919,71.6457237072991,Lower-middle-income countries,1.98054993152618,0.225930839776993,0.154680803418159,0.302735077198974,0.013036998437202518
Nicaragua,2006,0.9228726639291196,24082.826171875,4444.264733393863,3.73,4.822831237843874,5.463640452901534,5.807273614378061,87.309670832079,Lower-middle-income countries,2.00213146209717,0.216397136449814,0.158273622393608,0.341356973526308,0.014264768467293187
Nicaragua,2007,3.2162254477869467,25229.73828125,4589.525746133107,7.61,5.781477950013139,4.822831237843874,5.463640452901534,93.025730229333,Lower-middle-income countries,2.02394843101501,0.238700240850449,0.151854962110519,0.358526538677075,0.014362155310367664
Nicaragua,2008,2.719410173242487,26299.470703125,4716.046285451529,4.16,5.3414324458810745,5.781477950013139,4.822831237843874,96.7939847302055,Lower-middle-income countries,2.04600286483765,0.254992216825485,0.161464735865593,0.399925313836327,0.014331322608645447
Nicaragua,2009,0.371205787865847,26776.001953125,4733.585054545123,3.58,5.655784381463029,5.3414324458810745,5.781477950013139,86.9936104453444,Lower-middle-income countries,2.06829762458801,0.172715976834297,0.170957952737808,0.404719893170495,0.014245165348747646
Nicaragua,2010,2.1433107602600643,27747.0859375,4836.13555455821,2.08,5.268029501416395,5.655784381463029,5.3414324458810745,100.364058423919,Lower-middle-income countries,2.09083533287048,0.180487513542175,0.174026131629944,0.42382058111965,0.014191678962370613
Nicaragua,2011,3.182792277148927,29051.818359375,4992.5354425274845,2.96,5.377020555127883,5.268029501416395,5.655784381463029,111.827453935999,Lower-middle-income countries,2.11170601844788,0.217730611562729,0.173795625567436,0.462883126362268,0.01412232927689172
Nicaragua,2012,4.153383115845877,30711.837890625,5204.261018083852,4.22,5.476772153064737,5.377020555127883,5.268029501416395,115.177288474198,Lower-middle-income countries,2.1327850818634,0.221288338303566,0.166918456554413,0.477899581354703,0.014033272688151799
Nicaragua,2013,0.23869763561013002,31215.9140625,5216.698303933341,8.13,5.839621581295336,5.476772153064737,5.377020555127883,110.984207880382,Lower-middle-income countries,2.1540744304657,0.217921361327171,0.177383273839951,0.492739561504346,0.013892875213501021
Nicaragua,2014,5.482847460685214,33430.66796875,5510.7083251325475,4.7,5.774345888532997,5.839621581295336,5.476772153064737,106.698200190796,Lower-middle-income countries,2.17557644844055,0.204170599579811,0.187848165631294,0.498225073857696,0.013717175861088116
Nicaragua,2015,6.207711332756283,36057.95703125,5863.638297947595,8.4,6.026045342835774,5.774345888532997,5.839621581295336,98.194164594236,Lower-middle-income countries,2.1972930431366,0.236954256892204,0.195985868573189,0.498566598782417,0.013576766785589278
Nicaragua,2016,5.627810631372476,38661.8203125,6203.095162246782,7.28,6.618711346224958,6.026045342835774,5.774345888532997,93.8137278130087,Lower-middle-income countries,2.21922636032105,0.224435731768608,0.204336702823639,0.477589407788054,0.01344689006073363
Nicaragua,2017,1.690017877788108,39847.9609375,6308.819442718292,5.85,6.716235494506728,6.618711346224958,6.026045342835774,96.3805864351182,Lower-middle-income countries,2.24137854576111,0.221677631139755,0.2118019759655,0.466101288612835,0.013318498867768369
Nicaragua,2018,-2.783996662262034,39268.359375,6135.604457288034,2.43,6.523378328013003,6.716235494506728,6.618711346224958,93.9847404925404,Lower-middle-income countries,2.26375198364258,0.185579657554626,0.230923652648926,0.434331498382063,0.013187820782036619
Nicaragua,2019,1.689996485201739,40459.16796875,6240.177105104419,4.42,7.004465020441315,6.523378328013003,6.716235494506728,94.0422159246213,Lower-middle-income countries,2.28634881973267,0.147826015949249,0.237705796957016,0.390073828146431,0.01297421274191568
Nicaragua,2020,1.9131963938923136,41759.78125,6360.7133190470395,5.7,7.556751602858569,7.004465020441315,6.523378328013003,88.6381231228968,Lower-middle-income countries,2.30917096138001,0.170287251472473,0.247076585888863,0.358705935851096,0.012508474119199198
Nicaragua,2021,6.075947673072868,44912.9296875,6759.169347232646,9.58,7.276830306713563,7.556751602858569,7.004465020441315,106.20739081994,Lower-middle-income countries,2.34018325805664,0.200817421078682,0.240294739603996,0.352419221783869,0.012032537582790548
Nicaragua,2022,-1.6494144155558388,44749.40625,6648.597038267009,6.11,7.4402361424968895,7.276830306713563,7.556751602858569,115.454678712865,Lower-middle-income countries,2.37221097946167,0.194635912775993,0.220737531781197,0.37009785084276,0.012846601024075976
Nicaragua,2023,8.014936182423327,49153.31640625,7203.415024599139,9.84,7.472710352932551,7.4402361424968895,7.276830306713563,105.003097611103,Lower-middle-income countries,2.40529561042786,0.216990202665329,0.202132418751717,0.379734463813738,0.0137167812196346
Niger,2001,3.9450448156270745,13983.0537109375,1173.0113064280404,9.22,13.663626317811676,,,33.0136670843015,Low-income countries,1.12280082702637,0.109602205455303,0.193218424916267,0.221986582717115,0.03508786243060369
Niger,2002,1.3751056920298765,14686.2548828125,1189.2528650416984,8.68,12.813006210708691,13.663626317811676,,30.8343857497549,Low-income countries,1.12766492366791,0.118273392319679,0.19144743680954,0.235328295845272,0.03531481024325789
Niger,2003,0.03036426653784119,15223.4716796875,1189.6140277808818,9.07,12.675880571027482,12.813006210708691,13.663626317811676,33.3827931416238,Low-income countries,1.1325501203537,0.103709667921066,0.194835931062698,0.297429746355436,0.035622769230713835
Niger,2004,-5.82000679409127,14888.97265625,1122.3546451388363,12.44,11.687544109696598,12.675880571027482,12.813006210708691,36.9641044464896,Low-income countries,1.13745641708374,0.102985128760338,0.188018813729286,0.303187509686833,0.03598249043503632
Niger,2005,1.1093872869865073,15611.5615234375,1134.875227347619,13.0,11.990507228050172,11.687544109696598,12.675880571027482,38.3477418070736,Low-income countries,1.14238405227661,0.141614750027657,0.198059946298599,0.38309690387401,0.03629704142173651
Niger,2006,1.4900025530423022,16436.142578125,1151.9115024910327,9.14,11.544870578510215,11.990507228050172,11.687544109696598,36.5313731842429,Low-income countries,1.14733302593231,0.143387228250504,0.18715363740921,0.395655994717928,0.036570937142587745
Niger,2007,-3.4372791593593632,16476.267578125,1112.989843566873,12.54,10.586170315286289,11.544870578510215,11.990507228050172,35.5028028471007,Low-income countries,1.15230333805084,0.144000381231308,0.180192574858665,0.441703809021617,0.0368110827846051
Niger,2008,4.886865273411711,17953.947265625,1168.731064169083,7.91,10.586170315286289,10.586170315286289,11.544870578510215,39.7112440540383,Low-income countries,1.15729522705078,0.215609341859818,0.173607692122459,0.486086110980701,0.037020324481870315
Niger,2009,-2.0337237139907316,18258.734375,1145.2023686508912,7.89,10.586170315286289,10.586170315286289,10.586170315286289,49.5122567031625,Low-income countries,1.16230881214142,0.226479962468147,0.176609516143799,0.468639629113666,0.03717080443181242
Niger,2010,4.250001173663431,19774.576171875,1194.9225532718767,6.99,11.109048007125905,10.586170315286289,10.586170315286289,51.9459863027627,Low-income countries,1.16734409332275,0.242140501737595,0.140886172652245,0.469643679014159,0.03725350773685321
Niger,2011,2.136708669684495,20967.591796875,1220.7292926458535,6.78,10.735026361121683,11.109048007125905,10.586170315286289,50.2463951569345,Low-income countries,1.1736124753952,0.26095375418663,0.144726604223251,0.470831333405047,0.03721383032341086
Niger,2012,6.517648796268016,23240.279296875,1302.9422143032182,10.54,11.050535414699198,10.735026361121683,11.109048007125905,45.08596447308,Low-income countries,1.17991459369659,0.260051012039185,0.117204830050468,0.456438792283653,0.03773246396446828
Niger,2013,-2.2935695514783028,23583.208984375,1273.398427160614,14.09,11.966745368339291,11.050535414699198,10.735026361121683,46.2951491493291,Low-income countries,1.18625044822693,0.248595431447029,0.127536714076996,0.506496414183335,0.037583720759450934
Niger,2014,0.8542623903293745,24679.4375,1284.3231876254201,7.31,10.817647696345247,11.966745368339291,11.050535414699198,45.7416008365932,Low-income countries,1.19262039661407,0.251993387937546,0.148855492472649,0.524060831938863,0.03689280804597406
Niger,2015,-0.38345340872689704,25510.75,1279.4078366466397,14.89,10.420629133950307,10.817647696345247,11.966745368339291,44.727430371186,Low-income countries,1.19902455806732,0.258439809083939,0.146729290485382,0.455284150471059,0.036964059000758276
Niger,2016,0.6082752763378885,26626.98828125,1287.213875233355,7.9,10.852178596406826,10.420629133950307,10.817647696345247,36.4881092245519,Low-income countries,1.20546305179596,0.214362695813179,0.138447418808937,0.495838381388188,0.03674261375130872
Niger,2017,-0.0036370365929627724,27591.0,1287.1670596450385,21.85,11.911227612057267,10.852178596406826,10.420629133950307,39.0711117370149,Low-income countries,1.21193623542786,0.216753527522087,0.142970263957977,0.490751944945118,0.035600704483169654
Niger,2018,3.7356507206437684,29646.822265625,1336.1605404068737,29.11,12.863488955694416,11.911227612057267,10.852178596406826,37.5388483992356,Low-income countries,1.21844410896301,0.22873729467392,0.141216322779655,0.536105886527442,0.03450880505254572
Niger,2019,7.964274388967851,33203.76171875,1446.9284173939093,22.31,14.427324734585158,12.863488955694416,11.911227612057267,37.1025664250801,Low-income countries,1.22498691082001,0.241727963089943,0.147434487938881,0.49038016723685,0.033665485548234564
Niger,2020,2.2791921454601294,35108.8359375,1480.2853869611583,10.03,11.140640233650423,14.427324734585158,12.863488955694416,35.5129906570841,Low-income countries,1.23156487941742,0.216045022010803,0.14955835044384,0.503622230413371,0.03299773916254445
Niger,2021,0.2985588483485735,36378.609375,1484.7115139738814,15.62,11.074145853258825,11.140640233650423,14.427324734585158,37.0158935503713,Low-income countries,1.24013805389404,0.210912495851517,0.168906599283218,0.517514320215894,0.03254252398692836
Niger,2022,19.64220560542893,45737.5703125,1806.9539783603595,6.94,11.063776176298045,11.074145853258825,11.140640233650423,52.8061484329409,Low-income countries,1.24905955791473,0.221105635166168,0.134260639548302,0.435809211625928,0.03251706422200229
Niger,2023,2.78043772530685,48602.421875,1857.9001902035666,13.61,11.050529743848777,11.063776176298045,11.074145853258825,46.4755580630668,Low-income countries,1.25834560394287,0.190564319491386,0.132681831717491,0.46657377044785,0.03294891758127694
North Macedonia,2001,3.7725955596952687,18138.240234375,8778.121016432262,10.78,13.84712254823252,,,71.4782105684389,Lower-middle-income countries,,0.124258503317833,0.322652667760849,0.287429095109458,0.004388454484131499
North Macedonia,2002,0.29449995391885864,18263.779296875,8804.01068259625,6.92,7.414093424138141,13.84712254823252,,71.5334846721143,Lower-middle-income countries,,0.150441884994507,0.278970658779144,0.303624407708514,0.003952395815050691
North Macedonia,2003,3.6029105178498,18997.02734375,9126.994785628594,7.34,8.981170101701187,7.414093424138141,13.84712254823252,71.0693204909674,Lower-middle-income countries,,0.142252087593079,0.24938976764679,0.332674939773153,0.003333581052861634
North Macedonia,2004,2.7516757885475585,19575.525390625,9381.627356246894,3.37,7.73901714012472,8.981170101701187,7.414093424138141,80.8704849956907,Lower-middle-income countries,,0.182150557637215,0.250663876533508,0.339859581823992,0.0024808121759986035
North Macedonia,2005,7.790717283425863,21194.296875,10141.748436578115,13.33,7.482155422742427,7.73901714012472,8.981170101701187,85.8410034787176,Lower-middle-income countries,,0.17188723385334,0.243673041462898,0.338416558247167,0.0015448759270494383
North Macedonia,2006,5.3566897071698705,22354.42578125,10699.824184880288,4.83,6.9630750808147654,7.482155422742427,7.73901714012472,92.5516664675666,Lower-middle-income countries,,0.18779818713665,0.256514668464661,0.348696059710616,-0.00027470424002140614
North Macedonia,2007,8.539861591111553,24262.73046875,11653.725635479248,10.76,5.83694943084731,6.9630750808147654,7.482155422742427,106.092966003288,Lower-middle-income countries,,0.203950211405754,0.267350226640701,0.403035115944248,-0.0034814914798396712
North Macedonia,2008,7.604484091818442,26039.697265625,12574.4976495581,5.37,5.878794504350433,5.83694943084731,6.9630750808147654,111.570054713298,Upper-middle-income countries,,0.235219150781631,0.292178064584732,0.447921198981658,-0.005364096809060137
North Macedonia,2009,6.46511358220323,27641.509765625,13414.30805587356,7.9,6.746136076083137,5.878794504350433,5.83694943084731,87.1767537660809,Upper-middle-income countries,,0.224229529500008,0.28544157743454,0.38554500112605,-0.004954707453007301
North Macedonia,2010,3.36799184630987,28462.16015625,13873.795168059545,5.45,6.184720268277114,6.746136076083137,5.878794504350433,97.8810691156562,Upper-middle-income countries,,0.211279824376106,0.281191527843475,0.379933123532876,-0.004423047094990973
North Macedonia,2011,0.2880841073494622,28390.400390625,13913.820993363704,5.22,6.285937144637358,6.184720268277114,6.746136076083137,113.19191013947,Upper-middle-income countries,,0.235410958528519,0.292872428894043,0.424792193224185,-0.005405258726569717
North Macedonia,2012,2.66150715891893,28968.15625,14289.110358710574,2.84,6.231188733543002,6.285937144637358,6.184720268277114,112.214834702155,Upper-middle-income countries,,0.260490030050278,0.29197958111763,0.371174764812983,-0.006468978870290409
North Macedonia,2013,2.48723648371012,29492.48046875,14648.971066493483,10.19,6.76793095779387,6.231188733543002,6.285937144637358,104.857229956305,Upper-middle-income countries,,0.256936460733414,0.282652288675308,0.419790455209581,-0.006934199679796027
North Macedonia,2014,5.665170302744471,30972.041015625,15502.817810910621,4.18,5.909024958222975,6.76793095779387,6.231188733543002,112.537928969299,Upper-middle-income countries,,0.272853136062622,0.278872311115265,0.413995424273804,-0.00770213971204492
North Macedonia,2015,6.453256891069259,32747.80859375,16536.24057055615,9.85,5.775470358039486,5.909024958222975,6.76793095779387,113.698443879103,Upper-middle-income countries,,0.258177429437637,0.27785387635231,0.365910426419313,-0.008781417040559458
North Macedonia,2016,7.166440857553269,34841.3671875,17764.79658601949,4.19,5.617631648597007,5.775470358039486,5.909024958222975,116.185408418026,Upper-middle-income countries,,0.272560775279999,0.257363528013229,0.369654653236612,-0.009695062144206124
North Macedonia,2017,3.1966912674075587,35599.32421875,18341.856560223485,7.33,5.043781607886467,5.617631648597007,5.775470358039486,124.13728389629,Upper-middle-income countries,,0.283988773822784,0.260778933763504,0.369943876858146,-0.010445650721508382
North Macedonia,2018,5.435029884457343,37178.0859375,19366.329989196383,6.52,4.918270806619673,5.043781607886467,5.617631648597007,133.215207648008,Upper-middle-income countries,,0.305183738470078,0.25065216422081,0.371813060125545,-0.010957453905848347
North Macedonia,2019,7.563038000990829,39637.58984375,20887.82327307958,5.3,4.874174667858324,4.918270806619673,5.043781607886467,138.576231840539,Upper-middle-income countries,,0.320134848356247,0.239410057663918,0.349016609897318,-0.01157197351003536
North Macedonia,2020,-3.736160442305625,37668.34765625,20121.819353076764,2.25,4.9065690245745515,4.874174667858324,4.918270806619673,128.241244322257,Upper-middle-income countries,,0.275090903043747,0.276489496231079,0.363509596193968,-0.013596144983507474
North Macedonia,2021,6.183835797977544,39623.703125,21405.397807691395,7.63,4.696979766594995,4.9065690245745515,4.874174667858324,146.721411484074,Upper-middle-income countries,,0.270294070243835,0.268758118152618,0.421375441160482,-0.01123101211501465
North Macedonia,2022,1.110675283989515,39830.86328125,21644.467456702492,4.64,4.899251155259684,4.696979766594995,4.9065690245745515,166.147357379878,Upper-middle-income countries,,0.303686231374741,0.254058420658112,0.412445447803373,-0.005892184690075797
North Macedonia,2023,4.894739201118803,41637.34375,22730.264379010398,8.23,5.460012475010772,4.899251155259684,4.696979766594995,148.671761949798,Upper-middle-income countries,,0.264927893877029,0.245088800787926,0.434080132059844,-0.0045920122303148014
Norway,1988,-1.8256178176814686,128501.484375,30526.76094021338,9.03,5.015826166030601,,,64.268375687413,High-income countries,3.17210626602173,0.341553181409836,0.178476944565773,0.67698124634452,0.005394297749362842
Norway,1993,2.93498825293117,145783.453125,33809.86059502832,3.9,5.322972225238607,5.015826166030601,,67.2506812594327,High-income countries,3.2523627281189,0.231954962015152,0.174487724900246,0.708985119266879,0.005955038246417743
Norway,1995,4.264255305259468,159285.046875,36541.70742531589,7.76,4.962307290567137,5.322972225238607,5.015826166030601,67.2992862912687,High-income countries,3.27760171890259,0.236109897494316,0.158620283007622,0.878950594658354,0.005181106092231325
Norway,1996,8.422021126908419,174161.375,39752.56982494263,3.32,4.512203257682227,4.962307290567137,5.322972225238607,70.2016361484898,High-income countries,3.2902946472168,0.214935213327408,0.142466336488724,0.881576943238398,0.005066755857380034
Norway,1997,8.033158357883075,189756.78125,43077.72629697347,1.11,2.651167636628923,4.512203257682227,4.962307290567137,72.1536965321464,High-income countries,3.3030366897583,0.238587707281113,0.151540115475655,0.815281449946069,0.005429257937069387
Norway,1998,0.035494451369011415,190958.65625,43093.019213492706,1.72,2.479204102937257,2.651167636628923,4.512203257682227,71.6226841846104,High-income countries,3.3158278465271,0.269303262233734,0.16830912232399,0.798706299157504,0.005958847228062503
Norway,1999,6.0096403625856,204180.984375,45762.15412681062,2.68,2.1862650509604613,2.479204102937257,2.651167636628923,69.5067285818851,High-income countries,3.32866883277893,0.223781779408455,0.158081516623497,0.776689157216782,0.006853430025291596
Norway,2000,13.372932702431406,234917.0625,52309.95763178914,0.55,1.9104597992739651,2.1862650509604613,2.479204102937257,74.3125187193698,High-income countries,3.34155941009522,0.181225776672363,0.134192019701004,0.71776554333201,0.0064964204520858715
Norway,2001,0.11240983154525708,236374.765625,52368.79222878477,3.8,1.7265645756455497,1.9104597992739651,2.1862650509604613,73.1583039085777,High-income countries,3.36419939994812,0.176661491394043,0.144134417176247,0.706491153201926,0.005061910804438963
Norway,2002,-2.688055617374552,231347.234375,50979.841484623,0.12,1.5484091270690097,1.7265645756455497,1.9104597992739651,67.5170140875686,High-income countries,3.38699245452881,0.173379316926003,0.15267738699913,0.796271768042676,0.0053817817260011225
Norway,2003,0.9119156193753142,234837.890625,51446.86079647834,1.87,0.9520652945912536,1.5484091270690097,1.7265645756455497,66.3207509412935,High-income countries,3.40994024276733,0.166169241070747,0.140683755278587,0.87142416077632,0.005856531791018416
Norway,2004,8.915938712135585,258260.4375,56244.53230505279,0.0,0.8648430228679198,0.9520652945912536,1.5484091270690097,68.671953774992,High-income countries,3.43304324150085,0.195129558444023,0.131392240524292,0.879689085401218,0.005913687348698016
Norway,2005,7.7518673125638315,280984.125,60777.97718598939,2.74,0.7736561080333344,0.8648430228679198,0.9520652945912536,70.4694504909023,High-income countries,3.45630311965942,0.198854953050613,0.102770529687405,0.885586645328415,0.006810976503959232
Norway,2006,8.658487432096251,308874.125,66274.97535668965,4.02,0.777565799317655,0.7736561080333344,0.8648430228679198,71.6599299465003,High-income countries,3.47972059249878,0.211803466081619,0.103635892271996,0.933831513858555,0.008050784046668147
Norway,2007,4.686761060045086,327064.59375,69455.0645995655,4.09,0.8376358785399641,0.777565799317655,0.7736561080333344,71.9420263082298,High-income countries,3.50329637527466,0.24206480383873,0.111072883009911,1.06371367547065,0.010356243749549687
Norway,2008,6.438079524651563,353190.96875,74073.71797493384,0.01,0.8057718565814944,0.8376358785399641,0.777565799317655,74.7852799340995,High-income countries,3.52703213691711,0.227405428886414,0.109046138823032,1.11458270193133,0.012470417572318038
Norway,2009,-9.355790774596429,325728.5,67457.84460704429,1.76,0.9003452772306859,0.8057718565814944,0.8376358785399641,67.4643154601855,High-income countries,3.55092859268188,0.232518166303635,0.137295454740524,0.988123938845942,0.012613221425396448
Norway,2010,3.9990144074810274,343268.84375,70210.15948131807,0.0,1.0194506730043635,0.9003452772306859,0.8057718565814944,68.2395193584281,High-income countries,3.57498717308044,0.240821972489357,0.129833146929741,1.03129189386369,0.012459584808093727
Norway,2011,3.640524125525957,360641.8125,72813.27327372193,2.07,1.0520016895771682,1.0194506730043635,0.9003452772306859,69.5987336334833,High-income countries,3.5846438407898,0.214842036366463,0.118126913905144,1.21935115877968,0.012966074196269384
Norway,2012,4.747229290750887,383175.5625,76353.2468539141,0.0,1.0932019461959628,1.0520016895771682,1.0194506730043635,68.4985528389766,High-income countries,3.59432673454285,0.228626325726509,0.115647025406361,1.15113697231793,0.013135722347765277
Norway,2013,-0.8948248974698814,384428.5625,75673.0667401032,13.75,1.7943385738759916,1.0932019461959628,1.0520016895771682,67.9727925936832,High-income countries,3.60403561592102,0.251124799251556,0.124249994754791,1.19120306653944,0.012212955539178338
Norway,2014,-2.011444974300325,381020.8125,74166.1508410391,14.76,1.7673545066505523,1.7943385738759916,1.0932019461959628,69.1373772209037,High-income countries,3.61377096176147,0.253737062215805,0.136204347014427,1.16877304037311,0.011210470915987036
Norway,2015,-5.985856654831956,362541.46875,69856.92986260858,14.34,1.5279565539022486,1.7673545066505523,1.7943385738759916,70.431856540017,High-income countries,3.62353277206421,0.267902225255966,0.163029626011848,0.954412883435082,0.010143431232979117
Norway,2016,-3.3199862314940987,353825.5625,67575.76609778909,0.02,1.6140490009109687,1.5279565539022486,1.7673545066505523,69.1168423974699,High-income countries,3.63332056999207,0.281699627637863,0.181878745555878,0.940180800925052,0.00886502839886627
Norway,2017,4.20339961011571,371892.0625,70476.78925606835,2.79,1.5668417495247347,1.6140490009109687,1.5279565539022486,69.1087817621061,High-income countries,3.6431348323822,0.27961602807045,0.183385565876961,0.958126822270356,0.007765631111521287
Norway,2018,5.186995812598383,394285.4375,74228.886721368,0.0,1.6791191768414309,1.5668417495247347,1.6140490009109687,70.0031957894984,High-income countries,3.6529757976532,0.278299361467361,0.170793995261192,0.962833898358875,0.006601491936627513
Norway,2019,1.3866591415933271,402498.8125,75265.3579182195,2.92,1.5796757450875094,1.6791191768414309,1.5668417495247347,70.8958205272987,High-income countries,3.66284322738647,0.30185467004776,0.177003145217896,0.869878223208639,0.006750447464891174
Norway,2020,-6.025258489365193,381198.71875,70864.34317158784,0.0,1.8542447627178371,1.5796757450875094,1.6791191768414309,65.3539790413323,High-income countries,3.67273736000061,0.310273021459579,0.188042104244232,0.826249281124996,0.005881249027805957
Norway,2021,19.71274150499731,466748.6875,86305.62753104561,7.85,1.95864936530461,1.8542447627178371,1.5796757450875094,71.2227137759599,High-income countries,3.69953942298889,0.265621274709702,0.171162441372871,0.899933992725,0.005342744692186763
Norway,2022,21.986335839905102,586762.9375,107528.74028208102,8.01,2.206737078442869,1.95864936530461,1.8542447627178371,82.6094798361389,High-income countries,3.72675514221191,0.26368573307991,0.156475111842155,0.836572311174837,0.008966555093773865
Norway,2023,-18.82788553584973,491620.09375,89075.0531284884,7.89,2.1159872722191047,2.206737078442869,1.95864936530461,80.3638456401269,High-income countries,3.75439190864563,0.27442792057991,0.173874586820602,0.846118978946132,0.011364222488534637
Oman,1992,3.3632133860642455,24171.357421875,12470.789150700275,1.69,7.528971950999212,,,64.7278861669356,Upper-middle-income countries,,0.16516999900341,0.207934200763702,0.587199007701487,0.04579777445147959
Oman,1997,7.498574012529247,34902.45703125,15931.95708773828,2.57,4.4959280599256575,7.528971950999212,,71.594365872295,Upper-middle-income countries,,0.205247551202774,0.187354907393456,0.646461457204893,0.015546197008847074
Oman,2001,5.796699959609697,50450.109375,21837.822756476988,2.01,12.730770872944516,4.4959280599256575,7.528971950999212,84.5270024947002,Upper-middle-income countries,,0.24099189043045,0.159278482198715,0.380511286863365,0.012231803938978492
Oman,2002,10.08513418708894,56453.80859375,24155.08210622812,5.14,13.665585071463239,12.730770872944516,4.4959280599256575,83.6537485764543,Upper-middle-income countries,,0.297889739274979,0.166254699230194,0.323348541155786,0.011586500109039943
Oman,2003,13.57350668458146,65398.45703125,27666.709407770384,4.99,4.8865704597779756,13.665585071463239,12.730770872944516,84.846636733578,Upper-middle-income countries,,0.336379766464233,0.147536441683769,0.289070648559389,0.011340841779377553
Oman,2004,25.173942780145175,85579.4140625,35586.604600716644,4.97,4.656882386456459,4.8865704597779756,13.665585071463239,88.611307129045,Upper-middle-income countries,,0.453642636537552,0.141286060214043,0.225073757424931,0.01720667110934415
Oman,2005,6.852251242195884,93744.46875,38110.57505848032,5.17,4.761691887918341,4.656882386456459,4.8865704597779756,86.7613020421318,Upper-middle-income countries,,0.326072484254837,0.157277420163155,0.297063580293564,0.022605386386701398
Oman,2006,29.675660332846654,128951.9296875,51277.312738215245,4.95,4.901632425325881,4.761691887918341,4.656882386456459,86.1457079854133,Upper-middle-income countries,,0.454845607280731,0.13699933886528,0.238259717334822,0.022110430395035907
Oman,2007,12.408411080139281,149202.75,58051.61440431659,2.76,4.658797530698522,4.901632425325881,4.761691887918341,94.8657889777347,High-income countries,,0.511224865913391,0.129814848303795,0.246552740396535,0.02178231160034072
Oman,2008,17.984639984962136,182516.78125,69489.72626991745,3.69,4.569230032063432,4.658797530698522,4.901632425325881,94.7619029877161,High-income countries,,0.499048680067062,0.1121571585536,0.310800220573947,0.021689601765199407
Oman,2009,-5.281624654904249,176958.703125,65914.77842251102,3.69,4.569230032063432,4.569230032063432,4.658797530698522,91.6279353346997,High-income countries,,0.482584595680237,0.132366612553597,0.217142758621402,0.02189051537255904
Oman,2012,-6.91209201807208,221772.9375,62522.21881725553,4.7,4.30743808121622,4.569230032063432,4.569230032063432,102.0747604043,High-income countries,,0.335782110691071,0.178735956549644,0.359955512863263,0.14225398945526235
Oman,2013,-9.545037125065647,217882.859375,56830.4130466706,4.56,4.46185591733118,4.30743808121622,4.569230032063432,112.543521763774,High-income countries,,0.34319669008255,0.189244881272316,0.385812607749164,0.07775389290588719
Oman,2014,-6.749591076745531,212614.28125,53121.179673194274,4.16,4.46185591733118,4.46185591733118,4.30743808121622,102.27872108813,High-income countries,,0.331415057182312,0.18905408680439,0.381905985766105,0.04301797263769025
Oman,2015,-19.690903082980782,182572.671875,43626.583671752815,5.04,4.396812170229322,4.46185591733118,4.46185591733118,96.3775801852347,High-income countries,,0.416682064533234,0.199194684624672,0.367640595134113,0.04457768872306245
Oman,2016,-8.383367806644948,176154.59375,40118.31662558528,3.66,4.3688920927834385,4.396812170229322,4.46185591733118,82.8642642018901,High-income countries,,0.430235713720322,0.203699931502342,0.351224147652595,0.048047365323881985
Oman,2017,-2.0509424268706056,178337.328125,39303.89327380727,3.72,4.464978439081877,4.3688920927834385,4.396812170229322,88.9531480182956,High-income countries,,0.412429302930832,0.185063123703003,0.365671846820733,0.03282429987327018
Oman,2018,5.6461727138669815,191211.46875,41586.90385801969,3.72,4.468045612919707,4.464978439081877,4.3688920927834385,89.2792178262847,High-income countries,,0.344772279262543,0.173165559768677,0.437360193309641,0.01324139600387464
Oman,2019,-2.5006894037462146,186220.0,40559.83992127619,3.33,4.49672726606355,4.468045612919707,4.464978439081877,86.4782010313236,High-income countries,,0.284177482128143,0.186013206839561,0.43993404908807,-0.0014443173226390549
Oman,2020,-13.765412308962333,159842.4375,35343.84599923449,4.63,4.502778914110499,4.49672726606355,4.468045612919707,91.8758908014472,High-income countries,,0.293318867683411,0.224003806710243,0.407677494910879,-0.01508608296216618
Oman,2021,15.938161839528142,186545.9375,41450.74719626418,5.25,4.485385017437932,4.502778914110499,4.49672726606355,95.9494877293305,High-income countries,,0.321746617555618,0.17151914536953,0.375837896774365,-0.004892660377314728
Oman,2022,16.287108412968188,230753.484375,48782.76098752998,4.12,4.824286368160004,4.485385017437932,4.502778914110499,105.745009280655,High-income countries,,0.347815036773682,0.160338521003723,0.386935898505967,0.049801366929396185
Oman,2023,-13.248725137266781,215752.78125,42729.50822188321,5.23,4.676679291203046,4.824286368160004,4.485385017437932,105.916707804376,High-income countries,,0.359822869300842,0.161005392670631,0.391634357621021,0.06527049884511271
Pakistan,1995,2.8935160886651268,383654.65625,2850.7076356494044,23.97,45.80285426079975,,,36.132753673519,Low-income countries,1.44972765445709,0.131147131323814,0.198130637407303,0.266889010680769,0.028903117322283123
Pakistan,1997,1.1066135549242517,440425.21875,3090.0136417974477,36.95,28.562307537748175,45.80285426079975,,36.8522661008964,Low-income countries,1.4890855550766,0.1335279494524,0.180740773677826,0.246721666548307,0.028282703475368542
Pakistan,1998,7.472767232020416,487885.71875,3329.769818538817,41.1,41.62670804004658,28.562307537748175,45.80285426079975,34.011725180531,Low-income countries,1.5091632604599,0.133512258529663,0.180188342928886,0.24228197218932,0.027612856726080715
Pakistan,1999,3.469465393913218,519047.40625,3447.322462786381,35.36,22.668369953707895,41.62670804004658,28.562307537748175,32.3199628094266,Low-income countries,1.52951180934906,0.11872337013483,0.158302545547485,0.236172195627991,0.027219371038823326
Pakistan,2000,3.8549265869820104,554902.3125,3582.8088861838687,9.52,22.61505004910865,22.668369953707895,41.62670804004658,21.4599638884654,Low-income countries,1.55013465881348,0.124988734722137,0.16185799241066,0.225977808814102,0.028247598354241177
Pakistan,2001,-0.6894489143865812,566716.5,3558.1922064398113,9.25,19.464108027370642,22.61505004910865,22.668369953707895,23.5772074298467,Low-income countries,1.60251486301422,0.128090709447861,0.13716883957386,0.201350459600197,0.02796158308921015
Pakistan,2002,1.2758043334152092,588234.25,3603.878591554161,15.16,16.053690919068753,19.464108027370642,22.61505004910865,23.1290159545291,Low-income countries,1.65666508674622,0.122224777936935,0.143708541989326,0.211881472646713,0.024508030898168442
Pakistan,2003,2.475520758616412,617339.8125,3694.206787964314,6.53,15.662465442060508,16.053690919068753,19.464108027370642,24.6501585248398,Low-income countries,1.71178531646729,0.124536715447903,0.140543535351753,0.229457614269168,0.023539161388751673
Pakistan,2004,5.141930934340699,666153.3125,3889.1287816867693,11.73,13.018507259825494,15.662465442060508,16.053690919068753,24.8083348519064,Low-income countries,1.75520408153534,0.123224936425686,0.141649976372719,0.249462703335108,0.024680911760913027
Pakistan,2005,4.688098394911222,715111.5625,4075.7963581766744,20.94,12.46474217089566,13.018507259825494,15.662465442060508,29.8784940550747,Low-income countries,1.79972422122955,0.11910454928875,0.129061460494995,0.267051228460385,0.02403773504415696
Pakistan,2006,3.7082104359310364,760016.9375,4229.772703759054,9.69,12.25787865719417,12.46474217089566,13.018507259825494,33.0497193672284,Low-income countries,1.7976154088974,0.13217405974865,0.150446265935898,0.279303552816492,0.023820052866049046
Pakistan,2007,2.776348089876457,802333.625,4348.851286581891,18.61,11.718748555772548,12.25787865719417,12.46474217089566,30.7878814312746,Low-income countries,1.79550898075104,0.13275158405304,0.128839910030365,0.290319647224256,0.02642031252293453
Pakistan,2008,-1.0446837611249649,815539.0,4303.656028194708,2.19,9.335852019390027,11.718748555772548,12.25787865719417,34.3489608135242,Lower-middle-income countries,1.79340529441834,0.13797952234745,0.127088844776154,0.269463943473587,0.026771569312075805
Pakistan,2009,2.931873639913185,861418.8125,4431.701681129884,1.7,9.709647079944723,9.335852019390027,11.718748555772548,33.3268872863988,Lower-middle-income countries,1.79130387306213,0.130156770348549,0.133172646164894,0.26874470123743,0.025412831091031762
Pakistan,2010,1.856257827793506,899511.25,4514.733750959971,13.07,10.147541079477973,9.709647079944723,9.335852019390027,31.9890020462315,Lower-middle-income countries,1.78920495510101,0.119027502834797,0.121457457542419,0.27670800868669,0.024708170153802556
Pakistan,2011,3.3823761805544805,951504.5,4670.050928345537,0.97,9.81941468136785,10.147541079477973,9.709647079944723,32.3626382751438,Lower-middle-income countries,1.81359827518463,0.108002662658691,0.109419837594032,0.312656540983131,0.022369094033465764
Pakistan,2012,3.3601999954663953,1002957.5,4829.64022350673,7.51,10.102465713820255,9.81941468136785,10.147541079477973,31.3189732760076,Lower-middle-income countries,1.82945501804352,0.107080116868019,0.109532870352268,0.325069585722732,0.01906199812846765
Pakistan,2013,-0.44291329883066055,1014906.25,4808.296406864516,15.31,9.668483370217748,10.102465713820255,9.81941468136785,30.8902743401844,Lower-middle-income countries,1.84366619586945,0.105741329491138,0.104894518852234,0.332212211049242,0.016272241483485494
Pakistan,2014,1.3029135665520997,1043759.0,4871.354255655624,8.19,10.157336925476312,9.668483370217748,10.102465713820255,29.4698256903998,Lower-middle-income countries,1.87967920303345,0.10779494792223,0.0977354943752289,0.352177520801971,0.015003240538856488
Pakistan,2015,4.7285526344476025,1109754.875,5107.231650395566,17.36,10.997377003354911,10.157336925476312,9.668483370217748,26.6881860172247,Lower-middle-income countries,1.87725651264191,0.115501597523689,0.0896093547344208,0.353557232012702,0.014025011358919315
Pakistan,2016,1.5570947881224484,1141943.625,5187.378449736652,5.16,11.589274984600321,10.997377003354911,10.157336925476312,24.7015780480573,Lower-middle-income countries,1.87483704090118,0.119039222598076,0.0904259905219078,0.354988737085896,0.013021639381594952
Pakistan,2017,1.3078366568818112,1173453.5,5255.666461106054,5.61,12.792084801817339,11.589274984600321,10.997377003354911,25.472035002344,Lower-middle-income countries,1.87242066860199,0.123507253825665,0.0874040871858597,0.364335716976333,0.014140999035313406
Pakistan,2018,0.6495836436000602,1200435.125,5289.91753504882,12.35,10.753164960960383,12.792084801817339,11.589274984600321,27.6260570796337,Lower-middle-income countries,1.81014931201935,0.128494009375572,0.0892807766795158,0.340200488503157,0.01623714832902845
Pakistan,2019,0.4123645989329461,1225962.75,5311.776320247349,4.46,10.489749556827006,10.753164960960383,12.792084801817339,28.9055769867032,Lower-middle-income countries,1.77026915550232,0.115372098982334,0.0864884778857231,0.306450130941778,0.016918712466965857
Pakistan,2020,-2.317318387699352,1219682.75,5190.100800357458,7.63,11.226253662061328,10.489749556827006,10.753164960960383,26.7162807328814,Lower-middle-income countries,1.76825952529907,0.110862009227276,0.0967375487089157,0.311353489730097,0.018037514130120336
Pakistan,2021,2.8296704974628994,1278586.625,5339.061155818781,22.41,12.273801068301992,11.226253662061328,10.489749556827006,27.0304204125548,Lower-middle-income countries,1.76625752449036,0.105127274990082,0.0900266990065575,0.359367245572252,0.018867779716011057
Pakistan,2022,1.351134856977687,1318832.125,5411.688614705351,4.28,11.14827934868679,12.273801068301992,11.226253662061328,33.031353478032,Lower-middle-income countries,1.76426291465759,0.104901246726513,0.0842876359820366,0.343550981783103,0.017479973979297903
Pakistan,2023,2.903168049541094,1378872.75,5571.101850089632,15.77,9.34002500202514,11.14827934868679,12.273801068301992,28.6025773980658,Lower-middle-income countries,1.76227569580078,0.0876253396272659,0.0795207396149635,0.336552382622466,0.015488045860885258
Panama,1997,8.270500081470189,27654.048828125,9748.68599836253,7.88,10.679810947046882,,,174.713863041899,Lower-middle-income countries,2.53267359733582,0.212097272276878,0.165194019675255,0.41991553256177,0.02010706307116661
Panama,1998,6.4615004890637096,30094.951171875,10399.393752500939,5.56,8.588453309569626,10.679810947046882,,157.996408512839,Upper-middle-income countries,2.55641269683838,0.221790164709091,0.158998757600784,0.423945535194348,0.01997026899618537
Panama,1999,1.8239056964192812,31262.18359375,10590.809199792535,3.63,7.8326122594821,8.588453309569626,10.679810947046882,131.55739694225,Upper-middle-income countries,2.57369351387024,0.229207575321198,0.156020939350128,0.39271823837823,0.019812695704646277
Panama,2000,1.752853995688497,32446.01953125,10778.08718175413,10.27,7.185894726796169,7.8326122594821,8.588453309569626,139.197934867656,Upper-middle-income countries,2.58991026878357,0.209565043449402,0.151477634906769,0.388555563049383,0.019640055791962263
Panama,2001,1.6194071179779002,33623.859375,10954.049218171991,1.86,6.861615194403228,7.185894726796169,7.8326122594821,135.584351118395,Upper-middle-income countries,2.60559630393982,0.16324608027935,0.16041012108326,0.363501321032894,0.01946407328402966
Panama,2002,3.048841610386077,35340.1953125,11293.164098450026,3.91,7.461283377711841,6.861615194403228,7.185894726796169,126.024482449851,Upper-middle-income countries,2.62137746810913,0.15322670340538,0.164816692471504,0.339280912548358,0.01929666202835678
Panama,2003,8.46519599254929,39205.22265625,12290.782061814398,4.0,7.892230779905693,7.461283377711841,6.861615194403228,117.267478940646,Upper-middle-income countries,2.63725399971008,0.16618424654007,0.149635463953018,0.352569592555796,0.019137015477471486
Panama,2004,3.565827927733878,41409.82421875,12736.95785613113,5.78,7.628971304862756,7.892230779905693,7.461283377711841,124.761756520445,Upper-middle-income countries,2.65322685241699,0.185479134321213,0.150554329156876,0.335100165958492,0.019049904423814157
Panama,2005,9.873772200369046,46577.03125,14058.758141348726,5.77,7.162165833394174,7.628971304862756,7.892230779905693,139.211165086724,Upper-middle-income countries,2.66929650306702,0.160906672477722,0.132973745465279,0.336705836393687,0.018851653336108054
Panama,2006,6.9565623065377835,50866.9609375,15071.584953914402,3.48,8.002362879433727,7.162165833394174,7.628971304862756,141.47257128141,Upper-middle-income countries,2.68546319007874,0.168968439102173,0.125144124031067,0.34314416642298,0.018540464251336708
Panama,2007,-6.211981971810232,48688.015625,14163.827567498378,14.15,8.016704003817935,8.002362879433727,7.162165833394174,148.665601089573,Upper-middle-income countries,2.70172786712647,0.25624281167984,0.138614848256111,0.555833582120948,0.0183391184872288
Panama,2008,8.72149484447906,54101.09375,15454.59404944456,9.72,8.143766284929217,8.016704003817935,8.002362879433727,164.58628613577,Upper-middle-income countries,2.71809124946594,0.315292805433273,0.137048751115799,0.573141940947783,0.018206540318137954
Panama,2009,7.547740887031296,59404.74609375,16666.216684958763,15.38,7.039028877023156,8.143766284929217,8.016704003817935,137.046021610678,Upper-middle-income countries,2.73455381393433,0.241444230079651,0.133366614580154,0.57214761041563,0.018042312036128383
Panama,2010,5.626252127578368,63973.90234375,17630.78001004538,1.84,6.924730997157634,7.039028877023156,8.143766284929217,145.44871880643,Upper-middle-income countries,2.7511157989502,0.301354706287384,0.131822288036346,0.554152899678042,0.01783857929688848
Panama,2011,11.646707751911833,73162.953125,19808.543138563506,1.35,5.763362745518055,6.924730997157634,7.039028877023156,158.208395346813,Upper-middle-income countries,2.76602506637573,0.313733398914337,0.122069209814072,0.556946548441629,0.01774688616655995
Panama,2012,9.614512639322648,81980.34375,21807.59803269583,5.18,6.773864382166859,5.763362745518055,6.924730997157634,153.208620367102,Upper-middle-income countries,2.78101539611816,0.350677579641342,0.105980463325977,0.573589385893319,0.017645193766799183
Panama,2013,7.666974109658042,90068.6953125,23545.346115981134,4.9,6.747777454604302,6.773864382166859,5.763362745518055,133.071568935782,Upper-middle-income countries,2.79608678817749,0.35172575712204,0.111597448587418,0.608596197215501,0.017423411169419145
Panama,2014,9.373451751132933,100646.2421875,25859.10339621197,2.75,6.054538566014739,6.747777454604302,6.773864382166859,114.970604927053,Upper-middle-income countries,2.81123995780945,0.354225605726242,0.113497368991375,0.599024411094996,0.01730463800360038
Panama,2015,11.019673989964751,114332.6640625,28871.629685722473,6.01,5.4008951615161145,6.054538566014739,6.747777454604302,96.5791573428957,Upper-middle-income countries,2.82647514343262,0.367900758981705,0.122470416128635,0.569366543345728,0.01730374895608655
Panama,2016,9.047560886525119,127341.7734375,31605.623071212674,7.11,5.928794871014933,5.4008951615161145,6.054538566014739,84.3959718738111,Upper-middle-income countries,2.84179306030273,0.348054379224777,0.135261788964272,0.555415400216824,0.017286687617193985
Panama,2017,7.968538673509684,140287.234375,34227.19271589797,20.67,6.138195727734573,5.928794871014933,5.4008951615161145,84.0475372402933,High-income countries,2.8571937084198,0.356635481119156,0.139030620455742,0.527178188887794,0.017132006889972073
Panama,2018,-1.8770684222898737,140001.40625,33590.71711861723,2.77,5.619968202107773,6.138195727734573,5.928794871014933,86.1309615112445,High-income countries,2.87267804145813,0.36933371424675,0.141969054937363,0.531051480745004,0.016731156517159507
Panama,2019,2.9769242392026385,146544.84375,34605.7202989586,3.35,5.898245375221172,5.619968202107773,6.138195727734573,80.4286505649569,High-income countries,2.8882462978363,0.357081472873688,0.142301827669144,0.506953996960907,0.015909772706719005
Panama,2020,-20.449718517752835,121094.15625,28205.635820883006,2.17,5.893128658099465,5.898245375221172,5.619968202107773,68.700423510603,Upper-middle-income countries,2.90389895439148,0.242651224136353,0.188244611024857,0.485204548594703,0.013734096697870957
Panama,2021,10.67574722932143,136373.609375,31383.406005884375,2.32,6.544263129582958,5.893128658099465,5.898245375221172,80.1334635232887,High-income countries,2.92414712905884,0.337109506130219,0.167965933680534,0.475030127022978,0.012072380920315373
Panama,2022,9.786171101448105,152310.5,34609.94238966654,4.03,6.3031278200495136,6.544263129582958,5.893128658099465,93.687178754867,High-income countries,2.94474864006043,0.439321666955948,0.153995916247368,0.46693249163825,0.012661242351753588
Panama,2023,5.569513752135613,163155.96875,36592.23760467879,24.06,6.412438459529528,6.3031278200495136,6.544263129582958,89.5330683837851,High-income countries,2.96571135520935,0.507735073566437,0.143253356218338,0.484624239771514,0.01309026887971676
Paraguay,1991,0.21376202902789743,23507.8671875,5672.249635287826,2.92,11.781490735806655,,,89.1393192206208,Lower-middle-income countries,2.05185508728027,0.293210059404373,0.097745455801487,0.386013312748146,0.026557924238530983
Paraguay,1994,3.074882861027284,26996.01953125,6037.464081576378,4.51,7.9278720433389,11.781490735806655,,123.079329466864,Lower-middle-income countries,2.09905457496643,0.261476218700409,0.0912434756755829,0.44844270931455,0.024615145741962108
Paraguay,1995,2.769786438883415,28426.9765625,6207.026359304303,10.1,10.871942476780356,7.9278720433389,11.781490735806655,118.064074196549,Lower-middle-income countries,2.11502766609192,0.251506716012955,0.0827398598194122,0.483883653739692,0.023951278522341246
Paraguay,1996,1.376977212460595,29499.115234375,6293.086854749919,12.99,10.44829193193373,10.871942476780356,7.9278720433389,103.035267206036,Lower-middle-income countries,2.10475897789001,0.244300872087479,0.0780387371778488,0.517415079820478,0.023251925437425713
Paraguay,1997,0.9345545141147937,30454.943359375,6352.174856765542,7.99,11.322414845580846,10.44829193193373,10.871942476780356,95.9342762479745,Lower-middle-income countries,2.09454011917114,0.261319935321808,0.0758421421051025,0.499064576633011,0.02254250849099182
Paraguay,1998,0.23573113476249574,31199.275390625,6367.16657376748,9.19,11.45947811911005,11.322414845580846,10.44829193193373,101.606320138559,Lower-middle-income countries,2.08437085151672,0.219235852360725,0.0733460783958435,0.439203141838523,0.021789234065602292
Paraguay,1999,-4.8305966629135,30353.544921875,6066.905034918106,13.5,11.112323003834542,11.45947811911005,11.322414845580846,77.5552756906357,Lower-middle-income countries,2.07425093650818,0.202017888426781,0.0755865648388863,0.420316974938545,0.02082440880734393
Paraguay,2000,-6.846185445868791,28898.724609375,5665.452352300628,8.29,10.925482346266092,11.112323003834542,11.45947811911005,78.6447297611485,Lower-middle-income countries,2.06418013572693,0.199811711907387,0.0760522037744522,0.388108664332562,0.01934600537527631
Paraguay,2001,2.7807568365117774,30219.35546875,5825.205687686753,7.46,10.740586638772555,10.925482346266092,11.112323003834542,72.6056990118238,Lower-middle-income countries,2.10612773895264,0.217821300029755,0.0652725398540497,0.304889322098475,0.016877597301061753
Paraguay,2002,24.34013179556853,39094.39453125,7430.518403576056,7.32,9.934671751771178,10.740586638772555,10.925482346266092,79.4415656482927,Lower-middle-income countries,2.14892745018005,0.183654293417931,0.0479255244135857,0.218379244591155,0.014095147738882652
Paraguay,2003,4.66616859680915,41468.73046875,7785.455503220164,10.11,9.829742418313542,9.934671751771178,10.740586638772555,81.1273637701163,Lower-middle-income countries,2.19259738922119,0.19638466835022,0.0453825555741787,0.228838215012273,0.012298880235258824
Paraguay,2004,2.115708365315072,42846.37890625,7951.927861706421,11.51,10.294754322303627,9.829742418313542,9.934671751771178,80.1044466155542,Lower-middle-income countries,2.23715424537659,0.195248141884804,0.0458757504820824,0.262603334725349,0.011524391002723178
Paraguay,2005,-2.027638036810231,42453.2890625,7792.315199692664,5.8,8.385482894878075,10.294754322303627,9.829742418313542,85.0219636540457,Lower-middle-income countries,2.28261709213257,0.171527519822121,0.0517356619238853,0.325005688580888,0.011059635782753041
Paraguay,2006,5.3369517034832725,45249.48046875,8219.48482924528,5.36,5.156583526358568,8.385482894878075,10.294754322303627,84.7335313048126,Lower-middle-income countries,2.30002331733704,0.17668642103672,0.0566503256559372,0.361474169208874,0.010417281075893792
Paraguay,2007,9.693878655880361,50346.74609375,9056.170248611987,9.14,6.564204703875395,5.156583526358568,8.385482894878075,79.0011374202968,Lower-middle-income countries,2.31756258010864,0.178035199642181,0.0619172006845474,0.399999732467042,0.00980401604621517
Paraguay,2008,8.829055626791238,55530.05859375,9892.104137889693,3.96,6.552468327808912,6.564204703875395,5.156583526358568,80.777574657268,Lower-middle-income countries,2.33523559570313,0.209897145628929,0.0698427110910416,0.454837209669882,0.009699922826475582
Paraguay,2009,5.8876206141015075,59502.609375,10492.000222702774,7.11,6.772199339000478,6.552468327808912,6.564204703875395,70.8419818624432,Lower-middle-income countries,2.3530433177948,0.184583425521851,0.083333320915699,0.367796469888043,0.010219490065143111
Paraguay,2010,15.821416888786999,70522.578125,12290.507938259012,7.45,7.127554027650054,6.772199339000478,6.552468327808912,81.2575233746727,Lower-middle-income countries,2.37098670005798,0.220598369836807,0.095201350748539,0.408637997367602,0.011698580119199109
Paraguay,2011,9.549165915890079,78625.4453125,13522.012475522932,7.08,7.377294853003416,7.127554027650054,6.772199339000478,78.4921238489348,Lower-middle-income countries,2.40594434738159,0.216843962669373,0.115465976297855,0.483422853364429,0.013270803958585597
Paraguay,2012,-3.3196955722695876,77135.765625,13080.491941845765,9.29,7.360703498818505,7.377294853003416,7.127554027650054,74.7649574560794,Lower-middle-income countries,2.44141745567322,0.179844170808792,0.106662452220917,0.501782468721258,0.014068636160263992
Paraguay,2013,7.219088218004188,84111.40625,14059.704059126327,4.22,7.507701485186243,7.360703498818505,7.377294853003416,73.3698713841075,Lower-middle-income countries,2.47741341590881,0.192731022834778,0.109365336596966,0.535159408478803,0.014384243637686867
Paraguay,2014,1.8255537243522468,86911.9765625,14318.728632983795,7.15,7.352436497973038,7.507701485186243,7.360703498818505,69.0837249631346,Upper-middle-income countries,2.51394009590149,0.188778758049011,0.118976444005966,0.559965634745933,0.014498120571447615
Paraguay,2015,-0.601003455637894,87662.0859375,14232.930661737593,10.08,7.83774238114218,7.352436497973038,7.507701485186243,66.9150655259573,Upper-middle-income countries,2.55100560188293,0.173990309238434,0.127200067043304,0.520557786271536,0.014603682210551527
Paraguay,2016,3.2405788586197914,91872.8671875,14701.714637774945,4.53,7.733519805936826,7.83774238114218,7.352436497973038,67.7593152322047,Upper-middle-income countries,2.57922601699829,0.150683864951134,0.128750264644623,0.518462622468053,0.014510463910641702
Paraguay,2017,1.80205277376988,94883.7109375,14969.048811184068,6.99,8.50337256131218,7.733519805936826,7.83774238114218,71.0801344038377,Upper-middle-income countries,2.60476756095886,0.158045709133148,0.133990436792374,0.530880468002319,0.014225775673546215
Paraguay,2018,-1.4871968072853292,94791.5234375,14748.07681222308,7.54,8.578191835085375,8.50337256131218,7.733519805936826,72.069223625915,Upper-middle-income countries,2.63056206703186,0.191033706068993,0.137266159057617,0.506367021331351,0.013899911730729242
Paraguay,2019,1.1396660621036503,97185.8828125,14917.117055980161,8.28,9.106052601602356,8.578191835085375,8.50337256131218,71.2221617342433,Upper-middle-income countries,2.65661215782166,0.187003836035728,0.13413180410862,0.449048220528614,0.013548811695736962
Paraguay,2020,-1.3425359838038275,97195.0703125,14718.18772857316,12.08,8.43331370282288,9.106052601602356,8.578191835085375,62.7602174748561,Upper-middle-income countries,2.68292021751404,0.182077750563622,0.133408859372139,0.401727179828164,0.013519890704968507
Paraguay,2021,1.681747845260162,100047.5234375,14967.803605213025,4.52,8.418231282198645,8.43331370282288,9.106052601602356,69.7422730211357,Upper-middle-income countries,2.69997620582581,0.230092167854309,0.122380331158638,0.419838136325783,0.012107835791742128
Paraguay,2022,-3.7401307685501095,97474.5859375,14418.327786006996,7.54,8.671885258276474,8.418231282198645,8.43331370282288,73.7379050218533,Upper-middle-income countries,2.71732521057129,0.259534657001495,0.120528571307659,0.454246967438634,0.01134768718606649
Paraguay,2023,4.248723326397652,102964.171875,15044.122652409811,12.3,8.136234623116843,8.671885258276474,8.418231282198645,82.4052107741817,Upper-middle-income countries,2.73497366905212,0.208063751459122,0.119848176836967,0.395949952231088,0.012302161603898076
Peru,1993,4.759110400724431,102860.7265625,4393.169893241942,15.39,16.335824764993614,,,28.7665865706199,Lower-middle-income countries,2.30389952659607,0.16857947409153,0.195467606186867,0.381690490510847,0.020166419390649892
Peru,1995,9.722856376210842,135139.5,5550.123190273868,15.34,15.342391008108317,16.335824764993614,,30.9272178475508,Lower-middle-income countries,2.37239408493042,0.229695811867714,0.186925828456879,0.426426784018983,0.019383646784559172
Peru,1997,5.086244984443411,152439.0,6031.420170184181,13.25,12.70217536239531,15.342391008108317,16.335824764993614,33.4695458506827,Lower-middle-income countries,2.47289657592773,0.242539033293724,0.173325061798096,0.37723055962943,0.01848802027334928
Peru,1998,-3.6899806190332285,149613.4375,5812.918069499704,13.33,12.705783984376925,12.70217536239531,15.342391008108317,32.9530217853936,Lower-middle-income countries,2.52473306655884,0.246288269758225,0.165749073028564,0.352642286648024,0.018190174531713676
Peru,1999,-1.6132184241245184,149784.0625,5719.895351437519,12.76,12.64730394621541,12.705783984376925,12.70217536239531,33.2057765558493,Lower-middle-income countries,2.57186794281006,0.218060836195946,0.158636420965195,0.320003498261934,0.01727197344103404
Peru,2000,1.232852646892546,154026.9375,5790.849715344921,13.72,12.816701161708492,12.64730394621541,12.705783984376925,35.5380321623178,Lower-middle-income countries,2.60804152488709,0.215177938342094,0.148245453834534,0.308457989241078,0.01560430591206119
Peru,2001,-0.8925106612197808,154760.515625,5739.395722006048,8.45,11.31892198561118,12.816701161708492,12.64730394621541,35.0644014310212,Lower-middle-income countries,2.64082050323486,0.206001996994019,0.136876732110977,0.297767868727002,0.013676462262451672
Peru,2002,5.504953470089902,165481.34375,6064.205065138554,7.9,9.903945371492886,11.31892198561118,12.816701161708492,35.2491813317695,Lower-middle-income countries,2.67401123046875,0.209011554718018,0.121064879000187,0.28697291439373,0.011930065577459903
Peru,2003,5.007571616146933,175842.34375,6375.606225632684,12.01,9.478049356959334,9.903945371492886,11.31892198561118,37.6246103251002,Lower-middle-income countries,2.70761942863464,0.210504710674286,0.114920854568481,0.28104334948457,0.010653641406642489
Peru,2004,7.360481893201687,191137.984375,6862.583673851141,7.59,9.796946895115097,9.478049356959334,9.903945371492886,41.9360782679273,Lower-middle-income countries,2.74164962768555,0.199956953525543,0.10641223937273,0.300720774614026,0.009802960124461357
Peru,2005,8.59723134457031,210159.734375,7478.680054538635,11.36,9.105459123347707,9.796946895115097,9.478049356959334,47.3573174768394,Lower-middle-income countries,2.77610778808594,0.195597752928734,0.104243196547031,0.323580172196316,0.008899969511328987
Peru,2006,13.737506089840323,243023.515625,8579.978211258942,2.78,6.79711245186239,9.105459123347707,9.796946895115097,51.7850560338442,Lower-middle-income countries,2.75700330734253,0.21739949285984,0.10180839151144,0.341247789494768,0.007915268420847887
Peru,2007,9.056899419744191,267998.40625,9393.33474619742,7.0,6.600842882359763,6.79711245186239,9.105459123347707,55.6881132836815,Lower-middle-income countries,2.73803019523621,0.238166958093643,0.0981192216277123,0.364630754653926,0.007253828689604447
Peru,2008,5.686966654094583,285553.78125,9943.012416396494,1.77,2.624947681479053,6.600842882359763,6.79711245186239,58.4337673899053,Upper-middle-income countries,2.71918773651123,0.274462133646011,0.0960703045129776,0.405330709488584,0.006579686806578611
Peru,2009,1.1266355744627532,290576.71875,10055.667345092163,2.48,2.802732131512281,2.624947681479053,6.600842882359763,48.1119296153519,Upper-middle-income countries,2.70047473907471,0.204579517245293,0.110398709774017,0.414489065280271,0.006170890751438396
Peru,2010,11.812308425391826,329151.15625,11316.473259884757,2.37,2.797057210011968,2.802732131512281,2.624947681479053,51.6728089370033,Upper-middle-income countries,2.68189072608948,0.229873850941658,0.104542315006256,0.471817742554005,0.006526368981483177
Peru,2011,8.648668392708814,361576.3125,12338.767791631515,1.35,1.8453217570236211,2.797057210011968,2.802732131512281,55.9882802838607,Upper-middle-income countries,2.69885945320129,0.223345369100571,0.104537397623062,0.523764415943659,0.0074693482346033235
Peru,2013,0.688703616584796,383337.71875,12855.95144148054,1.62,1.8514449218696296,1.8453217570236211,2.797057210011968,49.7871424471444,Upper-middle-income countries,2.73311901092529,0.241801649332047,0.112657904624939,0.562045442890185,0.009013391960333017
Peru,2014,0.16883223733810127,387821.8125,12877.674764756577,0.55,1.8514449218696296,1.8514449218696296,1.8453217570236211,46.8531210912899,Upper-middle-income countries,2.75041174888611,0.239338889718056,0.124394334852695,0.538242051807558,0.009941292788930411
Peru,2015,0.5061518152077227,394213.34375,12943.020584353331,0.69,1.8393867390204808,1.8514449218696296,1.8514449218696296,45.1627686891148,Upper-middle-income countries,2.76781368255615,0.231978222727776,0.137905910611153,0.512218923788313,0.011284738193130028
Peru,2016,1.9369094974216239,407319.15625,13196.15879438721,1.32,1.919674703762191,1.8393867390204808,1.8514449218696296,45.3888411964154,Upper-middle-income countries,2.78532600402832,0.214832216501236,0.146080285310745,0.494113434652968,0.013335706511294454
Peru,2017,1.7987951970729554,420867.75,13435.678440583366,0.55,2.000437067295854,1.919674703762191,1.8393867390204808,47.5135503619971,Upper-middle-income countries,2.80294895172119,0.216089650988579,0.155348613858223,0.491632757784225,0.014733653510746514
Peru,2018,2.2408262370314347,438277.5,13740.147216165338,1.31,1.9903464200806407,2.000437067295854,1.919674703762191,48.631470171736,Upper-middle-income countries,2.82068347930908,0.226392492651939,0.154712289571762,0.489025523692358,0.018125357718875357
Peru,2019,2.999650880299498,459435.0,14158.547565721212,1.37,2.2671996603690863,1.9903464200806407,2.000437067295854,46.9435053754409,Upper-middle-income countries,2.83853006362915,0.225092843174934,0.157187506556511,0.469047908914726,0.01714869347513437
Peru,2020,-9.683449636096064,422034.90625,12851.80172534262,0.54,2.2671996603690863,2.2671996603690863,1.9903464200806407,44.245967197744,Upper-middle-income countries,2.85648965835571,0.195775717496872,0.185054332017899,0.453428086895672,0.011925049525437714
Peru,2021,15.840739124874403,499252.28125,15057.72885939213,1.29,2.3328489279532465,2.2671996603690863,2.2671996603690863,55.427249365522,Upper-middle-income countries,2.83546948432922,0.248012080788612,0.169435694813728,0.426173879286851,0.0096161235433323
Peru,2022,-1.0012368747355893,499042.375,14907.717562948692,0.63,2.3777502348872113,2.3328489279532465,2.2671996603690863,57.2969759649721,Upper-middle-income countries,2.81483864784241,0.25018298625946,0.165008455514908,0.446546802008652,0.009591839093552768
Peru,2023,-0.8234366168093032,500423.21875,14785.465980720637,0.52,2.2974474414550548,2.3777502348872113,2.3328489279532465,50.7851842068664,Upper-middle-income countries,2.79458904266357,0.216996535658836,0.171707838773727,0.479703400751888,0.010997532078367733
Philippines,1988,7.3165653860680635,232008.65625,3883.70167390671,12.62,22.341054469420918,,,39.3236456105194,Lower-middle-income countries,2.18622016906738,0.131624862551689,0.189691230654717,0.259074685728373,0.026831165244094457
Philippines,1989,4.720492911472007,249437.0625,4071.4274696622524,23.35,22.35729615618661,22.341054469420918,,41.2829242962139,Lower-middle-income countries,2.20324897766113,0.151528999209404,0.194259986281395,0.26844599027904,0.025227017353644854
Philippines,1990,4.243964966745217,267002.625,4247.936422094742,15.72,14.740342066885999,22.35729615618661,22.341054469420918,42.922356288058,Lower-middle-income countries,2.22041034698486,0.164868250489235,0.186799839138985,0.262652502994987,0.025612211284108177
Philippines,1992,2.1392662681444463,290578.84375,4407.643309082704,12.4,14.665024398752001,14.740342066885999,22.35729615618661,44.9911427301615,Lower-middle-income countries,2.26803517341614,0.154542520642281,0.186926454305649,0.276337167717373,0.023696838470581127
Philippines,1993,2.666126804675528,305693.375,4526.73721155326,12.34,15.513764169758433,14.665024398752001,14.740342066885999,50.4650429209218,Lower-middle-income countries,2.29222917556763,0.165105298161507,0.195154517889023,0.280251124458648,0.0240463425172317
Philippines,1994,8.203042228001145,339141.65625,4913.722690225839,11.56,15.167994500661376,15.513764169758433,14.665024398752001,52.5265038023175,Lower-middle-income countries,2.31668138504028,0.171112790703774,0.197327673435211,0.290095180895864,0.02180490577488392
Philippines,1995,7.884327933070878,375081.59375,5316.818612148406,24.04,14.603376113720575,15.167994500661376,15.513764169758433,57.3305579762779,Lower-middle-income countries,2.3413941860199,0.169078230857849,0.195767089724541,0.286936372915531,0.02188242116180028
Philippines,1996,6.461242949870538,409440.84375,5671.692356288264,20.68,9.065457745072045,14.603376113720575,15.167994500661376,63.8553035508774,Lower-middle-income countries,2.36170101165772,0.186041235923767,0.192474499344826,0.288970644193844,0.023036418016227245
Philippines,1997,-2.0452987577293413,410701.46875,5556.867560849647,7.97,7.556669103464895,9.065457745072045,14.603376113720575,77.2286459172662,Lower-middle-income countries,2.38218402862549,0.201009288430214,0.191131964325905,0.274175830187801,0.023527151593902396
Philippines,1998,-4.356466221014443,403206.875,5319.9818886204785,7.56,6.363201734086069,7.556669103464895,9.065457745072045,80.077201518421,Lower-middle-income countries,2.40284466743469,0.17083965241909,0.184534251689911,0.217007948933155,0.025147832745739507
Philippines,1999,-1.705509293059393,406650.96875,5230.018451188482,7.18,6.0958412040456125,6.363201734086069,7.556669103464895,77.1614937122172,Lower-middle-income countries,2.42368412017822,0.14848718047142,0.172320678830147,0.236523800484219,0.025560572107245605
Philippines,2000,-0.21883540047333838,415531.96875,5218.585833236097,1.34,3.771930550139008,6.0958412040456125,6.363201734086069,85.1533684600039,Lower-middle-income countries,2.44470477104187,0.148163929581642,0.160425171256065,0.220653336235321,0.023792658893974306
Philippines,2001,-3.967551708971939,408276.4375,5015.589364902027,1.14,3.467643227122212,3.771930550139008,6.0958412040456125,84.9003886237531,Lower-middle-income countries,2.46005773544312,0.176053658127785,0.15040647983551,0.210200726263893,0.022060453188526452
Philippines,2002,-2.1277823635275084,407867.90625,4909.995922179723,4.26,2.6206207012326517,3.467643227122212,3.771930550139008,83.8448040937789,Lower-middle-income countries,2.4755072593689,0.18662092089653,0.138527929782867,0.228077404857521,0.020276698559178463
Philippines,2003,0.15913159319751458,416695.53125,4917.815496973481,7.65,2.441164658820818,2.6206207012326517,3.467643227122212,87.5746443636636,Lower-middle-income countries,2.49105358123779,0.177270665764809,0.139108017086983,0.232022053865386,0.01982113550519582
Philippines,2004,0.15170712718610702,425517.28125,4925.281835636211,10.45,3.464219596905645,2.441164658820818,2.6206207012326517,87.1252848232048,Lower-middle-income countries,2.50669765472412,0.178567975759506,0.13387069106102,0.25908940214117,0.019432675671556154
Philippines,2005,0.2103636820303123,434416.3125,4935.653745396772,5.37,3.748970156308414,3.464219596905645,2.441164658820818,83.8456745708051,Lower-middle-income countries,2.52243995666504,0.161193341016769,0.134082272648811,0.28026372118548,0.018594121717699252
Philippines,2006,6.024924882025573,469220.78125,5242.163968319338,4.36,3.699199153074397,3.748970156308414,3.464219596905645,80.8505386728775,Lower-middle-income countries,2.53909778594971,0.139887467026711,0.130515560507774,0.311713360581859,0.016820838082153955
Philippines,2007,6.631084142971666,510163.15625,5601.560533218358,4.43,3.4377214880312597,3.699199153074397,3.748970156308414,73.6449799920629,Lower-middle-income countries,2.55586576461792,0.145104140043259,0.119437791407108,0.341522204638967,0.017346340730036047
Philippines,2008,4.1332298740368145,541171.5,5837.9372527854775,3.16,6.036473842643494,3.4377214880312597,3.699199153074397,67.6810707730401,Lower-middle-income countries,2.56856727600098,0.182887315750122,0.104932263493538,0.347186168365388,0.01767334664334186
Philippines,2009,3.509583844379094,570690.8125,6046.462333493141,3.26,6.112720405461781,6.036473842643494,3.4377214880312597,60.8865907869758,Lower-middle-income countries,2.57997512817383,0.170232430100441,0.105271264910698,0.317117474285851,0.018015506162380568
Philippines,2010,9.186395272176817,638544.3125,6628.226786921449,6.0,6.089024516496106,6.112720405461781,6.036473842643494,66.1042785137797,Lower-middle-income countries,2.59143400192261,0.207468286156654,0.0940714180469513,0.323872365434156,0.020479542520097205
Philippines,2011,3.0465557000479038,671359.0,6833.266879469668,10.9,5.6643496910151905,6.089024516496106,6.112720405461781,60.7958366999075,Lower-middle-income countries,2.60486817359924,0.200916409492493,0.0855041593313217,0.357467861240463,0.01964738524830345
Philippines,2012,6.231125887014954,728536.625,7272.601960846479,10.84,5.6256249258043765,5.6643496910151905,6.089024516496106,57.8420055133082,Lower-middle-income countries,2.61837196350098,0.180288001894951,0.105328440666199,0.390502548061898,0.01942262378516091
Philippines,2013,1.168926294384498,751089.125,7358.112119149731,5.34,5.86883634749336,5.6256249258043765,5.6643496910151905,55.8247812320298,Lower-middle-income countries,2.63194608688355,0.181822195649147,0.104758605360985,0.428592254414767,0.018797157970568357
Philippines,2014,3.3891751003379156,789851.0625,7611.765522473253,4.22,5.84661153998492,5.86883634749336,5.6256249258043765,57.4681720875945,Lower-middle-income countries,2.64559030532837,0.183764487504959,0.102636724710464,0.429304694423181,0.016428328380277968
Philippines,2015,3.4663860138762104,829892.1875,7880.245084101305,4.21,5.8573512701752755,5.84661153998492,5.86883634749336,59.1415921053094,Lower-middle-income countries,2.65930533409119,0.186453685164452,0.105064801871777,0.424353041155713,0.014787538430211633
Philippines,2016,5.251577609734248,886455.25,8305.141505628495,3.06,5.8312795442238965,5.8573512701752755,5.84661153998492,61.7760657653871,Lower-middle-income countries,2.67309141159058,0.214331403374672,0.105476699769497,0.410573083344784,0.013419070954068246
Philippines,2017,2.9368876953652645,924712.1875,8552.671227988041,3.07,5.859310156067004,5.8312795442238965,5.8573512701752755,68.1683697426727,Lower-middle-income countries,2.6869490146637,0.222508057951927,0.107217811048031,0.403384689675141,0.012883018666627777
Philippines,2018,4.224853472988777,976622.0,8921.750691614228,9.13,7.183593032824908,5.859310156067004,5.8312795442238965,72.1633982990273,Lower-middle-income countries,2.70087862014771,0.24537405371666,0.117708101868629,0.387548169827091,0.01236860333190748
Philippines,2019,5.322111182936062,1042609.875,9409.438723812784,13.71,6.493382651171022,7.183593032824908,5.859310156067004,68.8418422595678,Lower-middle-income countries,2.7148802280426,0.24023412168026,0.121786139905453,0.388364356981718,0.012161553464528296
Philippines,2020,-10.186141975614582,952486.625,8498.17883031726,13.79,6.524439973690239,6.493382651171022,7.183593032824908,58.1695603022281,Lower-middle-income countries,2.72895431518555,0.168966382741928,0.150535732507706,0.38893255781402,0.01145514086098487
Philippines,2021,2.558751568474804,986062.9375,8718.43196277308,9.17,6.3126763781183675,6.524439973690239,6.493382651171022,63.4846098136712,Lower-middle-income countries,2.83230948448181,0.209797814488411,0.153310522437096,0.389045530756775,0.009056603109154793
Philippines,2022,4.474567869481305,1039058.875,9117.40368289596,3.78,6.84693509281883,6.3126763781183675,6.524439973690239,72.4296836107599,Lower-middle-income countries,2.93957924842834,0.224861472845078,0.149478316307068,0.403596938437445,0.007604792160153195
Philippines,2023,5.481993315973632,1106537.0,9631.172880352655,4.94,7.970540127379029,6.84693509281883,6.3126763781183675,67.4199693173966,Lower-middle-income countries,2.95599770545959,0.220896318554878,0.141890957951546,0.39786222989746,0.008100009986820034
Poland,1995,8.621865935133322,496894.4375,12951.876722923205,8.71,8.914008050786732,9.578173551167874,9.578173551167874,43.5552180979904,Lower-middle-income countries,2.89895009994507,0.161710813641548,0.259316295385361,0.369171836150157,0.0005306810357192937
Poland,1996,6.492753456548961,530151.0,13820.710567493754,17.49,13.374776121491756,8.914008050786732,9.578173551167874,45.3767344453465,Upper-middle-income countries,2.92251420021057,0.178078010678291,0.250238358974457,0.389921192208565,-0.00014326707716039166
Poland,1997,5.724542995701398,561226.25,14634.9669646459,9.49,13.238885701737745,13.374776121491756,8.914008050786732,50.376378640536,Upper-middle-income countries,2.94626998901367,0.190334156155586,0.242625012993813,0.367483177851698,-0.00028317968289393036
Poland,1998,5.240371136248534,591083.5,15422.344111976807,11.52,12.208826484814391,13.238885701737745,13.374776121491756,56.5460556555084,Upper-middle-income countries,2.97021865844727,0.20036768913269,0.234792083501816,0.387342996639321,-0.0005705398830553321
Poland,1999,4.895944226312388,620115.5625,16196.202747863264,14.12,11.252858188153047,12.208826484814391,13.238885701737745,53.8980187624686,Upper-middle-income countries,2.99436235427856,0.199488610029221,0.227783203125,0.361023845211342,-0.0010108838458071645
Poland,2000,2.3019816097823664,634064.8125,16573.360755695183,7.72,10.151379469050624,11.252858188153047,12.208826484814391,60.6107209423297,Upper-middle-income countries,3.01870203018188,0.196958720684052,0.23258464038372,0.351214224776283,-0.0007744907670339529
Poland,2001,2.3088862312141245,648693.25,16960.472588994842,10.57,9.218904330934485,10.151379469050624,11.252858188153047,57.8785312712895,Upper-middle-income countries,3.03832674026489,0.169428423047066,0.245529755949974,0.37480588339084,-0.00028008470379514705
Poland,2002,2.79896580543042,666793.375,17441.89643219168,12.08,9.484493937415207,9.218904330934485,10.151379469050624,60.7967990573911,Upper-middle-income countries,3.05807900428772,0.152072697877884,0.25012531876564,0.379810182857802,-0.0004693974785561217
Poland,2003,-0.442469488894659,663400.0625,17364.891848720552,9.83,9.08206023478395,9.484493937415207,9.218904330934485,69.2134479841788,Upper-middle-income countries,3.07795977592468,0.157806575298309,0.247446119785309,0.40926443843082,-0.0006772997008535064
Poland,2004,5.531991153857874,700473.5625,18352.58377189935,4.63,2.6374534677271404,9.08206023478395,9.484493937415207,70.9815765694162,Upper-middle-income countries,3.09796977043152,0.181593596935272,0.234072744846344,0.43417919035368,-0.0009415080976649115
Poland,2005,1.523563558256491,710422.5625,18634.337952101465,1.83,2.5968298490408395,2.6374534677271404,9.08206023478395,70.3114790902584,Upper-middle-income countries,3.11810970306397,0.189033761620522,0.23030212521553,0.472965631235874,-0.0011323082985490451
Poland,2006,5.828481346909342,752008.8125,19752.71240043679,3.21,2.6823738336956895,2.5968298490408395,2.6374534677271404,77.7008035402352,Upper-middle-income countries,3.14025592803955,0.198590934276581,0.238510653376579,0.529996511431799,-0.0013967222874322616
Poland,2007,9.706738340887355,827560.0,21766.1976967588,5.5,2.7200189182188823,2.6823738336956895,2.5968298490408395,80.745399056691,Upper-middle-income countries,3.16255927085876,0.213416337966919,0.241847157478333,0.646638727656987,-0.0013338138645062614
Poland,2008,4.106892763626746,861698.5,22678.72203691861,1.94,2.64095746062829,2.7200189182188823,2.6823738336956895,80.5746815569207,Upper-middle-income countries,3.18502116203308,0.21291971206665,0.246152639389038,0.758650380228885,-0.0006450983126429222
Poland,2009,6.558012805258251,920254.375,24215.847101302545,0.95,2.7470156957277405,2.64095746062829,2.7200189182188823,74.9685965264269,High-income countries,3.20764255523682,0.174793466925621,0.241144582629204,0.59450128178821,0.0001645568389760932
Poland,2010,5.974624161351549,979307.5625,25706.747327252608,0.81,2.622203629997978,2.7470156957277405,2.64095746062829,82.2258523219922,High-income countries,3.23042464256287,0.180189415812492,0.24026820063591,0.58540019805505,0.0024493850453919386
Poland,2011,8.610252654295003,1070539.25,28018.248384272636,2.99,2.494964418371933,2.622203629997978,2.7470156957277405,86.9236892837618,High-income countries,3.27970886230469,0.183744445443153,0.227389350533485,0.619367219086164,0.0029694928747678873
Poland,2012,2.2349735405812865,1095858.75,28651.498954137787,5.57,2.234481236712194,2.494964418371933,2.622203629997978,88.8299033066583,High-income countries,3.32764506340027,0.177909418940544,0.216174677014351,0.554103995727604,0.0010260735921212571
Poland,2013,-0.7012932765375623,1088524.625,28451.27083214517,1.49,2.3631909542290734,2.234481236712194,2.494964418371933,90.4175072415629,High-income countries,3.32764506340027,0.165904209017754,0.218988507986069,0.576257777252548,0.0002978545943168598
Poland,2014,1.4880391093443635,1105012.375,28877.80247767725,3.13,2.542170158215847,2.3631909542290734,2.234481236712194,92.0340197113178,High-income countries,3.34026527404785,0.185297057032585,0.221826240420342,0.577335881092316,0.00015291859649702033
Poland,2015,7.158837247252414,1187056.0,31020.91306729987,6.12,2.856780384940565,2.542170158215847,2.3631909542290734,92.2554272741942,High-income countries,3.3571662902832,0.186469152569771,0.221491798758507,0.474206369793334,3.138579919825801e-05
Poland,2016,2.6255579144249808,1218538.5,31846.171517250295,1.45,3.1159555812520994,2.856780384940565,2.542170158215847,96.8659028060623,High-income countries,3.37415289878845,0.179556772112846,0.220025554299355,0.456611288822528,-7.968160916238531e-05
Poland,2017,3.591865819016249,1262828.125,33010.83462146699,0.5,3.1100968830829303,3.1159555812520994,2.856780384940565,100.56589524628,High-income countries,3.38267827033997,0.187084823846817,0.22060526907444,0.465199514437399,-0.00021709860993679442
Poland,2018,3.5640288392809083,1308172.25,34208.567275743924,0.42,3.032329020726576,3.1100968830829303,3.1159555812520994,102.442462168005,High-income countries,3.39122533798218,0.204162001609802,0.214207217097282,0.495336570541043,-0.00036310381473603215
Poland,2019,9.062435383749623,1431693.625,37453.5115406746,3.12,3.050692226610738,3.032329020726576,3.1100968830829303,101.581033817373,High-income countries,3.39979410171509,0.197273075580597,0.215448722243309,0.460755522682208,-0.0003971911788838156
Poland,2020,-0.27037670743048636,1425778.25,37352.382745314695,6.38,3.27536831258024,3.050692226610738,3.032329020726576,99.2590912303436,High-income countries,3.40838432312012,0.178765863180161,0.226534396409988,0.46999197534445,-0.0014365245603191745
Poland,2021,5.899032229686618,1507236.625,39622.099346109295,1.24,3.175549150723164,3.27536831258024,3.050692226610738,110.874283021945,High-income countries,3.4350049495697,0.212000355124474,0.223859623074532,0.486311799101713,-0.0034302027167329996
Poland,2022,2.115897676821632,1553447.625,40469.394766634556,3.34,3.151166507236327,3.175549150723164,3.27536831258024,123.021332860345,High-income countries,3.46208596229553,0.221114084124565,0.214521318674088,0.453839762753839,0.009039833749397097
Poland,2023,0.2704244840082026,1572956.75,40578.98202722174,6.3,3.1162622446392545,3.151166507236327,3.175549150723164,110.024935041815,High-income countries,3.48963713645935,0.182236924767494,0.22393237054348,0.513043655690743,0.00977614853714348
Portugal,2000,2.9018510867565794,277198.4375,26956.426956034327,0.94,3.212727085675299,,,67.4529979863247,High-income countries,2.24437212944031,0.304267197847366,0.162802785634995,0.421055042828451,0.006667284916455518
Portugal,2001,1.384116267901625,283005.75,27332.12932759982,1.31,3.1250533157605243,3.212727085675299,,65.0919551771122,High-income countries,2.24157786369324,0.297283321619034,0.173310920596123,0.426841635222238,0.006892422203540249
Portugal,2002,1.0031459047919355,287480.09375,27607.690292099025,1.41,3.600933065971943,3.1250533157605243,3.212727085675299,62.3082594169772,High-income countries,2.23878693580627,0.281519860029221,0.180693879723549,0.453209399917429,0.005654944203880241
Portugal,2003,-0.70332866923426,286594.75,27414.198729798278,1.18,3.0647825812091978,3.600933065971943,3.1250533157605243,61.1389474883653,High-income countries,2.235999584198,0.265076011419296,0.176366880536079,0.533893973071321,0.003948864995265033
Portugal,2004,1.378224717890042,291326.25,27794.64366384544,0.95,2.4495715106630565,3.0647825812091978,3.600933065971943,63.2045936670279,High-income countries,2.23321557044983,0.293713003396988,0.182485580444336,0.575611080791862,0.002592328999050597
Portugal,2005,3.8993752324842035,303535.15625,28899.869527679442,0.87,2.240416638817747,2.4495715106630565,3.0647825812091978,62.944504560452,High-income countries,2.23043513298035,0.287223994731903,0.184220850467682,0.556322768039908,0.0020599143546036203
Portugal,2006,4.396585117564555,317816.03125,30198.822443111632,0.75,2.109087492984912,2.240416638817747,2.4495715106630565,68.5470531182009,High-income countries,2.25600552558899,0.280323296785355,0.186047494411469,0.565832921837725,0.0020094062464677265
Portugal,2007,5.213973233156288,335548.84375,31815.152308870205,0.71,2.1045488042518126,2.109087492984912,2.240416638817747,69.9461175817991,High-income countries,2.28186869621277,0.293081313371658,0.186864599585533,0.599113023772695,0.002155101139289961
Portugal,2008,1.011847193155191,339515.90625,32138.707214569826,0.55,1.8696356502446811,2.1045488042518126,2.109087492984912,72.0757429221604,High-income countries,2.30802869796753,0.310193926095963,0.201200515031815,0.6444286336947,0.0016347951947803807
Portugal,2009,1.0599505986123248,343529.5625,32481.17341402217,0.77,2.199996039280681,1.8696356502446811,2.1045488042518126,61.4926935267759,High-income countries,2.33448839187622,0.284492671489716,0.213195934891701,0.564140440969763,0.0011528666746358773
Portugal,2010,1.9999842681178492,350548.5625,33137.331429500526,0.63,2.152445251215983,2.199996039280681,1.8696356502446811,67.6892401927983,High-income countries,2.36125135421753,0.291430950164795,0.204059019684792,0.53371867785752,0.00022623571428148637
Portugal,2011,-1.0585419597497037,346148.9375,32788.40887588694,0.49,1.9436034642015503,2.152445251215983,2.199996039280681,73.0075756700531,High-income countries,2.37762331962585,0.241171732544899,0.200862571597099,0.588276478146131,-0.0020446917073968507
Portugal,2012,-1.7405230596322596,338761.625,32222.656863071486,0.12,1.4205846869368324,1.9436034642015503,2.152445251215983,75.9411067187813,High-income countries,2.39410853385925,0.211786195635796,0.19496200978756,0.503092912265808,-0.004167218096192915
Portugal,2013,-1.8815390873616167,330712.75,31622.043089611714,0.11,1.4491456341116142,1.4205846869368324,1.9436034642015503,78.0305056874282,High-income countries,2.41070818901062,0.205343037843704,0.195073544979095,0.527850262168436,-0.0052311242489127
Portugal,2014,0.43191371669859535,330489.625,31758.918410074606,0.13,1.7389936154027577,1.4491456341116142,1.4205846869368324,80.220669072079,High-income countries,2.42742276191711,0.216606169939041,0.198746338486671,0.530383625415368,-0.004994044024268174
Portugal,2015,4.042995124462756,342936.84375,33069.23956249149,0.23,2.0259621481600916,1.7389936154027577,1.4491456341116142,80.6346756266443,High-income countries,2.44425344467163,0.214343041181564,0.194942235946655,0.462396600873913,-0.003458917009708795
Portugal,2016,3.4504211862209644,354158.1875,34230.18112049325,0.29,2.2524725894175415,2.0259621481600916,1.7389936154027577,79.5223464844001,High-income countries,2.46120071411133,0.220830217003822,0.189865753054619,0.45218404960541,-0.002306842398178688
Portugal,2017,2.3592210924839208,362068.6875,35047.348261187566,0.25,1.9978979029403434,2.2524725894175415,2.0259621481600916,84.8077923069539,High-income countries,2.47826552391052,0.240646824240685,0.188167452812195,0.473667424490475,-0.001501943290532548
Portugal,2018,2.1202675220809653,369630.90625,35798.379605036265,0.23,1.9743640226765669,1.9978979029403434,2.2524725894175415,86.7356954918399,High-income countries,2.49544858932495,0.250626504421234,0.187750861048698,0.525633064828389,-0.0005316564447310768
Portugal,2019,6.318774095161395,394421.8125,38133.393607963015,0.33,2.123521018047664,1.9743640226765669,1.9978979029403434,86.7709889083586,High-income countries,2.51275086402893,0.247574508190155,0.181570708751678,0.499099426319664,0.001728228697174039
Portugal,2020,-8.234363311453308,364203.875,35119.15604223858,0.68,2.383411395765168,2.123521018047664,1.9743640226765669,76.5086407209215,High-income countries,2.5301730632782,0.260102093219757,0.2063177973032,0.50803863259138,0.002636513383243333
Portugal,2021,3.258269671040992,377007.5625,36282.27879128735,0.44,2.155568836902193,2.383411395765168,2.123521018047664,85.8735452148975,High-income countries,2.56238317489624,0.269987612962723,0.207686513662338,0.57142008620004,0.0019687432228265855
Portugal,2022,4.668673955769442,396019.03125,38016.344058450966,0.32,1.9513962737800445,2.155568836902193,2.383411395765168,101.364147310434,High-income countries,2.58546710014343,0.271046549081802,0.198868185281754,0.549549280797974,0.0025102823256086815
Portugal,2023,4.886908614065,416398.3125,39920.31172674455,0.44,2.209715984706999,1.9513962737800445,2.155568836902193,93.8637906963574,High-income countries,2.60914421081543,0.261931091547012,0.192843288183212,0.594886614723845,0.0013109291864723538
Qatar,2002,-0.6696020828341531,39522.74609375,55571.52451648962,4.76,4.284591259169,,,88.4697236252199,High-income countries,2.24421715736389,0.281482726335526,0.161666929721832,0.471087564031189,0.04792405219360113
Qatar,2003,37.53270224751315,60231.76953125,80882.53715176412,3.06,4.822660973423704,4.284591259169,,90.1649486943021,High-income countries,2.27525568008423,0.384768515825272,0.129961833357811,0.315486994351951,0.04599656707125932
Qatar,2004,19.5134238376939,76026.7578125,98310.63218966757,4.99,4.96274241111929,4.822660973423704,4.284591259169,90.3724288385622,High-income countries,2.30672359466553,0.353394865989685,0.114015147089958,0.332031281065424,0.03775117023538388
Qatar,2005,22.897266397723826,102025.96875,123606.71177163294,4.96,5.021787812972733,4.96274241111929,4.822660973423704,94.7455441696331,High-income countries,2.33862662315369,0.35514971613884,0.148572415113449,0.371990362773065,0.06516935768909746
Qatar,2006,15.424264336452431,140302.75,144221.09287224605,4.01,5.037908903650488,5.021787812972733,4.96274241111929,98.570919313572,High-income countries,2.40313744544983,0.476716309785843,0.142922729253769,0.360341627629573,0.16433256793855733
Qatar,2007,-2.188763605639288,170531.21875,141098.72930965293,5.07,4.4347681407689405,5.037908903650488,5.021787812972733,96.1141057101106,High-income countries,2.46942758560181,0.520252645015717,0.112660720944405,0.391235436612209,0.21700342942037992
Qatar,2008,8.419955857858064,219025.96875,153493.6828019157,4.66,4.43856082206313,4.4347681407689405,5.037908903650488,89.4328416546905,High-income countries,2.53754639625549,0.439818501472473,0.0829376876354218,0.441051901334031,0.1660723618395186
Qatar,2009,-21.326104896594167,196693.171875,124014.48370164876,4.14,4.493553072257422,4.43856082206313,4.4347681407689405,80.1441629727012,High-income countries,2.5919075012207,0.469489008188248,0.117403492331505,0.411663512404129,0.10571575880868012
Qatar,2010,19.47998150257426,257556.875,150685.99643464977,5.12,4.430203286493361,4.493553072257422,4.43856082206313,86.070289953093,High-income countries,2.63983011245728,0.364158719778061,0.103607304394245,0.405336617844297,0.07479574307897618
Qatar,2011,31.582116835748586,374230.125,206648.51321129792,3.35,4.430203286493361,4.430203286493361,4.493553072257422,98.7216386905895,High-income countries,2.65763425827026,0.36965611577034,0.0878771767020226,0.358126261967058,0.05780917781846795
Qatar,2012,1.1533819312585791,398674.71875,209045.75794248597,3.64,4.234683957337375,4.430203286493361,4.430203286493361,105.746294425841,High-income countries,2.7429358959198,0.348614275455475,0.107082366943359,0.371122147929297,0.05174110818223043
Qatar,2013,-3.6374599284842546,409736.59375,201578.4360100972,4.66,4.234683957337374,4.234683957337375,4.430203286493361,102.383208106327,High-income countries,2.8712203502655,0.367634981870651,0.128033399581909,0.384007416582723,0.06374325508078194
Qatar,2014,-19.49422541601251,367973.125,165875.30179789502,3.67,4.233960574056851,4.234683957337374,4.234683957337375,99.0343747414317,High-income countries,2.85582208633423,0.372871965169907,0.120629511773586,0.466360389943837,0.08743766080305526
Qatar,2015,-31.870533956713665,292751.25,120606.2337604554,4.55,4.31660211783836,4.233960574056851,4.234683957337374,93.7076041736357,High-income countries,2.85102701187134,0.449321866035461,0.145264208316803,0.439567677724486,0.09001870627985809
Qatar,2016,-9.120487285312784,286172.84375,110093.07007615686,4.74,4.31660211783836,4.31660211783836,4.233960574056851,89.5476001199351,High-income countries,2.84624004364014,0.590903341770172,0.130234941840172,0.428923004035894,0.06847757758049078
Qatar,2017,3.780064264384464,309469.71875,114334.31475271261,3.99,4.249951891040138,4.31660211783836,4.31660211783836,91.4945879195194,High-income countries,2.85774207115173,0.505743741989136,0.142211526632309,0.432668001809561,0.04046362838647022
Qatar,2018,-1.70005333726575,310371.6875,112406.99953135333,4.49,3.5785158647527098,4.249951891040138,4.31660211783836,91.838448978201,High-income countries,2.89797782897949,0.445955812931061,0.128568977117538,0.519958608764276,0.01991085648932356
Qatar,2019,1.1836940135800944,318250.8125,113745.46046868371,2.91,3.5413252161616713,3.5785158647527098,4.249951891040138,90.0463755485388,High-income countries,2.9387800693512,0.480887919664383,0.145279198884964,0.475370363903478,0.013232279124929525
Qatar,2020,-20.458134073618872,259876.328125,92701.23623311188,3.45,3.9279929952954418,3.5413252161616713,3.5785158647527098,90.0190948833102,High-income countries,2.98015689849854,0.43880233168602,0.187501937150955,0.492101194549567,0.0019474070728071613
Qatar,2021,16.97356350896051,309226.28125,109850.18065834879,4.24,3.982235985486663,3.9279929952954418,3.5413252161616713,92.7791585715125,High-income countries,3.02211618423462,0.397696435451508,0.1639154702425,0.507694932624597,0.004131818790730435
Qatar,2022,23.413872083548704,401561.9375,138830.83315038608,3.02,4.292530497314975,3.982235985486663,3.9279929952954418,100.213647199618,High-income countries,3.0646665096283,0.41269314289093,0.145084992051125,0.477058764304571,0.027149755233397688
Romania,1991,-7.158234077880721,186118.59375,8110.656907164219,14.86,11.335038666951494,,,39.1351694722991,Lower-middle-income countries,2.77137565612793,0.168450757861137,0.251201301813126,0.265225391327168,0.00034358358008468315
Romania,1999,0.6973163479150557,195438.109375,8816.958742152847,8.78,14.200130992270344,11.335038666951494,,57.9736750449875,Lower-middle-income countries,2.92126202583313,0.125204518437386,0.263622760772705,0.234876945419777,-0.005342562589340627
Romania,2001,8.909178202245904,215638.1875,9837.545803663399,10.95,14.358550758826672,14.200130992270344,11.335038666951494,51.9285910211481,Lower-middle-income countries,2.95060968399048,0.15311287343502,0.254750639200211,0.275208511013024,-0.005747388136250198
Romania,2004,12.553148582159146,250416.84375,11699.962849042739,16.34,14.29477821092146,14.358550758826672,14.200130992270344,60.6264786669408,Lower-middle-income countries,2.990394115448,0.177801221609116,0.223406687378883,0.401122697689483,-0.008848790129985407
Romania,2005,3.66059722921257,257449.640625,12136.186856385224,5.03,13.134619452904625,14.29477821092146,14.358550758826672,59.3605494490555,Upper-middle-income countries,3.00377440452576,0.192778557538986,0.232442229986191,0.441881652937132,-0.0089087460388666
Romania,2007,17.360350386381995,347957.59375,16672.048709301587,4.56,2.528990102798659,13.134619452904625,14.29477821092146,63.5051566734658,Upper-middle-income countries,3.04176926612854,0.293611347675324,0.229966923594475,0.539818337783801,-0.007875487462083441
Romania,2008,15.902781499652185,404964.78125,19545.819010150328,2.03,2.0876539888980066,2.528990102798659,13.134619452904625,65.1752009979412,Upper-middle-income countries,3.06094622612,0.321297377347946,0.236204758286476,0.55898141134563,-0.007308326856826586
Romania,2009,0.784530129072003,405360.625,19699.76493574575,1.44,2.0001563760025274,2.0876539888980066,2.528990102798659,58.4700583666529,Upper-middle-income countries,3.08024454116821,0.261529117822647,0.252243369817734,0.458465563181978,-0.0068683017336690355
Romania,2010,1.94910605390195,410439.34375,20087.500661933245,3.38,1.947674427701015,2.0001563760025274,2.0876539888980066,69.9549354932718,Upper-middle-income countries,3.09966444969177,0.26174595952034,0.249099239706993,0.44200494520879,-0.0070400074459775475
Romania,2011,7.822823526468703,440566.03125,21722.009284483673,0.36,1.906568909590467,1.947674427701015,2.0001563760025274,76.271356441629,Upper-middle-income countries,3.1184663772583,0.266933470964432,0.218612119555473,0.469041414311347,-0.007396056540251994
Romania,2012,4.680837031068563,458865.90625,22762.953536809273,1.99,1.8979078859387783,1.906568909590467,1.947674427701015,76.5943239913672,Upper-middle-income countries,3.1373827457428,0.258050411939621,0.212887033820152,0.414281945406648,-0.006110681001774143
Romania,2013,-2.630587331224099,444834.3125,22171.961525442883,2.74,2.036147840902035,1.8979078859387783,1.906568909590467,81.3976131747183,Upper-middle-income countries,3.15641355514526,0.256097465753555,0.213244631886482,0.441288557091996,-0.004750269446967881
Romania,2014,3.3922747336392334,458009.96875,22936.99808254876,0.26,2.059449278878696,2.036147840902035,1.8979078859387783,83.3751429575201,Upper-middle-income countries,3.17555975914001,0.252078950405121,0.212207958102226,0.456363887009816,-0.004733679002381752
Romania,2015,6.39449461226409,485878.46875,24451.613113046693,4.26,2.4693051980684912,2.059449278878696,2.036147840902035,83.5205767017155,Upper-middle-income countries,3.19482231140137,0.248919919133186,0.206877201795578,0.389526292699094,-0.0048773675008577655
Romania,2016,4.847969206261915,507602.21875,25666.223884946245,2.94,2.701392916849353,2.4693051980684912,2.059449278878696,85.8925282906884,Upper-middle-income countries,3.21420168876648,0.225392580032349,0.215381816029549,0.39789484335558,-0.004740113500841137
Romania,2017,9.38381046607013,555070.125,28191.3159775658,2.06,2.5938418152636706,2.701392916849353,2.4693051980684912,87.1560645667801,Upper-middle-income countries,3.23369860649109,0.242128401994705,0.209837943315506,0.386789502124233,-0.004441754435143608
Romania,2018,4.982265216316151,580713.5625,29631.460114649184,4.38,2.5565108748677092,2.5938418152636706,2.701392916849353,86.4911990211536,Upper-middle-income countries,3.25331354141235,0.237866401672363,0.213557243347168,0.419464504020441,-0.004659481740920235
Romania,2019,10.271712750992101,640370.75,32836.92899771721,0.43,2.603768632295198,2.5565108748677092,2.5938418152636706,84.3677121619338,High-income countries,3.27304792404175,0.244099304080009,0.217238783836365,0.406046735919459,-0.00492744954723312
Romania,2020,-1.7157082009431335,625956.875,32278.348620797075,1.77,2.735123104208962,2.603768632295198,2.5565108748677092,77.923643460062,Upper-middle-income countries,3.29290151596069,0.241062507033348,0.234566748142242,0.420695523173036,-0.005608744540893884
Romania,2021,4.469995303111851,649700.9375,33753.922647467465,2.9,2.538911513694887,2.735123104208962,2.603768632295198,86.6133494279219,High-income countries,3.30904531478882,0.261768221855164,0.230098456144333,0.461455447267397,-0.007469271122725107
Romania,2022,3.103198702417842,667344.75,34817.7956100276,0.34,2.40366653511264,2.538911513694887,2.735123104208962,93.6215624887545,High-income countries,3.32991766929626,0.274377107620239,0.22053824365139,0.454507378700941,-0.004237368930475771
Romania,2023,4.493603357406961,696257.8125,36418.05462139535,4.28,2.461103058100019,2.40366653511264,2.538911513694887,83.0900673956751,High-income countries,3.35357666015625,0.253208518028259,0.226669058203697,0.540975317862856,-0.002522800522503754
Rwanda,1993,-13.041266109629657,7410.7998046875,928.5399370274167,23.42,25.306063314123744,,,25.6790070069858,Low-income countries,1.2871185541153,0.0560128092765808,0.345241278409958,0.581376373878602,0.03803553885922728
Rwanda,2000,9.413094540591072,8215.9638671875,1000.2474901709668,5.5,9.027063273753168,25.306063314123744,,27.4848638250445,Low-income countries,1.35615086555481,0.0839795917272568,0.195480719208717,0.377170457679606,0.008069917097030643
Rwanda,2001,6.073131439763024,8808.15625,1062.876353278966,9.5,8.975464729591588,9.027063273753168,25.306063314123744,29.1989094376925,Low-income countries,1.37562823295593,0.0818466618657112,0.193845868110657,0.348152842202196,0.008867749663127977
Rwanda,2002,10.763520818408967,9942.9833984375,1183.6631356039393,13.65,20.12222781852754,8.975464729591588,9.027063273753168,27.6094381162173,Low-income countries,1.39538538455963,0.081300176680088,0.187730357050896,0.297285871007255,0.013553769321079656
Rwanda,2003,-1.3048820120773463,10032.201171875,1168.3180635417425,6.42,10.244670667309585,20.12222781852754,8.975464729591588,29.3106242354101,Low-income countries,1.41542613506317,0.0929439663887024,0.210939884185791,0.291023583605755,0.021981740504967373
Rwanda,2004,6.112529416023094,10950.1640625,1241.959601701017,18.92,18.620878578660722,10.244670667309585,20.12222781852754,33.4616731030871,Low-income countries,1.43575489521027,0.101309590041637,0.211797073483467,0.296985830811777,0.02642910815940125
Rwanda,2005,6.581657767154603,12010.388671875,1326.4511051128231,14.54,19.11958906306198,18.620878578660722,10.244670667309585,34.2165383418652,Low-income countries,1.45637559890747,0.115712903439999,0.217796355485916,0.306865061294374,0.026600981224004006
Rwanda,2006,6.568296088506287,13172.39453125,1416.5013519644497,22.31,18.06214627488105,19.11958906306198,18.620878578660722,33.2214370724059,Low-income countries,1.48311388492584,0.128354147076607,0.162104442715645,0.276556801718206,0.0266683575241351
Rwanda,2007,3.6798834186141605,14034.5615234375,1469.5979043452453,13.43,17.49464313041165,18.06214627488105,19.11958906306198,35.9709731972278,Low-income countries,1.51034319400787,0.150415435433388,0.126290068030357,0.307811133596811,0.02660081715760665
Rwanda,2008,1.4844661592652741,14623.8154296875,1491.5763153466619,8.1,17.437452821978226,17.49464313041165,18.06214627488105,37.6045108548055,Low-income countries,1.5380722284317,0.188594043254852,0.104565024375916,0.379943187968432,0.026283764308732582
Rwanda,2009,5.62286802363916,15873.8369140625,1577.8484377273758,15.77,13.867305501702537,17.437452821978226,17.49464313041165,36.8056280084816,Low-income countries,1.56631052494049,0.174197807908058,0.0951057970523834,0.41269745089392,0.025792203025566618
Rwanda,2010,4.5724876110111445,17041.1953125,1651.6702470537346,20.09,16.29625515841499,13.867305501702537,17.437452821978226,37.2788790923351,Low-income countries,1.59506714344025,0.16379015147686,0.0857397317886353,0.419849748366687,0.025236513439204078
Rwanda,2011,8.237167717289484,18963.794921875,1793.4815378707783,8.32,13.76344406042414,16.29625515841499,13.867305501702537,39.71610247751,Low-income countries,1.61204195022583,0.159270212054253,0.0732823759317398,0.449860837368672,0.024526287345015607
Rwanda,2012,2.9388012595059188,20002.5078125,1846.9705136270406,3.55,14.006500674954511,13.76344406042414,16.29625515841499,40.5408629987193,Low-income countries,1.62919723987579,0.173006623983383,0.0825388506054878,0.494293764318645,0.023938012817138254
Rwanda,2013,-1.3649482369082477,20211.306640625,1821.931595049372,3.12,13.687490806715301,14.006500674954511,13.76344406042414,42.6934924295362,Low-income countries,1.66007041931152,0.16948290169239,0.0887309908866882,0.531913537828839,0.02403400854937665
Rwanda,2014,6.082528087413319,22004.337890625,1936.1907949835618,14.73,11.921362830703789,13.687490806715301,14.006500674954511,43.902733691075,Low-income countries,1.69152843952179,0.158816859126091,0.104897171258926,0.523401456217396,0.024172147395436383
Rwanda,2015,5.119718033545517,23721.197265625,2037.8996934563354,15.62,12.412590998280058,11.921362830703789,13.687490806715301,45.2019756159103,Low-income countries,1.69924378395081,0.155626639723778,0.10763593763113,0.528359840338301,0.023932256694177312
Rwanda,2016,1.4593407430987249,24647.173828125,2067.8576566971915,20.46,13.085729265115793,12.412590998280058,11.921362830703789,49.4849071069892,Low-income countries,1.71472871303558,0.162298932671547,0.125106483697891,0.52977905013607,0.02369978668388617
Rwanda,2017,2.6018948043197376,25897.251953125,2122.367203007115,18.07,14.405019765328882,13.085729265115793,12.412590998280058,53.6752674177253,Low-income countries,1.7278778553009,0.153230175375938,0.133778005838394,0.527824217836415,0.023455670924499294
Rwanda,2018,7.255069805688397,28498.4765625,2282.0696421187195,19.33,12.71144944185731,14.405019765328882,13.085729265115793,55.7841263739603,Low-income countries,1.74112772941589,0.142036408185959,0.128380700945854,0.497750666468272,0.023163072961329245
Rwanda,2019,6.247599289787953,31035.609375,2429.1921703355083,21.26,15.847901315818005,12.71144944185731,14.405019765328882,57.9756628637954,Low-income countries,1.78833651542664,0.169205084443092,0.139636784791946,0.499194350054617,0.022808609965862647
Rwanda,2020,-4.1763564666899455,30441.17578125,2329.8297522960065,3.25,14.986270637805674,15.847901315818005,12.71144944185731,55.1879515519855,Low-income countries,1.83682525157928,0.147927463054657,0.139333963394165,0.496118544360682,0.02242448834301447
Rwanda,2021,9.802435611687166,34320.0546875,2569.778101474625,3.19,14.320615954621335,14.986270637805674,15.847901315818005,54.2938318463367,Low-income countries,1.83697664737701,0.179229214787483,0.149892240762711,0.44788395028488,0.02190935352186507
Rwanda,2022,5.439119362564959,37041.01171875,2713.4224830470666,20.18,16.797019235133394,14.320615954621335,14.986270637805674,61.1450795033651,Low-income countries,1.83712816238403,0.154748633503914,0.152391597628593,0.548040354836358,0.021904661923297652
Rwanda,2023,5.277162914442091,39916.203125,2860.4597856127975,19.78,17.42252700026595,16.797019235133394,14.320615954621335,64.9069041420041,Low-income countries,1.87628734111786,0.148193955421448,0.141832709312439,0.50697145387364,0.021984982050136992
Saudi Arabia,1994,-5.84510430929388,390151.59375,30600.02899990902,11.36,10.705072291108761,,,60.0713114592181,Upper-middle-income countries,2.08146190643311,0.291112542152405,0.200436189770699,0.242353633687781,0.04279913766201027
Saudi Arabia,1999,8.245887599681012,423449.90625,27368.65651504404,12.13,11.094415558036472,10.705072291108761,,57.8460488194196,Upper-middle-income countries,2.20474410057068,0.290515869855881,0.202005714178085,0.272484882207099,0.036187754391206806
Saudi Arabia,2000,12.308821832653116,500757.40625,30953.51782222491,11.72,11.510956065766665,11.094415558036472,10.705072291108761,68.1664488005167,Upper-middle-income countries,2.23100328445435,0.263728678226471,0.212339580059052,0.269123194248979,0.044598324452644
Saudi Arabia,2001,-9.916591697951382,477692.03125,28031.27180535727,11.81,10.547087516518781,11.510956065766665,11.094415558036472,63.5605836794513,Upper-middle-income countries,2.25860095024109,0.263136029243469,0.230212658643723,0.280194743110493,0.05201039099055116
Saudi Arabia,2002,4.885846857187204,527204.875,29434.845856519853,6.11,5.799141583651045,10.547087516518781,11.510956065766665,64.5927974099254,Upper-middle-income countries,2.28654050827026,0.291893094778061,0.207048878073692,0.232596147695728,0.04976452277665411
Saudi Arabia,2003,3.602868100213996,573272.1875,30514.68022677877,8.78,7.2511511210823105,5.799141583651045,10.547087516518781,69.831170708742,Upper-middle-income countries,2.31482529640198,0.266329020261765,0.206281751394272,0.264897949481149,0.047742714629818384
Saudi Arabia,2004,12.834211171769638,682401.5,34693.418433024155,6.71,6.992769507546488,7.2511511210823105,5.799141583651045,75.0828366569341,High-income countries,2.34346032142639,0.263489961624146,0.191193163394928,0.274449051225682,0.045915456839022095
Saudi Arabia,2005,14.816635272242884,827209.875,40234.158597152025,2.06,4.360468252931941,6.992769507546488,7.2511511210823105,81.9540759410158,High-income countries,2.37244915962219,0.251574248075485,0.182481557130814,0.306513158094973,0.04427389452382924
Saudi Arabia,2006,12.686577689863832,980176.8125,45676.41712549205,4.74,4.423556000880928,4.360468252931941,6.992769507546488,89.9446046768984,High-income countries,2.3984100818634,0.278780281543732,0.187012165784836,0.304386125836466,0.04280875786487259
Saudi Arabia,2007,7.737919402613791,1103902.25,49351.16251279209,4.43,4.068719947074176,4.423556000880928,4.360468252931941,94.8633170967657,High-income countries,2.4246551990509,0.311988115310669,0.189622536301613,0.327751075727768,0.04149451091510148
Saudi Arabia,2008,21.294927323179458,1422034.0,61063.27339327668,3.32,3.559243385575402,4.068719947074176,4.423556000880928,96.1026308742185,High-income countries,2.45118737220764,0.32471427321434,0.173084944486618,0.326220441588281,0.040287565581159424
Saudi Arabia,2009,-17.939606889457238,1235951.5,51035.14568339279,3.31,3.4368846459820004,3.559243385575402,4.068719947074176,84.8583415624843,High-income countries,2.4780101776123,0.344399124383926,0.210504949092865,0.321508583437619,0.039148946596836876
Saudi Arabia,2010,19.201632363679266,1555686.375,61838.790779297226,4.28,4.446188589509184,3.4368846459820004,3.559243385575402,82.5496850227537,High-income countries,2.50512599945068,0.325691103935242,0.199432820081711,0.340103127051865,0.0380594045370648
Saudi Arabia,2011,27.139660146113798,2117685.5,81119.83059602627,4.85,4.166850060355454,4.446188589509184,3.4368846459820004,84.3594342438995,High-income countries,2.55803108215332,0.287628561258316,0.199470847845078,0.33613082413078,0.03701029859450733
Saudi Arabia,2012,-1.4270719756373396,2164194.75,79970.41324022373,4.45,4.047944157314894,4.166850060355454,4.446188589509184,81.74067854616,High-income countries,2.5949239730835,0.277208238840103,0.222109451889992,0.359555235379988,0.035995325057282646
Saudi Arabia,2013,-6.574281396732395,2098705.5,74882.02819976934,3.15,4.047944157314894,4.047944157314894,4.166850060355454,80.2515014286783,High-income countries,2.63169384002686,0.280586093664169,0.250787734985352,0.370544177537966,0.03501518774124479
Saudi Arabia,2014,-3.4503360252688964,2097794.5,72342.41120668202,3.62,3.9413682967297343,4.047944157314894,4.047944157314894,78.000111117736,High-income countries,2.65358662605286,0.286391347646713,0.25421553850174,0.38764327237896,0.03406918891261457
Saudi Arabia,2015,-16.55168137570797,1837673.0,61306.982519863755,4.97,4.536310099243373,3.9413682967297343,4.047944157314894,67.1052692300592,High-income countries,2.67566132545471,0.341596007347107,0.270806849002838,0.363536651311649,0.033130356342329303
Saudi Arabia,2016,-8.799145786255735,1724590.375,56143.01564095979,4.3,4.638664946434664,4.536310099243373,3.9413682967297343,57.9216635110364,High-income countries,2.69792008399963,0.329229563474655,0.231549009680748,0.361441339723252,0.024480919045861693
Saudi Arabia,2017,3.837533085975764,1795826.75,58339.39632131372,3.61,3.955214551642279,4.638664946434664,4.536310099243373,59.5319791578229,High-income countries,2.72036361694336,0.318378180265427,0.212709963321686,0.365521646055169,0.002100611485785997
Saudi Arabia,2018,5.252615621201606,1867019.125,61485.64746374632,3.57,4.364697257998836,3.955214551642279,4.638664946434664,59.1029104697141,High-income countries,2.77948522567749,0.267473518848419,0.218264326453209,0.444580134685789,-0.013648548860182075
Saudi Arabia,2019,-2.009873479549995,1836358.625,60262.19980165269,6.08,4.856478908817353,4.364697257998836,3.955214551642279,56.7938204886513,High-income countries,2.83989143371582,0.285505890846252,0.213511258363724,0.450502775281846,0.003540229226568936
Saudi Arabia,2020,-16.766594785810263,1579308.875,50959.90211029858,5.71,5.1481463511933825,4.856478908817353,4.364697257998836,47.533159225048,High-income countries,2.90161061286926,0.277591586112976,0.26248636841774,0.430936371195124,0.016868675669810873
Saudi Arabia,2022,11.199063167913259,2075522.5,64506.5980940939,3.18,5.5650563678531215,5.1481463511933825,4.856478908817353,56.8241647749332,High-income countries,2.9586763381958,0.25649419426918,0.213215589523315,0.54835782940264,0.0266764571942546
Saudi Arabia,2023,-12.696032675394342,1889923.625,56815.387052278165,5.61,5.8892528384814185,5.5650563678531215,5.1481463511933825,54.1690118283683,High-income countries,2.98826050758362,0.248902201652527,0.239515662193298,0.644729616194977,0.03328381574261918
Senegal,2001,5.576473993643649,29646.427734375,2902.829344803388,8.64,9.405736068936502,,,49.7205780648314,Low-income countries,1.32589495182037,0.18770831823349,0.102704793214798,0.286417908380995,0.024249694371289987
Senegal,2002,-5.535301038611351,28745.615234375,2746.5151423786097,2.65,8.262962447743972,9.405736068936502,,53.1442994641329,Low-income countries,1.33951210975647,0.150874733924866,0.10538462549448,0.351973518278266,0.02449661535990133
Senegal,2003,5.055688508327005,30972.837890625,2888.94034484883,4.33,9.119294026837036,8.262962447743972,9.405736068936502,50.8212198933376,Low-income countries,1.35326910018921,0.19343076646328,0.102101027965546,0.340582448326565,0.024068496215209123
Senegal,2004,-1.6548234884300683,31187.7578125,2841.52686811707,4.42,9.22944169010303,9.119294026837036,8.262962447743972,53.6592031275529,Low-income countries,1.36716735363007,0.193189144134521,0.106377772986889,0.386722627189894,0.023463251571434363
Senegal,2005,2.9032882720081865,32866.3828125,2925.233831965404,8.52,9.198970516385819,9.22944169010303,9.119294026837036,54.9032435689485,Low-income countries,1.3812084197998,0.210541993379593,0.105165936052799,0.370663849864736,0.02339181363595566
Senegal,2006,1.202732335948209,34047.51171875,2960.6289930108396,11.59,9.697932294892363,9.198970516385819,9.22944169010303,54.1362378092613,Low-income countries,1.39539361000061,0.192343786358833,0.113302953541279,0.383137552346467,0.023279292923027217
Senegal,2007,1.70146103985509,35445.61328125,3011.4339293099674,8.11,8.830813401364896,9.697932294892363,9.198970516385819,59.2713043549794,Low-income countries,1.40972447395325,0.205679669976234,0.122457154095173,0.450971507365614,0.02322793844416582
Senegal,2008,-2.125427363038579,35521.578125,2948.1034938371026,3.18,8.830813401364896,8.830813401364896,9.697932294892363,62.7617698176319,Low-income countries,1.42420256137848,0.198348343372345,0.132566973567009,0.603426971656326,0.023395118470328047
Senegal,2009,7.314375920080263,39131.98828125,3171.820899969191,8.82,9.361556839298652,8.830813401364896,8.830813401364896,52.3072908773365,Lower-middle-income countries,1.43882930278778,0.177169218659401,0.133273661136627,0.463981582115264,0.023656141595305158
Senegal,2010,2.185375513252552,40962.74609375,3241.900054533239,3.87,9.103248107451511,9.361556839298652,8.830813401364896,52.4578551962948,Lower-middle-income countries,1.45360636711121,0.173429518938065,0.139134928584099,0.439027737139525,0.02386901952791831
Senegal,2011,-1.6116722042402998,41339.7890625,3190.070039332823,3.72,8.896604017684643,9.103248107451511,9.361556839298652,57.5768785989578,Lower-middle-income countries,1.4709677696228,0.179894477128983,0.155140206217766,0.481961872820313,0.025279151990984516
Senegal,2012,1.8300829569520616,43245.64453125,3248.9884509366484,3.28,8.482316214672943,8.896604017684643,9.103248107451511,61.9753040040375,Lower-middle-income countries,1.48853659629822,0.207057535648346,0.141448333859444,0.463666989369693,0.02677024252058713
Senegal,2013,-3.018926680985068,43221.6640625,3152.3696353522673,8.19,8.482316214672943,8.482316214672943,8.896604017684643,60.6267663596737,Lower-middle-income countries,1.50631523132324,0.197689339518547,0.140268266201019,0.514478090904627,0.02963459546053171
Senegal,2014,0.699178852669391,44925.671875,3174.487569055113,11.35,8.79023800031638,8.482316214672943,8.482316214672943,58.4425289760992,Lower-middle-income countries,1.52430617809296,0.209200009703636,0.14186193048954,0.527734053421382,0.03167574703469089
Senegal,2015,3.2532404684719296,47858.23828125,3279.4595203281556,7.83,9.124779211862634,8.79023800031638,8.482316214672943,58.1103376742017,Low-income countries,1.54251205921173,0.202203914523125,0.13588972389698,0.459306412840627,0.030701479242880136
Senegal,2016,2.5723177162085165,50589.83984375,3364.911981149915,4.47,9.516785842171348,9.124779211862634,8.79023800031638,54.1081692072139,Low-income countries,1.56093537807465,0.196764916181564,0.132252678275108,0.475649577708575,0.029784313401073348
Senegal,2017,0.8641859626509429,52523.96875,3394.1170896133003,12.3,12.435532285633997,9.516785842171348,9.124779211862634,57.7052798455617,Low-income countries,1.57957863807678,0.237467706203461,0.130911663174629,0.491670711068984,0.028876990874055153
Senegal,2018,2.5605879034646506,55416.6484375,3482.148694699638,14.39,11.850971791184172,12.435532285633997,9.516785842171348,61.7898394793183,Lower-middle-income countries,1.59844470024109,0.269591689109802,0.1351528018713,0.495788940732183,0.028004569855314188
Senegal,2019,5.767182112691671,60323.875,3688.8743797591646,5.64,10.479833235301694,11.850971791184172,12.435532285633997,64.2362506061005,Lower-middle-income countries,1.61753606796265,0.270207524299622,0.139964506030083,0.451622311652372,0.02717607930518673
Senegal,2020,-0.493896444188735,61628.1875,3670.700078425328,5.71,10.500223615782561,10.479833235301694,11.850971791184172,60.0468716137065,Lower-middle-income countries,1.63685536384583,0.309128999710083,0.144436568021774,0.44923823190606,0.026330357252489556
Senegal,2021,5.035588932847013,66477.2734375,3860.274481970043,9.38,10.15422609697375,10.500223615782561,10.479833235301694,69.3759939883832,Lower-middle-income countries,1.66321587562561,0.348674684762955,0.156665876507759,0.441822566582776,0.025384891939848053
Senegal,2022,-1.0991816000759158,67393.2421875,3818.0754022850583,12.54,10.004903095846654,10.15422609697375,10.500223615782561,79.5998216515832,Lower-middle-income countries,1.69087636470795,0.395893931388855,0.153895452618599,0.449734391000173,0.024676428180351095
Senegal,2023,2.3170673440102263,70639.484375,3907.5756670986752,7.18,9.69001815468802,10.004903095846654,10.15422609697375,71.3942870327216,Lower-middle-income countries,1.71726036071777,0.38761842250824,0.153109505772591,0.463570993143527,0.023873834883259448
Singapore,1989,6.953254605303982,64875.71875,22076.670704795222,0.09,1.1435933574146502,,,347.5726856798,High-income countries,2.01782250404358,0.442321956157684,0.113006852567196,0.37295313286543,0.030968143273295556
Singapore,1995,7.558160302083294,115314.3046875,32633.43940597528,0.0,0.0,1.1435933574146502,,345.459263895462,High-income countries,2.39015340805054,0.639970481395721,0.14350551366806,0.627327276367002,0.03332193003918693
Singapore,1996,4.204523403016758,124722.46875,34034.77327428122,0.0,0.0,0.0,1.1435933574146502,334.911163288092,High-income countries,2.46764349937439,0.567406475543976,0.131126895546913,0.651241036257543,0.03638430034388329
Singapore,1997,9.264509569639579,141760.578125,37338.60735279941,0.0,0.0,0.0,0.0,323.86442214814,High-income countries,2.54764604568481,0.596233606338501,0.130954444408417,0.600604378002173,0.03540345045466542
Singapore,1998,-3.257278870558089,141004.96875,36141.97933930689,0.0,0.0,0.0,0.0,312.079255674686,High-income countries,2.6070761680603,0.38649594783783,0.122764244675636,0.527991844049308,0.027228352780563014
Singapore,1999,7.079671475596072,153876.484375,38793.463544076134,0.0,0.0,0.0,0.0,336.484846412882,High-income countries,2.66368556022644,0.420930504798889,0.135479286313057,0.483535053886145,0.01655838721190639
Singapore,2000,17.289560458925912,186087.015625,46115.41941691273,0.0,0.0,0.0,0.0,364.364520468218,High-income countries,2.72152423858643,0.419180691242218,0.128242552280426,0.428746695631779,0.017168554581518558
Singapore,2001,-2.175734167069443,185733.375,45122.90685069553,0.0,0.0,0.0,0.0,349.292105694978,High-income countries,2.70760941505432,0.363375902175903,0.155117496848106,0.384460866193704,0.01985512898655295
Singapore,2002,7.422350924253962,201536.9375,48599.51440741644,0.0,0.0,0.0,0.0,349.746013985676,High-income countries,2.69376587867737,0.328588128089905,0.158891677856445,0.357312508490225,0.007436990426091805
Singapore,2003,6.1352173485223815,213842.015625,51674.56630165686,0.0,0.0,0.0,0.0,377.218564301581,High-income countries,2.67999315261841,0.259073466062546,0.192500799894333,0.352292247849841,-0.002087353085316934
Singapore,2004,18.803542810792706,260233.8125,62364.80793200291,0.0,0.0,0.0,0.0,401.523712538509,High-income countries,2.6662905216217,0.330419152975082,0.17948605120182,0.359844660732774,0.008307580002765214
Singapore,2005,12.231792758105442,300831.3125,70479.30132013108,0.0,0.0,0.0,0.0,420.430512920559,High-income countries,2.65265846252441,0.286780714988709,0.179087072610855,0.358536909394813,0.02265125073107299
Singapore,2006,5.895812889438545,329469.75,74759.5674937793,0.0,0.0,0.0,0.0,425.363399543019,High-income countries,2.72960352897644,0.26927250623703,0.143438532948494,0.379921566873406,0.03197673100261578
Singapore,2007,5.756409703735521,363994.84375,79189.30836731741,0.0,0.0,0.0,0.0,394.288471919078,High-income countries,2.80878090858459,0.274222105741501,0.122167013585567,0.425949870381227,0.04209106101523452
Singapore,2008,-5.226077828299758,361260.6875,75157.09448459986,0.0,0.0,0.0,0.0,437.326714891057,High-income countries,2.89025473594666,0.419372618198395,0.139024630188942,0.451060867722364,0.044720900032673594
Singapore,2009,-0.6698399082962325,370930.15625,74655.3446083459,0.0,0.0,0.0,0.0,358.192811828842,High-income countries,2.97409200668335,0.361442983150482,0.130059689283371,0.452923752590898,0.033112362117259764
Singapore,2010,14.821744309503515,439581.375,86582.6596105506,0.0,0.0,0.0,0.0,369.685555787646,High-income countries,3.0603609085083,0.358960896730423,0.110473059117794,0.461807378114034,0.02159162367660028
Singapore,2011,4.703482397436254,470300.375,90752.35144500283,0.0,0.0,0.0,0.0,379.098631377539,High-income countries,3.07251238822937,0.366518378257751,0.101521849632263,0.495045548228171,0.020513908769667077
Singapore,2012,0.3605086721826467,482118.0,91080.1119897834,0.0,0.0,0.0,0.0,369.212965787665,High-income countries,3.07657361030579,0.395231038331986,0.108414813876152,0.517712231500009,0.021212224330831475
Singapore,2013,-2.7635126248442887,477149.96875,88597.56237387635,0.0,0.0,0.0,0.0,367.041780049019,High-income countries,3.10310220718384,0.397632658481598,0.120636992156506,0.56333875483998,0.017277070251944027
Singapore,2014,-0.6409181869644343,480467.34375,88031.54029022151,0.0,0.0,0.0,0.0,360.467319166237,High-income countries,3.11748170852661,0.360101878643036,0.110594764351845,0.580584510053768,0.013337603540855891
Singapore,2015,2.199314025977195,497220.25,89989.07759522491,0.0,0.0,0.0,0.0,329.471398940262,High-income countries,3.14851927757263,0.300047993659973,0.113912284374237,0.558425328651523,0.012280683583210994
Singapore,2016,1.7564273235374017,510847.09375,91583.63295165052,0.0,0.0,0.0,0.0,302.839656046574,High-income countries,3.15059947967529,0.303266853094101,0.110853455960751,0.573274150869689,0.009472955853787823
Singapore,2017,5.2844160306039,541093.0625,96553.44955941012,0.0,0.0,0.0,0.0,316.794409287568,High-income countries,3.1422872543335,0.311413735151291,0.108735769987106,0.582931451914744,0.004676807181718257
Singapore,2018,4.79885496367789,570760.9375,101299.8860209546,0.0,0.0,0.0,0.0,326.59658728675,High-income countries,3.18827772140503,0.295100212097168,0.109101817011833,0.595946356950973,0.00539061550968345
Singapore,2019,0.3273764360585574,576209.375,101632.0614128461,0.0,0.0,0.0,0.0,324.394985115301,High-income countries,3.21364641189575,0.291133373975754,0.110378563404083,0.590138941370087,0.006226879941900965
Singapore,2020,-5.283374079443526,541792.8125,96401.84203268596,0.0,0.0,0.0,0.0,332.040805481913,High-income countries,3.23067116737366,0.266746759414673,0.128225952386856,0.5730392042645,-0.00875368851815539
Singapore,2021,17.821205612641577,638975.8125,115207.7898018315,0.0,0.0,0.0,0.0,329.161383683762,High-income countries,3.29967594146729,0.294067203998566,0.121872439980507,0.608440017902947,-0.013229118175666965
Singapore,2022,8.217629224064815,706659.4375,125075.0125887518,0.0,0.0,0.0,0.0,332.34956775484,High-income countries,3.2801206111908,0.287163943052292,0.111854687333107,0.623447257151107,0.018505955203693913
Singapore,2023,-10.348633028627319,652885.9375,112778.68153716733,0.0,0.0,0.0,0.0,325.69322405378,High-income countries,3.39934206008911,0.254242181777954,0.118580900132656,0.692294301798458,0.0243399207336652
Slovenia,1999,3.348368489515785,52809.85546875,26655.570059645852,4.05,11.346241153931823,,,92.9581874247278,High-income countries,3.2491729259491,0.303327143192291,0.165900006890297,0.437817930302314,0.0005705258433815752
Slovenia,2001,2.4427777324593336,55257.390625,27772.01278447428,5.43,10.00134422982874,11.346241153931823,,105.583223530684,High-income countries,3.27085399627686,0.284731179475784,0.182686731219292,0.374169510202322,0.0014399618230126476
Slovenia,2002,2.816624824287395,56889.984375,28565.36664253163,5.28,10.037253139896581,10.00134422982874,11.346241153931823,104.880458289416,High-income countries,3.27753090858459,0.26782900094986,0.187463819980621,0.414830199325145,0.0009509574466198822
Slovenia,2003,1.0439087103227607,57513.47265625,28865.12487201943,5.25,10.031537125961304,10.037253139896581,10.00134422982874,103.280027127626,High-income countries,3.2842218875885,0.290921568870544,0.18237367272377,0.501714653473589,0.00046083621000192476
Slovenia,2004,6.312312280869747,61293.37109375,30745.917997211,2.62,3.5761626438597034,10.031537125961304,10.037253139896581,112.399933466762,High-income countries,3.29092597961426,0.33456563949585,0.184410437941551,0.525242282729297,0.0005293480988676214
Slovenia,2005,1.9322305778851856,62594.8203125,31345.776689682178,2.74,3.5659661216632363,3.5761626438597034,10.031537125961304,121.127284217914,High-income countries,3.2976438999176,0.350830137729645,0.174607276916504,0.503969243591194,0.0016885279615472815
Slovenia,2006,4.739152693290372,65836.4765625,32867.064262193766,2.18,3.4229513234356004,3.5659661216632363,3.5761626438597034,130.517913086158,High-income countries,3.31612467765808,0.365665912628174,0.185942396521568,0.551330464221239,0.0030999807826866954
Slovenia,2007,6.632197421228803,70738.8046875,35120.7823256666,2.32,3.6833441849945348,3.4229513234356004,3.5659661216632363,137.66309435102,High-income countries,3.33470916748047,0.396426051855087,0.186738878488541,0.645880278077914,0.00549827237119227
Slovenia,2008,4.138713389206572,74127.890625,36604.82924173553,2.41,3.4615259854715417,3.6833441849945348,3.4229513234356004,135.387093664802,High-income countries,3.35339760780334,0.394545704126358,0.195364981889725,0.703877175572557,0.005410432922850261
Slovenia,2009,-7.557817773884423,69089.0703125,33940.262718804406,3.46,3.4674378255512215,3.4615259854715417,3.6833441849945348,114.482301023638,High-income countries,3.37219095230103,0.283631980419159,0.214973166584969,0.661754296764126,0.005182870783807747
Slovenia,2010,-0.2694368214696041,69207.9453125,33848.93823987143,2.17,3.4407139017911463,3.4674378255512215,3.4615259854715417,128.606575425363,High-income countries,3.39108943939209,0.275903314352036,0.215992763638496,0.620005571353266,0.004413494672193985
Slovenia,2011,3.9657614690897347,72155.3515625,35218.27932906222,1.94,3.3235406074862164,3.4407139017911463,3.4674378255512215,140.332355750319,High-income countries,3.42607164382935,0.267357051372528,0.226647436618805,0.639174691656556,0.0020481678214235854
Slovenia,2012,-1.750331652511683,71059.703125,34607.206143121315,1.23,3.2398876733616797,3.3235406074862164,3.4407139017911463,143.656448572975,High-income countries,3.44251990318298,0.243109121918678,0.224062889814377,0.557810614010347,0.002202274102142132
Slovenia,2013,-0.42536017317722497,70865.6015625,34460.31350401008,1.23,3.2818116215352657,3.2398876733616797,3.3235406074862164,145.168789432403,High-income countries,3.4661545753479,0.265225529670715,0.223621144890785,0.565397596667765,0.0015183363899855529
Slovenia,2014,1.31096123946417,71869.171875,34915.049047780296,1.36,3.5455925315343895,3.2818116215352657,3.2398876733616797,146.471705096746,High-income countries,3.47803258895874,0.259046852588654,0.219859316945076,0.587483242759164,0.0009526490437452573
Slovenia,2015,3.8722197881726927,74762.796875,36293.55360841808,1.79,3.556066527388808,3.5455925315343895,3.2818116215352657,147.218367714503,High-income countries,3.51150822639465,0.25542750954628,0.225087657570839,0.494256742784933,0.0007507865156713978
Slovenia,2016,4.071707650568435,77923.6484375,37801.81870893817,1.83,3.600813578762504,3.556066527388808,3.5455925315343895,148.238448080388,High-income countries,3.53561639785767,0.252081722021103,0.228960558772087,0.482696590042123,0.0006920113249671012
Slovenia,2017,6.524655552089165,83219.2734375,40350.49938542773,1.74,3.508874599479215,3.600813578762504,3.556066527388808,158.70213584467,High-income countries,3.54288125038147,0.283012390136719,0.231978043913841,0.488436045409479,0.0005029362708263152
Slovenia,2018,3.9234363231850367,86845.9609375,41965.09218374075,1.77,3.1924225878104973,3.508874599479215,3.600813578762504,162.613493975851,High-income countries,3.55502223968506,0.30056694149971,0.218229085206985,0.510166604505112,0.0034226492919511298
Slovenia,2019,7.645286439022492,94378.2734375,45299.27367083942,2.12,2.6546520608371367,3.1924225878104973,3.508874599479215,160.044275685249,High-income countries,3.56720495223999,0.287216007709503,0.221516653895378,0.480872112940788,0.006722042591064792
Slovenia,2020,-3.7929199358179844,91693.3984375,43613.284715130525,2.56,2.348350031664086,2.6546520608371367,3.1924225878104973,147.549008584942,High-income countries,3.58887028694153,0.273966461420059,0.245392069220543,0.490242342678581,0.009068692764048869
Slovenia,2021,5.370286196370699,97261.8828125,46019.474298247354,1.94,2.9394579599805577,2.348350031664086,2.6546520608371367,162.082728356416,High-income countries,3.6108181476593,0.295724540948868,0.245833829045296,0.533175947248024,0.005253915569812584
Slovenia,2022,0.05482470288793451,97395.0625,46044.71125571333,1.52,2.4059432898293207,2.9394579599805577,2.348350031664086,186.21959497631,High-income countries,3.63305330276489,0.31856432557106,0.240748211741447,0.531768088131561,0.0008201059786795417
Slovenia,2023,4.4570872708787235,101986.7578125,48143.38670036197,2.41,2.703819435635723,2.4059432898293207,2.9394579599805577,160.098444691588,High-income countries,3.65558075904846,0.293032974004746,0.237375065684319,0.587428560810155,0.0014965904347210568
South Africa,1988,-0.7156313956606652,370338.3125,9624.014202567114,1.93,12.15498317808074,,,45.8513122493528,Upper-middle-income countries,1.89945662021637,0.163321971893311,0.146695822477341,0.323357728733037,0.030460266526069812
South Africa,1990,-3.2399479610251802,375975.84375,9227.246130860378,3.8,10.633104229351186,12.15498317808074,,38.2118009241798,Upper-middle-income countries,1.90784406661987,0.139610901474953,0.145202353596687,0.403966388387526,0.02781380372284259
South Africa,1991,0.5038533147759594,386607.53125,9273.855238515505,2.67,11.295819163558814,10.633104229351186,12.15498317808074,34.8816092569776,Upper-middle-income countries,1.92495584487915,0.138373762369156,0.142157196998596,0.418640408268907,0.02284661818583178
South Africa,1993,4.1705358399193315,420158.625,9704.069823893282,2.42,13.377149940618267,11.295819163558814,10.633104229351186,35.6981243460429,Upper-middle-income countries,1.95964133739471,0.122085347771645,0.138372287154198,0.413802003324157,0.019912959797558916
South Africa,1996,2.9098138122762407,474412.4375,10513.756803678336,3.81,8.437626942780462,13.377149940618267,11.295819163558814,42.199251732528,Upper-middle-income countries,2.0128448009491,0.13992565870285,0.113625340163708,0.41248944028587,0.012969942043644433
South Africa,1997,1.2701023897271568,486267.0625,10648.143900394418,1.04,5.274717780551627,8.437626942780462,13.377149940618267,42.3013344291831,Upper-middle-income countries,2.0308985710144,0.139690309762955,0.117569513618946,0.409383897912264,0.011979895727041168
South Africa,1998,0.24305874350929457,493396.3125,10674.056623978775,1.11,4.724610004405756,5.274717780551627,8.437626942780462,44.0357453368965,Lower-middle-income countries,2.04911398887634,0.141720294952393,0.115864351391792,0.36341851203203,0.012124158688717301
South Africa,1999,0.3786488789812026,500694.53125,10714.550436028332,0.82,4.5942291957488575,4.724610004405756,5.274717780551627,42.2582960172673,Upper-middle-income countries,2.06749296188355,0.136945098638535,0.118461236357689,0.352918104809983,0.010896977862412172
South Africa,2000,4.202988938352625,526985.3125,11174.47948534214,0.56,4.586797966728947,4.5942291957488575,4.724610004405756,46.2207217354077,Upper-middle-income countries,2.08603668212891,0.137602791190147,0.118168659508228,0.321176055984908,0.009146591683139249
South Africa,2001,2.8848464668000062,547091.5,11501.540990775078,0.64,5.076230773158411,4.586797966728947,4.5942291957488575,49.170945185829,Lower-middle-income countries,2.12451338768005,0.134937435388565,0.119670011103153,0.272804594498101,0.00859492168208087
South Africa,2002,5.240022935084632,582009.4375,12120.294208082292,0.47,4.523213953325347,5.076230773158411,4.586797966728947,53.4655016294369,Lower-middle-income countries,2.16369986534119,0.138722166419029,0.118343241512775,0.242630316585738,0.009470369400766732
South Africa,2003,3.454745752033439,608501.6875,12546.336523193606,0.39,4.754995368023781,4.523213953325347,5.076230773158411,45.723862568979,Lower-middle-income countries,2.20360922813416,0.147997051477432,0.125503256917,0.349198270649212,0.009965564880516364
South Africa,2004,3.004312013041144,633409.4375,12928.986842410633,0.84,5.618040838145559,4.754995368023781,4.523213953325347,45.6435752240041,Upper-middle-income countries,2.24425435066223,0.163160860538483,0.129050582647324,0.425347849526904,0.010074227973968064
South Africa,2005,5.48953973820705,675963.125,13658.570908611035,0.51,6.019877034275299,5.618040838145559,4.754995368023781,47.4277813970329,Upper-middle-income countries,2.28564929962158,0.159125789999962,0.12717404961586,0.44933242057088,0.010126094615551029
South Africa,2006,5.932110249203504,724641.375,14493.326940046354,0.49,5.854303808970339,6.019877034275299,5.618040838145559,53.7681412741145,Upper-middle-income countries,2.32780814170837,0.170177802443504,0.129181563854218,0.454184821732264,0.010217249069440104
South Africa,2007,4.847015829831491,768697.625,15213.124218956937,0.65,5.665685548773621,5.854303808970339,6.019877034275299,57.125139137747,Upper-middle-income countries,2.37074422836304,0.178201615810394,0.134824827313423,0.469011394287789,0.010550651120120769
South Africa,2008,-0.1853288929652308,776172.9375,15184.956014229907,0.33,4.679581894653421,5.665685548773621,5.854303808970339,65.9745237996233,Upper-middle-income countries,2.41447234153748,0.199833855032921,0.149449840188026,0.431205851638109,0.011530955168429724
South Africa,2009,-1.1551722527366692,776473.625,15010.552883442471,0.64,5.40440324483356,4.679581894653421,5.665685548773621,49.5875353278801,Upper-middle-income countries,2.45900702476501,0.188556775450706,0.161783486604691,0.425234936121824,0.011939045065568532
South Africa,2010,3.5251419635521586,813904.625,15549.133272088551,0.68,5.684180985196879,5.40440324483356,4.679581894653421,50.4060871625999,Upper-middle-income countries,2.50436329841614,0.186386153101921,0.16399210691452,0.49047803118154,0.011829095702162284
South Africa,2011,2.654829368757916,846199.0625,15967.464650811333,0.52,5.472409123212978,5.684180985196879,5.40440324483356,54.6363504358971,Upper-middle-income countries,2.50843787193298,0.207030475139618,0.171617835760117,0.498398450048489,0.012363145870530001
South Africa,2012,-1.4227441972311183,846639.625,15741.896904995256,0.51,5.482075641788827,5.472409123212978,5.684180985196879,55.5826171933345,Upper-middle-income countries,2.55785465240479,0.201046347618103,0.171668156981468,0.482169346590034,0.01474794343910757
South Africa,2013,-1.3260838270516828,849409.0,15534.5241631257,0.59,5.773559615973873,5.482075641788827,5.472409123212978,58.875027630051,Upper-middle-income countries,2.57399797439575,0.199838101863861,0.181173786520958,0.462567456589072,0.01652651995014054
South Africa,2014,-1.8430672880452192,847867.6875,15250.834753758973,0.65,5.550334607095822,5.773559615973873,5.482075641788827,59.4995740550593,Upper-middle-income countries,2.5895402431488,0.187003836035728,0.189715087413788,0.450947217402473,0.016614454069411977
South Africa,2015,0.2508131110523948,867253.75,15289.133856374296,0.88,5.986375314220143,5.550334607095822,5.773559615973873,56.7266761447156,Upper-middle-income countries,2.60090255737305,0.182056337594986,0.190962806344032,0.415150152234092,0.02009888401605142
South Africa,2016,0.4845035037092771,879700.8125,15363.389987113242,1.32,6.201144279403245,5.986375314220143,5.550334607095822,55.8612575048782,Upper-middle-income countries,2.59450531005859,0.160751014947891,0.200384929776192,0.39747176264413,0.00940521897823654
South Africa,2017,1.45945728327046,898489.3125,15589.25630329624,1.74,6.409612380659891,6.201144279403245,5.986375314220143,53.5359318293741,Upper-middle-income countries,2.58812355995178,0.157192468643188,0.205540344119072,0.458523880359294,0.0065383746269329635
South Africa,2018,-5.666122368050175,863399.3125,14730.508552189642,1.4,6.203196835637945,6.409612380659891,6.201144279403245,54.4855451276341,Upper-middle-income countries,2.67671513557434,0.15823245048523,0.19709375500679,0.489002157358263,0.01682369920284188
South Africa,2019,-2.0658694182074555,859812.5,14429.317301662913,1.45,6.862544807103156,6.203196835637945,6.409612380659891,53.8979964081406,Upper-middle-income countries,2.76833891868591,0.158855780959129,0.191926166415215,0.463592532112895,0.016495749552787764
South Africa,2020,-8.648727410632873,801470.9375,13233.808253014358,1.75,6.695581180269206,6.862544807103156,6.203196835637945,50.7596590804177,Upper-middle-income countries,2.64752745628357,0.131987541913986,0.193910866975784,0.419132812008779,0.016221643140065467
South Africa,2021,1.1785308446860654,823562.625,13390.69543121614,2.04,6.666120808826048,6.695581180269206,6.862544807103156,56.0347138372399,Upper-middle-income countries,2.80493950843811,0.148293748497963,0.17655111849308,0.473564971899356,0.015405574383263954
South Africa,2022,-1.4120598750160696,823578.375,13202.93952667277,2.01,8.35687165832061,6.666120808826048,6.695581180269206,64.7830021330108,Upper-middle-income countries,2.85314345359802,0.168891921639442,0.174100995063782,0.462231124095915,0.014139722796008058
South Africa,2023,-2.503456883451882,813955.0625,12876.512654545666,1.87,7.981064978902525,8.35687165832061,6.666120808826048,65.1800955490051,Upper-middle-income countries,2.90350246429443,0.166049048304558,0.177573516964912,0.446731456490559,0.013281009408284916
Spain,2000,4.995294082851842,1326001.75,32325.9155450247,1.24,2.986172370958787,,,60.1216241049216,High-income countries,2.63542246818543,0.265869170427322,0.150257661938667,0.463577731335248,0.005057088803046117
Spain,2001,3.9578299601958022,1387129.75,33630.97599819074,1.88,3.358711572891771,2.986172370958787,,58.0138895625701,High-income countries,2.65172410011292,0.250739365816116,0.155827030539513,0.490634094135356,0.005490173058219305
Spain,2002,3.4666844165508692,1453820.875,34817.30005079066,1.71,3.535014219469658,3.358711572891771,2.986172370958787,55.1021415309759,High-income countries,2.66812658309937,0.244751930236816,0.162890493869782,0.54594194569376,0.012291648539597855
Spain,2003,-1.1096111368306794,1463632.0,34433.09892314696,1.64,3.5711945429701215,3.535014219469658,3.358711572891771,53.4357897202258,High-income countries,2.68463063240051,0.267911106348038,0.160344287753105,0.661252902275795,0.01782195230269279
Spain,2004,2.8185570099120483,1531256.875,35417.4221385731,1.4,3.3449798755636606,3.5711945429701215,3.535014219469658,54.4795182656074,High-income countries,2.70123672485352,0.295910984277725,0.165128812193871,0.703014688515256,0.01698229717647637
Spain,2005,2.107863491237083,1590076.25,36171.89676216765,1.18,3.1445625437908395,3.3449798755636606,3.5711945429701215,54.6991667043772,High-income countries,2.71794581413269,0.318471848964691,0.153685852885246,0.690342364897665,0.01661445104802084
Spain,2006,7.04694869464948,1734758.75,38812.87306931122,1.1,3.0075284872972827,3.1445625437908395,3.3449798755636606,56.0839263823216,High-income countries,2.73475813865662,0.343716025352478,0.158077269792557,0.67144997442953,0.0166168967356346
Spain,2007,6.561560258081656,1886432.25,41445.01356398021,1.0,2.944658731897072,3.0075284872972827,3.1445625437908395,57.6269487657546,High-income countries,2.75167417526245,0.367256641387939,0.159852042794228,0.677196241377923,0.018203389390735847
Spain,2008,0.28947851757603615,1921767.5,41565.1617926087,0.82,2.591369737075826,2.944658731897072,3.0075284872972827,55.8281315172523,High-income countries,2.76869511604309,0.351256430149078,0.175109386444092,0.724434210204744,0.015663203602403364
Spain,2009,-2.823290456781713,1884437.5,40408.06747180991,1.08,2.99257400997406,2.591369737075826,2.944658731897072,46.8366899971109,High-income countries,2.78582119941711,0.296164155006409,0.190364718437195,0.649880020194141,0.008616936958078636
Spain,2010,-2.1651427675555723,1852193.0,39542.5784680944,0.91,2.9831768269504733,2.99257400997406,2.591369737075826,52.6933699734019,High-income countries,2.80305314064026,0.286166369915009,0.186319187283516,0.625609429249548,0.004392402253713623
Spain,2011,-2.1060767888080534,1819693.25,38718.48983158724,0.76,2.762642136164122,2.9831768269504733,2.99257400997406,58.5118228859632,High-income countries,2.82275176048279,0.262567579746246,0.200693920254707,0.670897408152153,0.0033583683582154578
Spain,2012,-1.5125158838946717,1793150.625,38137.27310095683,0.25,2.422459559948932,2.762642136164122,2.9831768269504733,60.5540346961864,High-income countries,2.84258842468262,0.245542362332344,0.191504582762718,0.581678371627716,0.00043141425641834985
Spain,2013,-1.7769044419145175,1755652.375,37465.59540937657,0.27,2.550034108952698,2.422459559948932,2.762642136164122,61.6687726441327,High-income countries,2.8625648021698,0.241378039121628,0.188080817461014,0.58307734856763,-0.0033646424334228264
Spain,2014,0.7233453967687709,1763107.0,37737.583590203016,0.29,2.767458552205346,2.550034108952698,2.422459559948932,63.39926213895,High-income countries,2.88268136978149,0.24624302983284,0.190066978335381,0.602654190926354,-0.0029963718838059705
Spain,2015,6.328045907509505,1876815.5,40202.813034086466,0.46,3.3341022964200935,2.767458552205346,2.550034108952698,63.5820412248232,High-income countries,2.90293955802918,0.251672148704529,0.184016078710556,0.511488079544762,-0.0007815950301637287
Spain,2016,4.325055904125286,1961830.375,41979.75709593596,0.63,3.682333088481709,3.3341022964200935,2.767458552205346,63.1886778507294,High-income countries,2.92333984375,0.252932906150818,0.182101726531982,0.493031330039442,0.0010508855953998975
Spain,2017,3.5817863508396997,2039282.375,43510.63503161051,0.51,3.481676304504667,3.682333088481709,3.3341022964200935,66.167446137857,High-income countries,2.94388365745544,0.261575877666473,0.180627018213272,0.499333057647571,0.0029022032410139786
Spain,2018,0.09513731525849778,2050988.875,43552.04957885194,0.51,3.315283309276882,3.481676304504667,3.682333088481709,67.0094103982921,High-income countries,2.96457171440125,0.279063254594803,0.181443512439728,0.53520313486421,0.0047727127323113905
Spain,2019,5.702549176404759,2187129.25,46107.80569560709,0.56,3.3910279484586066,3.315283309276882,3.481676304504667,66.3662250440692,High-income countries,2.9854052066803,0.273746371269226,0.18333800137043,0.504750685945789,0.007242292514764159
Spain,2020,-13.653616056043916,1917825.75,40223.28657926682,0.83,3.6040214961847687,3.3910279484586066,3.315283309276882,59.4461280147076,High-income countries,3.00638508796692,0.273001343011856,0.209111467003822,0.524249666782108,0.0051384438799808585
Spain,2021,7.016396860892726,2059644.875,43146.878086790624,0.56,3.0337171772745553,3.6040214961847687,3.3910279484586066,66.524588943191,High-income countries,3.02822971343994,0.287335246801376,0.203953668475151,0.554808140609345,0.0011774860643032348
Spain,2022,3.5983389194383264,2139254.5,44727.72045686179,0.38,2.7523427542790286,3.0337171772745553,3.6040214961847687,78.6275624641006,High-income countries,3.05045986175537,0.287034600973129,0.192393258213997,0.534465397951117,0.0019404374965992233
Spain,2023,4.3854834398800335,2239046.75,46732.894150702065,0.55,3.0917223027735785,2.7523427542790286,3.0337171772745553,72.1917288917484,High-income countries,3.07308387756348,0.270207703113556,0.197061911225319,0.576408452112578,0.0017379790021405661
Sri Lanka,1990,3.042449143472936,60332.0,3689.475918543867,32.27,27.112485664199355,,,68.243915172911,Low-income countries,2.505446434021,0.19455374777317,0.190394476056099,0.173686124785282,0.006374117602523821
Sri Lanka,1993,7.21586929825051,72679.046875,4268.729995939132,26.82,27.10221134417687,27.112485664199355,,77.1475183409566,Low-income countries,2.61398696899414,0.206622630357742,0.185137525200844,0.210862789808711,0.01697847894422555
Sri Lanka,1994,5.195462644983095,77678.3125,4496.372608044803,29.22,27.54150327027735,27.10221134417687,27.112485664199355,79.4307906970319,Low-income countries,2.64499163627625,0.196355015039444,0.178885400295258,0.242993859863062,0.014568344109724407
Sri Lanka,1997,3.1416373197361125,92896.546875,5090.72384536557,26.51,22.76400521938734,27.54150327027735,27.10221134417687,80.1375533095503,Lower-middle-income countries,2.74993896484375,0.187332093715668,0.184900030493736,0.295770736707412,0.01898543627157112
Sri Lanka,1998,5.932823894890582,100453.5,5401.886631229302,5.85,9.621171002647511,22.76400521938734,27.54150327027735,78.4949891255872,Lower-middle-income countries,2.78748154640198,0.192841112613678,0.168192610144615,0.275077000135432,0.018880220126098912
Sri Lanka,2000,-0.5889911864880304,99367.453125,5150.4263205296575,4.12,6.797480788717516,9.621171002647511,22.76400521938734,88.636441704913,Lower-middle-income countries,2.86411094665527,0.216839745640755,0.161087185144424,0.248078303256174,0.01821928938688
Sri Lanka,2001,-1.0219897697623992,99923.7734375,5098.057547993246,3.95,6.691671519574832,6.797480788717516,9.621171002647511,80.8986015327576,Lower-middle-income countries,2.87118268013001,0.191171571612358,0.149620443582535,0.237081245223674,0.01580290069412893
Sri Lanka,2003,6.763780249296758,113515.59375,5689.5709229386575,7.1,6.567106117275383,6.691671519574832,6.797480788717516,75.336247330543,Lower-middle-income countries,2.88537931442261,0.200821548700333,0.123176626861095,0.219240853877005,0.007332980468636396
Sri Lanka,2004,1.766370249261584,116326.5703125,5790.962651470894,3.9,7.1722046550448395,6.567106117275383,6.691671519574832,79.4829449011187,Lower-middle-income countries,2.8925039768219,0.222435921430588,0.125277549028397,0.23887939943182,0.006797577150060796
Sri Lanka,2005,2.9787531711976456,120612.9140625,5966.055987789988,4.11,7.943744507109793,7.1722046550448395,6.567106117275383,73.6039729580533,Lower-middle-income countries,2.89964580535889,0.236290201544762,0.135785788297653,0.270682614507887,0.0063973316320202755
Sri Lanka,2006,10.232184550068624,134505.796875,6608.838474960043,14.38,7.674363500440124,7.943744507109793,7.1722046550448395,71.2611784883009,Lower-middle-income countries,2.89663290977478,0.243724718689919,0.140539720654488,0.289056215361083,0.006699091715985261
Sri Lanka,2007,9.091387495890046,148321.609375,7237.83255691277,3.05,7.270548667033827,7.674363500440124,7.943744507109793,68.6065116601391,Lower-middle-income countries,2.8936231136322,0.245761007070541,0.144238248467445,0.302128794030026,0.0068617799387005185
Sri Lanka,2008,7.291210727320063,160605.34375,7785.273203583743,7.6,7.101668787177271,7.270548667033827,7.674363500440124,63.369043608222,Lower-middle-income countries,2.89061641693115,0.246907919645309,0.153294041752815,0.350290581182272,0.006655014894053846
Sri Lanka,2009,14.401622939714365,186625.96875,8991.234224470629,6.18,7.684121401195743,7.101668787177271,7.270548667033827,49.1491415308235,Lower-middle-income countries,2.88761258125305,0.233311340212822,0.171610370278358,0.316880495863262,0.00614014271918828
Sri Lanka,2015,5.196689197853921,282758.625,13012.379307823283,7.43,5.319824442028628,6.3687556888436605,7.289803919807546,46.9179708088816,Lower-middle-income countries,2.88331174850464,0.259814083576202,0.144402280449867,0.384151846135161,0.008434701169831804
Sri Lanka,2016,5.672863372190129,301752.8125,13771.893226765354,3.98,6.559677445095814,5.319824442028628,6.3687556888436605,46.4715370252187,Lower-middle-income countries,2.88305163383484,0.279041558504105,0.130697965621948,0.369599375167699,0.00828592833219055
Sri Lanka,2017,3.2161103358459897,314129.0,14222.011867152865,2.83,5.564433268401687,6.559677445095814,5.319824442028628,47.1404098004644,Lower-middle-income countries,2.89582014083862,0.317222684621811,0.119281575083733,0.36532581641739,0.008034445644679256
Sri Lanka,2018,2.228199095066863,323615.15625,14542.463498822952,3.55,6.688995243853877,5.564433268401687,6.559677445095814,49.8093967521361,Upper-middle-income countries,2.90864515304565,0.295239359140396,0.133170545101166,0.363536287757829,0.007469299941939678
Sri Lanka,2019,-1.0505739744019138,322498.6875,14390.483889017994,3.93,7.964557778900013,6.688995243853877,5.564433268401687,49.42552388546,Lower-middle-income countries,2.90680932998657,0.250348627567291,0.142434552311897,0.364341952325567,0.0070497857445110945
Sri Lanka,2020,-11.461003173185347,289517.46875,12832.193305704635,10.75,6.727856603132016,7.964557778900013,6.688995243853877,37.089118857292,Lower-middle-income countries,2.94188475608826,0.270072370767593,0.158645495772362,0.348120663859783,0.006726601569701174
Sri Lanka,2021,6.184256371384578,309878.71875,13650.821173767548,3.12,2.8293607140753188,6.727856603132016,7.964557778900013,41.2288463291999,Lower-middle-income countries,2.925217628479,0.278254300355911,0.138849899172783,0.361841754573533,0.0061227910783250294
Sri Lanka,2023,-1.9981751754317045,283839.71875,12356.105308128723,9.52,6.807532076477885,2.8293607140753188,6.727856603132016,43.5362302960951,Lower-middle-income countries,2.92950534820557,0.174939885735512,0.146607309579849,0.417774950666388,0.005966496491277784
Sweden,1988,3.615433019549208,275744.875,32685.340586393613,3.92,4.437993871226734,,,58.4381680571833,High-income countries,3.0943648815155,0.292123913764954,0.23069278895855,0.720060040422784,0.004597728367132348
Sweden,1989,3.519326376149756,287533.84375,33856.1254300105,6.1,4.362658725510416,4.437993871226734,,59.124871913023,High-income countries,3.11482357978821,0.323818624019623,0.226817265152931,0.726432740985012,0.006671234653596869
Sweden,2000,5.139070047922445,405584.46875,45714.591025282505,6.32,3.093411816699307,4.362658725510416,4.437993871226734,81.4716102275416,High-income countries,3.18183207511902,0.241450250148773,0.205724895000458,0.614977382565548,0.001626077422843153
Sweden,2001,-0.8741483042774334,403138.53125,45316.71923135981,4.02,3.35317775670952,3.093411816699307,4.362658725510416,80.5687003228602,High-income countries,3.19793128967285,0.240237951278687,0.214899927377701,0.578925629531921,0.002692576413637404
Sweden,2002,-0.4600254939715498,402597.53125,45108.72953946349,3.92,3.504762293305024,3.35317775670952,3.093411816699307,77.0849041710567,High-income countries,3.21411204338074,0.224202677607536,0.224112957715988,0.652872719043288,0.0032573832315283546
Sweden,2003,0.3352031238804898,405460.28125,45260.189116821915,1.26,3.5192920488761072,3.504762293305024,3.35317775670952,75.3278179685299,High-income countries,3.23037457466126,0.231658339500427,0.21693928539753,0.76449971882874,0.0037335062875891722
Sweden,2004,3.070332611643245,419753.4375,46671.38074328472,1.17,3.394889286370037,3.5192920488761072,3.504762293305024,78.7355197224061,High-income countries,3.24671912193298,0.224566370248795,0.212354928255081,0.864282278742152,0.003941240509740762
Sweden,2005,-3.8082542111565587,405684.4375,44927.43365252563,1.95,3.203002390417535,3.394889286370037,3.5192920488761072,84.1675204576753,High-income countries,3.26314687728882,0.227074190974236,0.193166330456734,0.886846219745217,0.003990666640310003
Sweden,2006,5.959518125898455,433021.15625,47686.28278588375,1.88,3.147394387928823,3.203002390417535,3.394889286370037,88.3298358884675,High-income countries,3.2796573638916,0.243206679821014,0.19710399210453,0.899072184122725,0.005615795398365542
Sweden,2007,7.584681011662298,470622.28125,51443.833148198224,5.64,3.182634292178403,3.147394387928823,3.203002390417535,89.5464307031896,High-income countries,3.29625153541565,0.267296701669693,0.200174003839493,0.956466210779024,0.00742242501975543
Sweden,2008,0.19648910113545526,475239.875,51545.01404570548,5.42,2.8118779286355573,3.182634292178403,3.147394387928823,92.8079014378124,High-income countries,3.31292939186096,0.266785085201263,0.214875459671021,1.00435097565145,0.0077989639086593066
Sweden,2009,-4.614939400455853,457686.75,49220.297588705565,2.51,2.8917455599935535,2.8118779286355573,3.182634292178403,81.9578893979245,High-income countries,3.32969212532043,0.223632946610451,0.232875987887383,0.897374029008709,0.00851471558677419
Sweden,2010,4.06777250436825,480763.3125,51263.746994102934,3.0,2.779983750163265,2.8917455599935535,2.8118779286355573,85.0910494657093,High-income countries,3.34653925895691,0.25822040438652,0.216093376278877,0.926034848168531,0.00851235200218925
Sweden,2011,5.918644611448087,513940.03125,54389.45331586318,0.91,2.7821739098504286,2.779983750163265,2.8917455599935535,86.3903250752058,High-income countries,3.35636186599731,0.258503079414368,0.216503292322159,1.03652575950758,0.007545066621139185
Sweden,2012,-0.07264815692291648,517383.6875,54349.9547297034,0.16,2.463048743892493,2.7821739098504286,2.779983750163265,85.2976712116916,High-income countries,3.36621308326721,0.262579619884491,0.217811986804008,0.928063612677195,0.007404635063917198
Sweden,2013,-0.3665630362284844,519884.0625,54151.092585687176,1.59,2.6526537965774373,2.463048743892493,2.7821739098504286,81.6398133610723,High-income countries,3.37609314918518,0.267282158136368,0.230320110917091,0.973116771485161,0.008486718924990644
Sweden,2014,-0.49052715027180227,522503.125,53886.117193817554,1.7,2.750034508015458,2.6526537965774373,2.463048743892493,83.822646765647,High-income countries,3.38600254058838,0.272537976503372,0.242155522108078,0.989067240331115,0.009930406198887187
Sweden,2015,4.789818859641315,553964.4375,56529.97719981293,5.83,3.0340075464830716,2.750034508015458,2.6526537965774373,84.1571739317941,High-income countries,3.39594054222107,0.278935223817825,0.246479108929634,0.826110370638408,0.010571339169868299
Sweden,2016,1.466062423145864,569247.4375,57364.846855072115,5.84,3.1343808938863256,3.0340075464830716,2.750034508015458,83.2638007491712,High-income countries,3.40590810775757,0.285280525684357,0.259270548820496,0.824566704647705,0.012554086716541235
Sweden,2017,2.2753196217520255,590246.0625,58685.04285503221,3.31,2.951294770171865,3.1343808938863256,3.0340075464830716,85.9212504203118,High-income countries,3.41590476036072,0.297136038541794,0.268917858600616,0.821336279795921,0.013471105427085295
Sweden,2018,0.40469086728460724,599565.5625,58923.017069099464,3.05,2.656286283836046,2.951294770171865,3.1343808938863256,90.1296957156635,High-income countries,3.42593097686768,0.310833185911179,0.268157243728638,0.805614126792585,0.011618916742234031
Sweden,2019,5.3897347017827,639217.1875,62185.953327739466,0.26,2.7715239335035475,2.656286283836046,2.951294770171865,92.5210834810288,High-income countries,3.43598628044128,0.291931360960007,0.267042279243469,0.744533826582251,0.010141605696540879
Sweden,2020,-2.010644482138879,631037.5,60948.10099514318,0.45,2.9808122127891203,2.7715239335035475,2.656286283836046,84.3307817719974,High-income countries,3.44607138633728,0.289489567279816,0.270647436380386,0.769791221394954,0.007227451903100146
Sweden,2021,4.13650610461751,661654.4375,63522.09256008781,1.29,2.659984072013189,2.9808122127891203,2.7715239335035475,90.2779861793753,High-income countries,3.46478605270386,0.286443531513214,0.278015196323395,0.898001787458431,0.006013070616074145
Sweden,2022,-0.3564092476176839,663807.5625,63296.09692183088,1.67,2.5100364441604746,2.659984072013189,2.9808122127891203,105.855015275665,High-income countries,3.48372411727905,0.304811984300613,0.279302507638931,0.817567859885738,0.006812962521309807
Sweden,2023,-1.208058114451127,659848.6875,62536.043474033155,5.23,2.547192228609533,2.5100364441604746,2.659984072013189,106.740878308822,High-income countries,3.50288844108582,0.278383404016495,0.279506266117096,0.836533698085319,0.006098836557187681
Switzerland,1990,3.660350183914396,306354.75,45634.865956828464,0.0,0.0,,,82.5088186848906,High-income countries,3.46319651603699,0.406086146831512,0.0739812552928925,0.727522482623967,0.009787547762188487
Switzerland,1993,0.05636698029380938,305878.34375,44086.721037412804,0.0,0.0,0.0,,77.6711336900876,High-income countries,3.48264408111572,0.341353982686996,0.0763433873653412,0.690855911757702,0.009129764902058524
Switzerland,1995,0.7668584529358924,318508.59375,45239.6327336912,0.0,0.0,0.0,0.0,76.2521729078802,High-income countries,3.49566984176636,0.340386301279068,0.0745906010270119,0.881179688894254,0.0066823372736415365
Switzerland,1996,1.5806114909915792,325026.40625,45960.37664226063,0.0,0.0,0.0,0.0,78.7524849566866,High-income countries,3.50220084190369,0.33634740114212,0.072728730738163,0.83850146268983,0.004450857524383123
Switzerland,1997,4.329082142844776,340235.40625,47993.73441547331,0.0,0.0,0.0,0.0,88.4699784559434,High-income countries,3.50874423980713,0.308892726898193,0.0754305869340897,0.713511301763258,0.002440498897707144
Switzerland,1998,4.2320601457424445,356001.25,50068.45008171958,0.0,0.0,0.0,0.0,88.2156167655547,High-income countries,3.51529979705811,0.312468767166138,0.0762134045362473,0.728994994489001,0.0029758912691060235
Switzerland,1999,0.311789707237331,358812.0625,50224.8019735388,0.0,0.0,0.0,0.0,89.8170140994489,High-income countries,3.5218677520752,0.306974023580551,0.0797032862901688,0.70602736985595,0.004746609473144314
Switzerland,2000,2.120706183409382,368548.875,51301.29675541797,0.0,0.0,0.0,0.0,97.9368562124093,High-income countries,3.52844762802124,0.306648939847946,0.0834158733487129,0.651735823318671,0.0055675246661544
Switzerland,2001,-0.35139497520617624,369422.8125,51121.34293591366,0.0,0.0,0.0,0.0,96.0398378851633,High-income countries,3.53894829750061,0.302563220262527,0.0861680805683136,0.686967190924273,0.005882436032358607
Switzerland,2002,-1.4945999098628704,366579.53125,50362.96486677936,0.0,0.0,0.0,0.0,91.7818508640225,High-income countries,3.54948043823242,0.276944518089294,0.0912123173475266,0.753834982115391,0.007219677522298573
Switzerland,2003,-1.8112861508880584,362704.65625,49458.95923840453,0.0,0.0,0.0,0.0,90.3354963143961,High-income countries,3.56004357337952,0.281977087259293,0.0875361859798431,0.858432356784972,0.0074862456284734424
Switzerland,2004,1.4126354647897799,370410.3125,50162.592220626924,0.0,0.0,0.0,0.0,95.5170944588529,High-income countries,3.57063841819763,0.270082026720047,0.0825920850038528,0.91525475928761,0.006896105308090705
Switzerland,2005,3.3721874786758477,385585.375,51883.01376391768,0.0,0.0,0.0,0.0,102.261172141836,High-income countries,3.58126473426819,0.311334222555161,0.0712392702698708,0.866646555511158,0.006429415418651718
Switzerland,2006,7.357532364303765,417631.8125,55844.26153662448,0.0,0.0,0.0,0.0,106.245154784945,High-income countries,3.59192276000977,0.328154623508453,0.0701988562941551,0.833046031203301,0.006262255269585015
Switzerland,2007,8.337487497028562,458003.6875,60699.8755264976,0.0,0.0,0.0,0.0,113.331857768509,High-income countries,3.60261249542236,0.318847626447678,0.0712371915578842,0.838952725655809,0.008902147396363524
Switzerland,2008,3.408931201891363,479936.9375,62804.76581998208,0.0,0.0,0.0,0.0,116.778000147488,High-income countries,3.6133337020874,0.318459510803223,0.0745482891798019,0.944213142151778,0.012688167651736748
Switzerland,2009,-0.955692315602974,481338.8125,62207.40451390572,0.0,0.0,0.0,0.0,109.775984764795,High-income countries,3.62408709526062,0.328241229057312,0.0801046937704086,0.923972538853403,0.01247362212368408
Switzerland,2010,1.8780651049974395,496048.96875,63386.739748877844,0.0,0.0,0.0,0.0,120.065123781818,High-income countries,3.63487243652344,0.304602980613709,0.0773477628827095,0.958741183674812,0.011322584090159182
Switzerland,2011,9.700538436015904,552769.125,69843.7128050084,0.0,0.0,0.0,0.0,125.556273159907,High-income countries,3.64234471321106,0.329123020172119,0.0755518674850464,1.03395754740923,0.011260385337215073
Switzerland,2012,2.193272917474154,571063.3125,71392.49850542436,0.0,0.0,0.0,0.0,126.453860464505,High-income countries,3.64983224868774,0.320097774267197,0.0718585550785065,0.920154997211594,0.010626935501929502
Switzerland,2013,-1.6046955493937531,568455.5625,70256.00924312606,0.0,0.0,0.0,0.0,133.693708414477,High-income countries,3.65733528137207,0.299085199832916,0.0749254375696182,0.973807682886963,0.011470015858176641
Switzerland,2014,0.817412244741611,580136.0,70832.6439961735,0.0,0.0,0.0,0.0,120.213423194635,High-income countries,3.66485381126404,0.306857347488403,0.0766139104962349,0.977831964188921,0.012165292456345789
Switzerland,2015,3.212786459299366,605930.8125,73145.29696880734,0.0,0.0,0.0,0.0,117.138482368571,High-income countries,3.67238759994507,0.304749011993408,0.0770951211452484,0.886779145096306,0.0113753853539591
Switzerland,2016,1.2702325702644401,620415.5,74080.33838250746,0.0,0.0,0.0,0.0,123.565924513577,High-income countries,3.67993688583374,0.309033900499344,0.076457142829895,0.855178562880158,0.010921280409760925
Switzerland,2017,2.2300082640700936,640369.875,75750.8935808389,0.0,0.0,0.0,0.0,123.621807421715,High-income countries,3.68750190734863,0.327048063278198,0.078314796090126,0.822864381738607,0.009356441591811926
Switzerland,2018,0.9562539854201191,651319.25,76478.73899880043,0.0,0.0,0.0,0.0,124.428504325808,High-income countries,3.69508242607117,0.325414776802063,0.0768104046583176,0.842141575435234,0.007391442429275585
Switzerland,2019,3.760749671374697,681138.4375,79409.68017110766,0.0,0.0,0.0,0.0,124.127612180467,High-income countries,3.70267844200134,0.324173361063004,0.0774543136358261,0.818978830716338,0.007158152997796208
Switzerland,2020,-2.9355452327379794,666296.5,77112.45608224075,0.0,0.0,0.0,0.0,121.785978141921,High-income countries,3.71028995513916,0.368854999542236,0.0817035138607025,0.838755241040019,0.00732464789379339
Switzerland,2021,4.793776855601273,704390.25,80899.091457551,0.0,0.0,0.0,0.0,130.016261288489,High-income countries,3.72179746627808,0.324875175952911,0.0804073363542557,0.851392943066373,0.007659999737345657
Switzerland,2022,3.076805103155067,733504.375,83426.88709128178,0.0,0.0,0.0,0.0,138.500698753519,High-income countries,3.73337984085083,0.3154476583004,0.0755089744925499,0.804185257695288,0.00973297612824453
Switzerland,2023,-1.4774099629633497,729190.1875,82203.39023653633,0.0,0.0,0.0,0.0,135.32000224909,High-income countries,3.74503779411316,0.324009150266647,0.0774609968066216,0.897092374865675,0.008875123697141607
Thailand,1989,6.9105592701451,316686.09375,5881.007122032226,27.58,33.900815831341816,,,72.4069335208579,Lower-middle-income countries,1.99527895450592,0.234280601143837,0.215189561247826,0.339452873099361,0.016464946537894765
Thailand,1991,6.334209045414063,371286.71875,6673.3257099887105,27.43,34.20861080197524,33.900815831341816,,78.4711349774175,Lower-middle-income countries,2.0642364025116,0.326593726873398,0.192194983363152,0.335627020384622,0.016292071067879554
Thailand,1993,7.44854397856205,455753.25,7938.818250313309,34.0,37.00886773988108,34.20861080197524,33.900815831341816,77.7461171174097,Lower-middle-income countries,2.10237717628479,0.371588706970215,0.19170069694519,0.298491263701969,0.015436271168731253
Thailand,1995,10.062528918731317,565034.5,9560.937457486038,13.46,14.684625272961128,37.00886773988108,34.20861080197524,89.7561749368245,Lower-middle-income countries,2.14122247695923,0.450295507907867,0.175998911261559,0.2859957083399,0.014270598715353522
Thailand,1999,0.01129543032956093,540540.5,8676.545801835191,25.35,31.78205895819456,14.684625272961128,37.00886773988108,100.706288704433,Lower-middle-income countries,2.22107982635498,0.229513570666313,0.215669021010399,0.220958125616186,0.012540989911008715
Thailand,2000,1.6854439831993417,555982.4375,8824.023456455361,10.06,9.488901773144464,31.78205895819456,14.684625272961128,121.297955351472,Lower-middle-income countries,2.24150514602661,0.240145355463028,0.207358449697495,0.223543690682835,0.011312701797584701
Thailand,2001,0.6041485113639666,565062.6875,8877.495024009075,9.33,9.542128854627371,9.488901773144464,31.78205895819456,120.267966273533,Lower-middle-income countries,2.27084016799927,0.235176801681519,0.199105635285378,0.216664286376994,0.010158484684113844
Thailand,2002,6.538857224467698,609077.5,9477.380860557121,2.1,8.417694431314688,9.542128854627371,9.488901773144464,114.969743021067,Lower-middle-income countries,2.30055904388428,0.233539432287216,0.184706375002861,0.220711945951332,0.009620268849073632
Thailand,2003,6.851519130971084,658378.625,10149.48726930248,8.05,9.794773921250838,8.417694431314688,9.542128854627371,116.692819704865,Lower-middle-income countries,2.33066654205322,0.240107521414757,0.180427506566048,0.237703334986063,0.009319475046335235
Thailand,2004,6.108716553344351,706150.3125,10788.819370309382,1.39,6.2408516184313765,9.794773921250838,8.417694431314688,127.411873720393,Lower-middle-income countries,2.361168384552,0.25405365228653,0.170905441045761,0.25480307190695,0.008960772753039414
Thailand,2005,4.738573443275307,746812.9375,11312.361759971838,1.33,5.650264687090273,6.2408516184313765,9.794773921250838,137.853866832247,Lower-middle-income countries,2.3920693397522,0.278532475233078,0.171858817338943,0.274964892475261,0.008600878944618806
Thailand,2006,7.480960608090292,811532.9375,12191.094118982983,4.6,5.4689915736502845,5.650264687090273,6.2408516184313765,134.086946191268,Lower-middle-income countries,2.42337465286255,0.250614613294601,0.164162442088127,0.298484778624903,0.008300633033684335
Thailand,2007,7.929818458429061,885563.0,13197.189358102483,0.8,4.421641036777852,5.4689915736502845,5.650264687090273,129.873226989717,Lower-middle-income countries,2.4550895690918,0.244359046220779,0.16522741317749,0.32097600208962,0.008000441805411818
Thailand,2008,2.8535594242928397,918223.4375,13579.203578299444,2.74,4.44540655041544,4.421641036777852,5.4689915736502845,140.437011540931,Lower-middle-income countries,2.48721981048584,0.264321625232697,0.161909848451614,0.342664537756579,0.0076815617938938985
Thailand,2009,4.072535158756985,963479.8125,14143.636778806207,2.94,4.962051836550085,4.44540655041544,4.421641036777852,119.269418854589,Lower-middle-income countries,2.51977038383484,0.203887492418289,0.178679555654526,0.314194949325835,0.0073854268159596614
Thailand,2010,9.003748630994401,1061348.125,15476.183775585125,1.0,5.189910682935387,4.962051836550085,4.44540655041544,127.250522638251,Upper-middle-income countries,2.55274677276611,0.247347310185432,0.174757555127144,0.344177311177868,0.006706173383435932
Thailand,2011,2.8904247094352797,1099287.5,15930.038786672834,2.5,5.045955266831513,5.189910682935387,4.962051836550085,139.675407224576,Upper-middle-income countries,2.5733745098114,0.251619398593903,0.171083047986031,0.368534236830071,0.006218079482539274
Thailand,2013,0.5902607543790239,1215799.75,17407.083765372623,0.99,6.103784528487257,5.045955266831513,5.189910682935387,132.462274174269,Upper-middle-income countries,2.61029958724976,0.24161584675312,0.180910289287567,0.395261844952807,0.005873256986806297
Thailand,2014,-0.48469684765617416,1216352.25,17322.91632234405,1.35,6.623398764300069,6.103784528487257,5.045955266831513,130.905495444398,Upper-middle-income countries,2.63583588600159,0.210790991783142,0.189760893583298,0.391197807851267,0.0053012986413722984
Thailand,2015,3.5589347942428518,1266244.625,17950.529548185557,5.35,6.200488448095211,6.623398764300069,6.103784528487257,124.839662152526,Upper-middle-income countries,2.66162204742432,0.198854863643646,0.188871487975121,0.373316018760671,0.004609762940593676
Thailand,2016,4.072086321548518,1324836.5,18696.577374482113,2.56,6.326449692920347,6.200488448095211,6.623398764300069,120.57522728913,Upper-middle-income countries,2.68766045570374,0.18871508538723,0.183166027069092,0.368091408912853,0.004512660627971954
Thailand,2017,2.2133917745454923,1360228.375,19115.01968087858,2.41,5.150756008865274,6.326449692920347,6.200488448095211,120.891427433638,Upper-middle-income countries,2.6924512386322,0.204695075750351,0.174546211957932,0.385440860798811,0.004229635101340001
Thailand,2018,4.067736275220923,1420997.75,19908.59921010791,2.25,4.891346606995562,5.150756008865274,6.326449692920347,120.841864730984,Upper-middle-income countries,2.69725036621094,0.226613193750381,0.17929719388485,0.405682323605625,0.0030292945248984182
Thailand,2019,4.416440756791928,1488203.625,20807.555523509593,2.49,6.2873135482066305,4.891346606995562,5.150756008865274,109.689514715166,Upper-middle-income countries,2.76140666007996,0.214125648140907,0.183807328343391,0.419322127893487,0.0020460985169243884
Thailand,2020,-6.271008738505657,1400074.0,19542.7833404456,4.53,6.18997743874713,6.2873135482066305,4.891346606995562,97.8007432465178,Upper-middle-income countries,2.78379058837891,0.208782970905304,0.202080205082893,0.41219781654522,0.0016654079456621673
Thailand,2021,0.7979601188027985,1412981.875,19699.350799776017,3.77,6.650945963786958,6.18997743874713,6.2873135482066305,117.252944620852,Upper-middle-income countries,2.80635571479797,0.243654876947403,0.211121574044228,0.411166369740034,0.001197582747147763
Thailand,2022,0.4440299865663633,1419428.125,19787.01631102856,2.16,5.528611477169048,6.650945963786958,6.18997743874713,132.858712082871,Upper-middle-income countries,2.82910394668579,0.221317425370216,0.204147592186928,0.416342722383927,0.0001114854548571742
Thailand,2023,11.860310387591078,1597433.875,22278.655878283633,4.75,6.122574575295682,5.528611477169048,6.650945963786958,128.824114152375,Upper-middle-income countries,2.86166048049927,0.181755691766739,0.176253154873848,0.388023643200289,-0.0004586518871931844
Togo,1996,12.007239305211481,7609.31591796875,1662.1993503446479,8.32,13.853308056745881,,,59.4098688003353,Low-income countries,1.62374687194824,0.132334977388382,0.120222039520741,0.336847252081106,0.037168306227198133
Togo,1997,4.959837954204627,8253.306640625,1746.720473864716,8.56,14.661755818394932,13.853308056745881,,53.2069014922318,Low-income countries,1.64339935779572,0.1113101541996,0.0992642864584923,0.331635801994678,0.03164227010888898
Togo,1998,-14.820976035018596,7321.0703125,1506.1101304425733,8.89,13.825962582190177,14.661755818394932,13.853308056745881,55.737924512227,Low-income countries,1.66328966617584,0.159354194998741,0.136071249842644,0.32285432160931,0.02835237021931225
Togo,1999,5.79475902583102,7980.24853515625,1595.9638441764332,9.5,14.992588187457814,13.825962582190177,14.661755818394932,50.108899621779,Low-income countries,1.68342065811157,0.104868501424789,0.119627147912979,0.290893474313854,0.028265430635721067
Togo,2000,-7.148563534225083,7637.36376953125,1485.8577417888723,9.57,11.361749052900837,14.992588187457814,13.825962582190177,48.8080041114183,Low-income countries,1.70379531383514,0.159549072384834,0.128661558032036,0.280965577729204,0.027568566897812508
Togo,2001,-2.197988521041161,7670.96533203125,1453.5550642404226,10.04,10.911745857656157,11.361749052900837,14.992588187457814,51.3941520650307,Low-income countries,1.71390092372894,0.164125040173531,0.153517067432404,0.274274912706353,0.026369863534095872
Togo,2002,1.9436756373102604,8022.92578125,1482.083814942676,9.03,10.200830541548916,10.911745857656157,11.361749052900837,51.609565282441,Low-income countries,1.72273302078247,0.172826290130615,0.126899614930153,0.297463506207395,0.025423943995380727
Togo,2003,3.1187086630136918,8489.4521484375,1529.034005720199,6.76,10.784039426701492,10.200830541548916,10.911745857656157,55.389978417259,Low-income countries,1.73161065578461,0.185192450881004,0.132132098078728,0.346460137641592,0.025334216588630776
Togo,2004,-5.517054309528557,8242.6259765625,1446.9611868468369,9.99,10.79223711841976,10.784039426701492,10.200830541548916,57.8710938708872,Low-income countries,1.74053406715393,0.192851662635803,0.13496907055378,0.378045084252497,0.02566505352329984
Togo,2005,2.954201426997116,8710.5166015625,1490.3450023726905,7.03,10.381377046016688,10.79223711841976,10.784039426701492,61.4542800128481,Low-income countries,1.74950337409973,0.149993881583214,0.162571370601654,0.410810529447599,0.025670106523946634
Togo,2006,9.948723453545583,9895.01171875,1646.2416022229143,7.45,11.103203248137806,10.381377046016688,10.79223711841976,61.6128604620733,Low-income countries,1.7528635263443,0.0932950004935265,0.109561540186405,0.421447337884624,0.028012428407048873
Togo,2007,8.238201861116945,11062.31640625,1787.6052795788341,10.84,10.95526433896526,11.103203248137806,10.381377046016688,60.9274783294209,Low-income countries,1.75622999668121,0.119312278926373,0.122503198683262,0.514446769295114,0.029131632175879885
Togo,2008,2.071218084511006,11623.1875,1825.0165808003126,9.54,10.955264338965259,10.95526433896526,11.103203248137806,61.4424800630784,Low-income countries,1.75960302352905,0.125897377729416,0.140398815274239,0.53437195132384,0.028745430342832723
Togo,2009,2.6898208399039447,12283.255859375,1874.7724288237014,11.25,11.018590603174701,10.955264338965259,10.95526433896526,61.333407315669,Low-income countries,1.76298260688782,0.111349001526833,0.141735181212425,0.499370021149243,0.02833678896703029
Togo,2010,0.8568529865055297,12730.69140625,1890.905491980055,10.64,11.111562570654844,11.018590603174701,10.955264338965259,65.8567920612471,Low-income countries,1.76636850833893,0.124722741544247,0.149106249213219,0.468461088563192,0.027210171662463534
Togo,2011,1.7933486983851665,13315.0556640625,1925.1219138628296,9.07,11.521619888473015,11.111562570654844,11.018590603174701,76.6552742619342,Low-income countries,1.79985272884369,0.165551006793976,0.139119401574135,0.485105445408382,0.026946188593587328
Togo,2012,2.4277711190295648,14005.71484375,1972.4314273548543,8.51,9.701674541917495,11.521619888473015,11.111562570654844,74.611097701708,Low-income countries,1.84620332717896,0.140519604086876,0.122662104666233,0.468985254900039,0.02629233844762835
Togo,2013,0.7020490386804745,14471.2744140625,1986.327585074797,8.35,9.664572685120083,9.701674541917495,11.521619888473015,80.9905886455063,Low-income countries,1.8937474489212,0.173285692930222,0.136317953467369,0.516598987529725,0.025679669775051872
Togo,2014,3.1417067592979464,15316.451171875,2049.7228046858795,8.35,9.66286113662877,9.664572685120083,9.701674541917495,69.9237466833915,Low-income countries,1.94251608848572,0.173911213874817,0.13643454015255,0.522877327894367,0.025344813530877364
Togo,2015,2.9738187204332966,16181.55078125,2111.5932429293525,9.26,11.197075553477111,9.66286113662877,9.664572685120083,68.2000884209784,Low-income countries,1.99254059791565,0.187664791941643,0.147350877523422,0.45486650370937,0.025206074664890554
Togo,2016,3.887374488321882,17251.263671875,2195.2951427308158,13.69,11.220695298186621,11.197075553477111,9.66286113662877,65.5287522131519,Low-income countries,2.04385328292847,0.148533284664154,0.179042249917984,0.464279094769208,0.025139899648649155
Togo,2017,1.2867416429996226,17916.8671875,2223.7254394859715,11.58,13.511334463816507,11.220695298186621,11.197075553477111,57.6019844158645,Low-income countries,2.09648752212524,0.127351477742195,0.168207868933678,0.461708703586216,0.02498975657266911
Togo,2018,1.2114921492116792,18589.1015625,2250.8295491778567,14.92,13.5300686607293,13.511334463816507,11.220695298186621,57.3558037086364,Low-income countries,2.10217022895813,0.149640098214149,0.159224554896355,0.471308623614961,0.024717979861078376
Togo,2019,5.06246544849871,20038.095703125,2367.7105871210065,13.31,12.681592307712455,13.5300686607293,13.511334463816507,56.1423934002099,Low-income countries,2.10789394378662,0.147743627429008,0.157293677330017,0.426684227225094,0.02443512093167932
Togo,2020,3.185731424102123,21191.86328125,2444.3538293335887,11.38,12.681592307712455,12.681592307712455,13.5300686607293,55.5485385608639,Low-income countries,2.11365866661072,0.161100447177887,0.156793013215065,0.419731631021065,0.024124739368431847
Togo,2021,3.2610327282915463,22421.271484375,2525.3789553673028,11.56,12.616352728545337,12.681592307712455,12.681592307712455,57.5850134996963,Low-income countries,2.11946487426758,0.160102620720863,0.154120355844498,0.419476992852211,0.0237825002957619
Togo,2022,0.023328183409354608,22960.388671875,2525.96814912322,2.5,16.373367769557444,12.616352728545337,12.681592307712455,65.4877850146886,Low-income countries,2.12531304359436,0.172219589352608,0.157083570957184,0.391700448489898,0.023527089596052875
Togo,2023,3.8670058426214737,24429.1015625,2625.5606995425896,15.6,16.622662177093034,16.373367769557444,12.616352728545337,61.4273567726824,Low-income countries,2.13120365142822,0.181962862610817,0.151964873075485,0.422574194506398,0.023334550648910657
Tunisia,1990,4.931370585635797,52998.1640625,6366.521324260685,19.13,25.883130811114114,,,94.161265567647,Lower-middle-income countries,1.58372330665588,0.115203902125359,0.208999380469322,0.53528354831093,0.02098246765398848
Tunisia,1992,7.488202107363406,62498.2890625,7198.180556790478,19.19,26.03840379950547,25.883130811114114,,86.0000875541741,Lower-middle-income countries,1.64442181587219,0.144537791609764,0.177908435463905,0.495572223457846,0.021029806149352126
Tunisia,1995,6.340305865205487,79567.6328125,8685.229999253377,18.95,27.352016145586663,26.03840379950547,25.883130811114114,93.7144465686907,Lower-middle-income countries,1.73224711418152,0.147662445902824,0.134318545460701,0.373751264016888,0.01571124831492554
Tunisia,1996,12.965738592751386,91899.609375,9887.59822816499,14.64,24.864036793393986,27.352016145586663,26.03840379950547,85.7203547620671,Lower-middle-income countries,1.75936055183411,0.171808406710625,0.113276332616806,0.309706751861122,0.014432005682761595
Tunisia,1997,-1.017682081863036,92210.53125,9787.484197990292,14.64,24.864036793393986,24.864036793393986,27.352016145586663,80.5007104439621,Lower-middle-income countries,1.78689825534821,0.182518944144249,0.121882379055023,0.295064660221366,0.013554387850260419
Tunisia,1998,-1.6118297648482383,91895.7109375,9630.991202847468,18.75,25.673814009262614,24.864036793393986,24.864036793393986,79.9794582620079,Lower-middle-income countries,1.81486713886261,0.180931821465492,0.131053760647774,0.321404915048439,0.01269830910694747
Tunisia,1999,-0.8268805014782998,92230.6953125,9551.682759399555,40.72,27.428625519754856,25.673814009262614,24.864036793393986,77.9051139411665,Lower-middle-income countries,1.84327363967896,0.169383898377419,0.136071279644966,0.358017197163814,0.011907443832681608
Tunisia,2000,0.4932895988799757,93732.796875,9598.916621052778,32.95,23.381459463714553,27.428625519754856,25.673814009262614,82.639110670191,Lower-middle-income countries,1.87212479114532,0.187757506966591,0.146008878946304,0.309595307165029,0.011222255907004097
Tunisia,2001,1.2802346656760832,95958.875,9722.59527844731,33.98,23.504390077933706,23.381459463714553,27.428625519754856,89.5522011944661,Lower-middle-income countries,1.90442144870758,0.206021353602409,0.147282287478447,0.287483468014763,0.010669219598826718
Tunisia,2002,-0.8682316995347605,96110.90625,9638.546023347506,45.01,26.39333749968863,23.504390077933706,23.381459463714553,85.3421759692656,Lower-middle-income countries,1.9372752904892,0.208610996603966,0.157150164246559,0.27193067267331,0.01026540081792282
Tunisia,2003,0.6822099266173609,97740.4140625,9704.525945993659,31.54,22.14025545870458,26.39333749968863,23.504390077933706,82.390340709916,Lower-middle-income countries,1.97069573402405,0.206731289625168,0.170916557312012,0.316139369126088,0.0099902308432549
Tunisia,2004,1.8540850040640322,100504.0546875,9886.134492187466,26.95,22.329591595563578,22.14025545870458,26.39333749968863,86.9253446966283,Lower-middle-income countries,2.00469303131104,0.209394723176956,0.176025584340096,0.347380121455437,0.0093420935939732
Tunisia,2005,2.9302550177217057,104401.828125,10180.109518606263,25.28,19.626520728205325,22.329591595563578,22.14025545870458,90.2512478803945,Lower-middle-income countries,2.03927659988403,0.205834195017815,0.177967444062233,0.320907314660543,0.008746564059330275
Tunisia,2006,4.083778394936921,109717.96875,10604.448185409237,25.66,19.109730797672107,19.626520728205325,22.329591595563578,93.9409304094309,Lower-middle-income countries,2.07380843162537,0.218127548694611,0.187525391578674,0.332975944913213,0.008828182844401233
Tunisia,2007,5.754024217714715,117286.703125,11232.527333666485,34.5,20.18457043273861,19.109730797672107,19.626520728205325,104.059400976647,Lower-middle-income countries,2.10892534255981,0.225703209638596,0.189718380570412,0.343779979321861,0.009167996348801832
Tunisia,2008,3.498842071611463,122637.1171875,11632.491989668617,17.91,15.857419545283078,20.18457043273861,19.109730797672107,114.343660218696,Lower-middle-income countries,2.14463663101196,0.238182350993156,0.194726660847664,0.386992366116525,0.009619915881435848
Tunisia,2009,4.785866986320464,129967.5390625,12202.74450643109,19.58,18.506488025508162,15.857419545283078,20.18457043273861,93.0168787876722,Lower-middle-income countries,2.18095278739929,0.246523201465607,0.202039554715157,0.326352969998517,0.010196321904673233
Tunisia,2010,3.473747898673807,136018.3125,12634.085563970952,16.05,13.659514159930126,18.506488025508162,15.857419545283078,100.151009836799,Upper-middle-income countries,2.21788382530212,0.264582186937332,0.206566452980042,0.30788220842316,0.010767328663775722
Tunisia,2011,-1.986904994707217,134829.375,12385.535688613898,20.52,14.435452822183153,13.659514159930126,18.506488025508162,100.106379304237,Upper-middle-income countries,2.27330327033997,0.23700812458992,0.22576180100441,0.33306652832017,0.011089612708677254
Tunisia,2012,0.955536269205659,137669.59375,12504.45120992526,9.3,12.200489636714376,14.435452822183153,13.659514159930126,101.550723929668,Upper-middle-income countries,2.33010721206665,0.229541182518005,0.206614419817925,0.3569787976003,0.011291113313014911
Tunisia,2013,-2.066659343812205,136466.953125,12248.678875498244,4.06,10.627272651678872,12.200489636714376,14.435452822183153,98.9549566862038,Upper-middle-income countries,2.38833093643188,0.199271619319916,0.207220137119293,0.415234023213733,0.01189251093002408
Tunisia,2014,1.3493667114524044,139971.171875,12415.078617381425,8.63,12.12370589087685,10.627272651678872,12.200489636714376,96.1071038558701,Upper-middle-income countries,2.44800925254822,0.191548228263855,0.200366526842117,0.455483912659078,0.011860335447440473
Tunisia,2015,-0.430837825893704,140951.421875,12361.704822393167,4.07,10.604258162083694,12.12370589087685,10.627272651678872,87.2485306596052,Lower-middle-income countries,2.50917887687683,0.154244258999825,0.200280830264092,0.456289653233634,0.011287197337976007
Tunisia,2016,0.8438877030103598,143721.8125,12466.465137274243,10.14,9.091298359598209,10.604258162083694,12.12370589087685,87.0926643641466,Lower-middle-income countries,2.56798410415649,0.127465233206749,0.199933469295502,0.491982918142579,0.011025391156942899
Uganda,1994,25.708616073133506,25069.32421875,1246.6841866280342,12.64,16.77821722398963,,,27.8393598574633,Low-income countries,1.54768538475037,0.124218925833702,0.106261037290096,0.362352262523755,0.03355933259165722
Uganda,2000,1.335695396986658,31902.349609375,1329.2562592056715,8.88,7.301360625682626,16.77821722398963,,32.7490333383822,Low-income countries,1.67810726165771,0.147995159029961,0.132277294993401,0.33598213871767,0.0314418360294888
Uganda,2001,3.712430706976111,34137.4375,1379.5314179333795,3.72,7.2086533539514255,7.301360625682626,16.77821722398963,35.3299767819725,Low-income countries,1.70382010936737,0.14823055267334,0.139860674738884,0.324199751011805,0.030590686352519825
Uganda,2002,2.5068495589732898,36117.5546875,1414.551309253523,8.76,7.067542511030151,7.2086533539514255,7.301360625682626,36.2777941561831,Low-income countries,1.72478854656219,0.15524072945118,0.143985882401466,0.319873699649986,0.031315875018757655
Uganda,2003,0.6593543191975471,37523.02734375,1423.909030776798,6.25,6.648540140697488,7.067542511030151,7.2086533539514255,36.5857264641268,Low-income countries,1.74467086791992,0.162408202886581,0.148183539509773,0.322699975562395,0.03158223724971876
Uganda,2004,2.6840572277824215,39717.41796875,1462.6450875204364,2.75,6.271255625281669,6.648540140697488,7.067542511030151,35.4600862456436,Low-income countries,1.76478230953217,0.170650407671928,0.148314848542213,0.363665127826752,0.02999445194703876
Uganda,2005,6.691854693302801,43731.015625,1563.8723908693287,7.1,12.550782513457085,6.271255625281669,6.648540140697488,38.9942854839061,Low-income countries,1.78512573242188,0.183748379349709,0.147189855575562,0.357236452329295,0.02934921188292261
Uganda,2006,7.603041437554392,48587.3203125,1687.4111012803603,12.82,10.445165826125557,12.550782513457085,6.271255625281669,43.6332857896204,Low-income countries,1.82103645801544,0.191293820738792,0.135788232088089,0.328502132229067,0.029274593513158642
Uganda,2007,6.830395540859069,53574.71484375,1806.6953753326343,4.66,11.036271163956425,10.445165826125557,12.550782513457085,46.7774166522822,Low-income countries,1.85766959190369,0.208214655518532,0.118500955402851,0.374075204173623,0.02941066542840476
Uganda,2008,6.510968251897076,58887.671875,1928.2427570239813,13.6,11.143961572985935,11.036271163956425,10.445165826125557,56.2582682050634,Low-income countries,1.89503967761993,0.208287373185158,0.104248538613319,0.359963151523246,0.029444861420195867
Uganda,2009,11.745303609684754,68203.625,2168.5573605875347,4.85,12.112601672130355,11.143961572985935,11.036271163956425,47.0638780748379,Low-income countries,1.93316149711609,0.216943457722664,0.0993098840117455,0.380470443416599,0.0294129171098807
Uganda,2010,20.756903300772223,86444.765625,2668.8059661196407,13.65,11.876573303392885,12.112601672130355,11.143961572985935,38.2692490371291,Low-income countries,1.97205018997192,0.220591574907303,0.0771627277135849,0.373983523191934,0.02943891335430404
Uganda,2011,6.106856893487311,94622.3515625,2836.865477740169,10.08,10.547265862477147,11.876573303392885,12.112601672130355,39.7552255606122,Low-income countries,2.01898336410522,0.221836641430855,0.0714207291603088,0.312430355015413,0.02931949136801304
Uganda,2012,-9.343382146849866,88721.4921875,2583.8122281429382,14.19,11.80492137243417,10.547265862477147,11.876573303392885,43.5021371397314,Low-income countries,2.06703329086304,0.217941418290138,0.112061716616154,0.397042297583374,0.029042260840317358
Uganda,2013,-34.32719817369723,64775.38671875,1833.073258331866,12.85,11.354887971210843,11.80492137243417,10.547265862477147,43.1091548734687,Low-income countries,2.11622667312622,0.215539142489433,0.0446032881736755,0.432587556134952,0.02869551638630874
Uganda,2014,45.656311384659,105319.9921875,2893.76102350071,7.43,8.520981349682348,11.354887971210843,11.80492137243417,36.0144010819085,Low-income countries,2.16659092903137,0.194167017936707,0.0637283176183701,0.464202209704037,0.029514449987213975
Uganda,2015,-12.05199634299996,96275.7265625,2565.2016328520886,3.95,8.22473509485438,8.520981349682348,11.354887971210843,37.6892983324358,Low-income countries,2.21815395355225,0.162538260221481,0.0851005911827087,0.439820437759086,0.030732929394189146
Uganda,2016,-4.262013273755727,95374.890625,2458.1694626985663,11.33,8.211117382415294,8.22473509485438,8.520981349682348,31.2093620232119,Low-income countries,2.27094388008118,0.160616382956505,0.083149641752243,0.482922299980851,0.0332192491389276
Uganda,2017,0.19470574370723526,98955.3125,2462.960322358437,4.0,10.812093428959415,8.211117382415294,8.22473509485438,36.8370529334101,Low-income countries,2.32499027252197,0.150413811206818,0.0994849726557732,0.510295419905852,0.03490595908702421
Uganda,2018,4.13164508630981,106693.359375,2566.8525519193877,20.31,11.54440367887315,10.812093428959415,8.211117382415294,36.6384055999567,Low-income countries,2.38032293319702,0.162865221500397,0.105522342026234,0.47526328764225,0.033974109758277304
Uganda,2019,4.840934801852637,115848.2890625,2694.1690010662182,9.06,13.734116094271338,11.54440367887315,10.812093428959415,39.3610539647435,Low-income countries,2.43697237968445,0.173737481236458,0.112010210752487,0.451492943090512,0.03391321423187721
Uganda,2020,-4.565141916412507,114430.109375,2573.941519578222,12.87,13.571020473541717,13.734116094271338,11.54440367887315,37.0006923916369,Low-income countries,2.49497008323669,0.172055333852768,0.114610381424427,0.429167695087088,0.03333417510696446
Uganda,2021,2.4164885107802014,121062.4453125,2636.8981267096965,12.87,13.706420645954468,13.571020473541717,13.734116094271338,41.7136307424781,Low-income countries,2.57095623016357,0.210122689604759,0.118841953575611,0.40977355096556,0.03217736617614397
Uganda,2022,4.195956255641686,130105.0234375,2749.8952963895395,7.23,11.964976319994568,13.706420645954468,13.571020473541717,34.5053019270937,Low-income countries,2.62941098213196,0.201149433851242,0.119201563298702,0.397901119178348,0.030075944904267793
Uganda,2023,3.044923146234968,137937.34375,2834.915323205581,5.09,14.470582693310083,11.964976319994568,13.706420645954468,33.3416963302219,Low-income countries,2.69167518615723,0.193425580859184,0.106772318482399,0.43320736909159,0.02800832289624333
Ukraine,1995,-13.133478186040826,343870.59375,6655.705145164555,2.99,3.3738606739691144,,,97.2296964841051,Lower-middle-income countries,2.94171571731567,0.125795468688011,0.450315654277802,0.349027090938651,-0.007913149423243393
Ukraine,1997,-7.494586093660338,286997.40625,5651.014159462626,1.91,3.9324360535471485,3.3738606739691144,,84.2414161623735,Lower-middle-income countries,2.99283599853516,0.106202386319637,0.408047825098038,0.392977918869056,-0.008611191514109162
Ukraine,2002,6.191486658699752,305456.15625,6275.127738749417,0.95,3.8548274034290535,3.9324360535471485,3.3738606739691144,95.994669810112,Lower-middle-income countries,3.11161279678345,0.138549000024796,0.226352035999298,0.22759606269238,-0.008786226091097582
Ukraine,2006,9.943011133015567,457434.71875,9675.282459155915,2.48,4.08714652062441,3.8548274034290535,3.9324360535471485,89.181052639031,Lower-middle-income countries,3.18130683898926,0.159098029136658,0.16213995218277,0.386368561756578,-0.00646951976746335
Ukraine,2007,12.846257098588332,517764.15625,11001.559156130072,2.28,4.487009125401773,4.08714652062441,3.8548274034290535,88.0465606718626,Lower-middle-income countries,3.18938279151917,0.177191659808159,0.161842241883278,0.460158574849225,-0.004576912497517682
Ukraine,2008,7.096407173753505,552964.5625,11810.643021796091,2.31,4.662907378266149,4.487009125401773,4.08714652062441,94.1718921417534,Lower-middle-income countries,3.19747877120972,0.172809898853302,0.170438498258591,0.547999052725151,-0.00518999631278394
Ukraine,2009,-15.180791698536922,473098.125,10147.152852267443,2.07,2.466399910085194,4.662907378266149,4.487009125401773,87.4761626200316,Lower-middle-income countries,3.20559573173523,0.0891646519303322,0.224204212427139,0.505298685543614,-0.004183180797184161
Ukraine,2010,2.3507108603089577,482608.59375,10388.508752033616,4.01,2.9045205077827254,2.466399910085194,4.662907378266149,95.72973045329,Lower-middle-income countries,3.21373295783997,0.107322178781033,0.24773858487606,0.556152236737973,-0.0036039677884280863
Ukraine,2011,10.000658598583811,531667.5625,11481.153369386397,2.91,2.416535741772473,2.9045205077827254,2.466399910085194,104.805073904259,Lower-middle-income countries,3.22197246551514,0.11066110432148,0.250747621059418,0.624341031269832,-0.0031941347060500114
Ukraine,2012,4.7458139465668125,556330.4375,12039.163888916299,1.89,2.5620645416557233,2.416535741772473,2.9045205077827254,102.622788356626,Lower-middle-income countries,3.23026084899902,0.119311027228832,0.270747691392899,0.584603481371941,-0.002114121200585295
Ukraine,2013,7.258862249800124,597137.3125,12945.569622585757,2.1,2.78346177818665,2.5620645416557233,2.416535741772473,94.0016694501782,Lower-middle-income countries,3.23859786987305,0.108863309025764,0.306548178195953,0.529368507391946,-0.0018039611321771787
Ukraine,2014,-6.088785916238848,559983.0625,12180.858648170923,3.27,2.6140395278500246,2.78346177818665,2.5620645416557233,100.691782483624,Lower-middle-income countries,3.24698424339294,0.0716742724180222,0.271058350801468,0.464701690993076,-0.0033526942348354183
Ukraine,2015,-3.136503749054853,540478.5625,11804.734961066635,2.25,2.416535839003766,2.6140395278500246,2.78346177818665,107.806616298156,Lower-middle-income countries,3.2554202079773,0.0927659496665001,0.39075317978859,0.302051225976414,-0.004086526302512272
Ukraine,2016,4.437102377026392,562926.1875,12340.317440281691,2.25,2.416535839003766,2.416535839003766,2.6140395278500246,105.521204913122,Lower-middle-income countries,3.26390647888184,0.126601278781891,0.391772598028183,0.288291239413958,-0.003677483852526642
Ukraine,2017,0.20502923708214382,561845.9375,12365.644654207437,1.92,2.719581040733855,2.416535839003766,2.416535839003766,104.034982911399,Lower-middle-income countries,3.27244305610657,0.135247901082039,0.346235871315002,0.290727255053956,-0.003971126481359999
Ukraine,2018,2.8909790717342787,575434.8125,12728.35046642468,1.81,2.735551473385663,2.719581040733855,2.416535839003766,99.1998150718675,Lower-middle-income countries,3.28103017807007,0.129074811935425,0.323780000209808,0.319245595934739,-0.005011519789908103
Ukraine,2019,8.382589289778508,622270.1875,13841.311657345039,1.2,2.7189285844248383,2.735551473385663,2.719581040733855,90.5112342910763,Lower-middle-income countries,3.28966856002808,0.120117738842964,0.276178896427155,0.300360234698157,-0.005577460105895771
Ukraine,2020,7.660825475299049,667668.8125,14943.343851682768,1.95,3.3061462954690195,2.7189285844248383,2.735551473385663,79.1564523761815,Lower-middle-income countries,3.29835844039917,0.0770255401730537,0.281065374612808,0.277396497775344,-0.006190377300877792
Ukraine,2021,11.141849607746401,739991.3125,16704.6056605801,1.72,3.624613872567687,3.3061462954690195,2.7189285844248383,82.69796136345,Lower-middle-income countries,3.30710029602051,0.133865013718605,0.271722704172134,0.304638530762131,-0.00857231073467668
Ukraine,2022,-21.179283323978204,554824.8125,13516.236090994793,5.5,4.049828464654309,3.624613872567687,3.3061462954690195,87.3965139907244,Lower-middle-income countries,3.31589460372925,0.103906080126762,0.441323816776276,0.329613965193968,-0.07619320226031645
Ukraine,2023,14.121069193192781,587357.125,15566.206711841114,2.51,4.044325599377197,4.049828464654309,3.624613872567687,77.5096141935657,Upper-middle-income countries,3.32474160194397,0.126131758093834,0.443777233362198,0.346741550318857,-0.0842300777431606
United Kingdom,2000,5.189335953596874,2676896.0,45327.06841612129,1.36,3.1918516609052094,,,52.521730598718,High-income countries,3.50959134101868,0.183448284864426,0.143142208456993,0.644840707507192,0.0037097316290104487
United Kingdom,2001,2.7772068277124973,2763034.75,46603.53791123985,2.04,3.602464742577783,3.1918516609052094,,52.8216135097523,High-income countries,3.52848124504089,0.181982904672623,0.150567576289177,0.619100824803028,0.0038996401690170046
United Kingdom,2002,-0.2974968410983436,2766567.5,46465.09988459503,1.7,3.7384964837886523,3.602464742577783,3.1918516609052094,51.3796342070387,High-income countries,3.54747271537781,0.179814085364342,0.166238039731979,0.681229995090628,0.004252727758194297
United Kingdom,2003,0.21459981226108482,2785531.5,46564.92097133778,1.59,3.7611540618492296,3.7384964837886523,3.602464742577783,50.2395230519083,High-income countries,3.56656646728516,0.180642306804657,0.160702422261238,0.762414746801691,0.004685318735818456
United Kingdom,2004,3.087589299490112,2889667.5,48025.08035279461,1.28,3.653276779894264,3.7611540618492296,3.7384964837886523,50.4517112404991,High-income countries,3.5857629776001,0.189829424023628,0.166005030274391,0.824560286865752,0.005826851630359009
United Kingdom,2005,0.35974954951889515,2920621.0,48198.16150568614,1.12,3.514561673467929,3.653276779894264,3.7611540618492296,52.6807168405482,High-income countries,3.60506272315979,0.201526775956154,0.158315390348434,0.791542045237002,0.0070573258043094
United Kingdom,2006,2.250520827505298,3009524.0,49295.16905954216,1.03,3.3083088117077555,3.514561673467929,3.653276779894264,56.9144274808123,High-income countries,3.62446665763855,0.202735707163811,0.167679861187935,0.842162991496353,0.007480453543726284
United Kingdom,2007,0.6075985322366861,3051907.5,49595.59755852909,1.23,3.221831416728366,3.3083088117077555,3.514561673467929,52.9643534370859,High-income countries,3.64397478103638,0.211570635437965,0.179483875632286,0.939247584496708,0.007908892925263089
United Kingdom,2008,-1.8173071411391462,3020880.75,48702.43357014409,0.86,2.9441266199885674,3.221831416728366,3.3083088117077555,56.6986069277108,High-income countries,3.66358780860901,0.20666141808033,0.186452150344849,0.860031375134578,0.007954694384452843
United Kingdom,2009,-5.35451587194391,2885490.0,46163.241402544445,1.04,3.318232796173034,2.9441266199885674,3.221831416728366,55.004384033595,High-income countries,3.68330645561218,0.177669703960419,0.204968690872192,0.735320163240583,0.007691460337219347
United Kingdom,2010,-2.627878560643282,2833145.0,44965.92834740513,1.03,3.159343431265213,3.318232796173034,2.9441266199885674,59.2727749722888,High-income countries,3.70313143730164,0.216662615537643,0.197677850723267,0.682439144713342,0.007971458078094074
United Kingdom,2011,-0.2945749875308934,2847354.0,44833.66487278199,0.85,2.962826730903949,3.159343431265213,3.318232796173034,63.5654009707745,High-income countries,3.7108952999115,0.205228269100189,0.196725785732269,0.755161718639109,0.007948489822809712
United Kingdom,2012,2.2036568990717598,2931476.0,45832.611272922826,0.39,2.6229072621115206,2.962826730903949,3.159343431265213,62.2259827334183,High-income countries,3.71867561340332,0.225589781999588,0.191675543785095,0.691102734884562,0.007079339484724834
United Kingdom,2013,0.7334095180166145,2972857.25,46169.9876693967,0.45,2.664631005367566,2.6229072621115206,2.962826730903949,61.9991119149908,High-income countries,3.72647213935852,0.232399702072144,0.185328677296639,0.691168324283802,0.0066833817568259235
United Kingdom,2014,1.3555829621914484,3035732.75,46800.12149986443,0.53,2.7536662385720594,2.664631005367566,2.6229072621115206,59.0948041195932,High-income countries,3.7342848777771,0.250677675008774,0.191816732287407,0.75065934335949,0.007373471637046158
United Kingdom,2015,4.26104543213679,3193091.75,48837.392216311164,0.88,2.9905224186615333,2.7536662385720594,2.664631005367566,57.2035496863734,High-income countries,3.74211430549622,0.259909391403198,0.191771700978279,0.664417290994209,0.007926365081114106
United Kingdom,2016,1.5482783103413666,3268272.0,49599.41486059945,1.24,2.5427156410713687,2.9905224186615333,2.7536662385720594,59.7003984143761,High-income countries,3.74996018409729,0.251103490591049,0.194122970104218,0.625219057245787,0.007788973712919756
United Kingdom,2017,2.187495791423011,3363929.75,50696.35398042733,0.75,2.564222823931442,2.5427156410713687,2.9905224186615333,63.1216500310687,High-income countries,3.75782227516174,0.253781527280808,0.19080513715744,0.60503898360892,0.006973496232523857
United Kingdom,2018,-1.1862214844867935,3344201.25,50098.535672272825,0.69,2.5394404076438644,2.564222823931442,2.5427156410713687,64.542648250433,High-income countries,3.76570081710815,0.251808196306229,0.186975851655006,0.647812939908386,0.0059802316575776615
United Kingdom,2019,4.142756343989795,3504372.25,52217.586433500175,0.8,2.2032154468095713,2.5394404076438644,2.564222823931442,64.6651336372235,High-income countries,3.7735960483551,0.251716464757919,0.188276454806328,0.625580558554301,0.0053559638943916354
United Kingdom,2020,-6.208006447507941,3305258.0,49074.486598076335,1.16,2.111675167847961,2.2032154468095713,2.5394404076438644,58.7811375973028,High-income countries,3.78150773048401,0.234454438090324,0.231173977255821,0.638277729926518,0.003583195109896131
United Kingdom,2021,4.250201919377439,3464994.75,51205.210667865926,1.66,2.4911299591397578,2.111675167847961,2.2032154468095713,58.5845366237858,High-income countries,3.80263948440552,0.240827962756157,0.218931213021278,0.706864929441527,0.004694564498488596
United Kingdom,2022,2.4132894638755786,3576412.25,52455.97216692482,1.23,2.510893541060062,2.4911299591397578,2.111675167847961,68.8805301397863,High-income countries,3.82441544532776,0.240587219595909,0.211827635765076,0.671047051045388,0.007516120977276941
United Kingdom,2023,0.09814422906462283,3606369.25,52507.47994822937,1.49,2.7303243040237595,2.510893541060062,2.4911299591397578,65.0323382579942,High-income countries,3.84644913673401,0.225594744086266,0.211473494768143,0.740931420358542,0.007359942922656515
United States,1989,2.6294659206795856,10684975.0,42624.8039927611,3.44,4.13899164678021,,,19.4151283860195,High-income countries,3.42630386352539,0.248873844742775,0.114263132214546,0.46825655801569,0.009144375450161668
United States,1990,0.4209007491121852,10845544.0,42804.5902074159,1.48,4.1965262168340836,4.13899164678021,,19.8150673537315,High-income countries,3.43509650230408,0.234918534755707,0.10876702517271,0.492534485520967,0.010706747854579035
United States,1991,-1.349426974436696,10831007.0,42230.85330731312,1.55,4.299788224942082,4.1965262168340836,4.13899164678021,19.7864481240974,High-income countries,3.4523024559021,0.223206132650375,0.110864512622356,0.500838521056898,0.01215300450532375
United States,1992,2.357364781147453,11224901.0,43238.2155207272,3.27,4.378149141021973,4.299788224942082,4.1965262168340836,19.9505945023923,High-income countries,3.46959495544434,0.22640885412693,0.108632676303387,0.504376842511973,0.012147927032402528
United States,1993,1.884808592408227,11571857.0,44060.90179806682,3.17,4.314867837309015,4.378149141021973,4.299788224942082,20.0446187019752,High-income countries,3.48697352409363,0.228897988796234,0.105293534696102,0.518791343337327,0.011593329708688316
United States,1995,1.700903651219754,12409187.0,46267.40820421124,5.72,3.8708538660925362,4.314867837309015,4.378149141021973,22.4533816490568,High-income countries,3.5219931602478,0.229351669549942,0.0973277911543846,0.563214689308029,0.010234619032468473
United States,1996,3.024759128999932,12916877.0,47688.2662961185,5.56,4.02236452018182,3.8708538660925362,4.314867837309015,22.6870719902412,High-income countries,3.53323888778687,0.232332661747932,0.0911875292658806,0.577588342266887,0.00985007419322681
United States,1997,3.842860181922525,13552125.0,49556.52711017431,3.19,3.6064228897413417,4.02236452018182,3.8708538660925362,23.4283278026178,High-income countries,3.54452061653137,0.242644995450974,0.0925414338707924,0.580888399995814,0.0095800089091167
United States,1998,4.078202654576657,14253092.0,51619.31924556692,2.65,3.4269526854564663,3.6064228897413417,4.02236452018182,22.8258939797637,High-income countries,3.5558385848999,0.251114219427109,0.0921733230352402,0.581536543251148,0.009648477489770713
United States,1999,3.7631650452766507,14942582.0,53598.852370663604,3.44,3.218752222207192,3.4269526854564663,3.6064228897413417,23.3135697296238,High-income countries,3.56719255447388,0.259514540433884,0.0925453901290894,0.582148943723553,0.00960947331779849
United States,2000,2.8985004215996923,15530929.0,55175.14946517536,3.07,3.0137907184304704,3.218752222207192,3.4269526854564663,25.1029855568536,High-income countries,3.5785825252533,0.270601004362106,0.0922019854187965,0.577297550927396,0.009633461455194059
United States,2001,0.019758292523341936,15688271.0,55186.05220966951,1.8,3.136549136305826,3.0137907184304704,3.218752222207192,22.9671830154975,High-income countries,3.58833718299866,0.260448396205902,0.0963152050971985,0.574495317912608,0.00988232509416509
United States,2002,0.6615975215677139,15948216.0,55552.3722091729,1.82,3.101926895542035,3.136549136305826,3.0137907184304704,22.2863842136065,High-income countries,3.59811854362488,0.261339873075485,0.100056298077106,0.569653456685411,0.009817635135105363
United States,2003,1.7160627786463323,16383841.0,56513.91251227544,4.24,3.014718612513974,3.101926895542035,3.136549136305826,22.6272972866813,High-income countries,3.6079261302948,0.262336790561676,0.102872408926487,0.579363111891319,0.009787942988251253
United States,2004,2.8665856350349017,17027680.0,58157.37530545876,4.19,2.886968349432157,3.014718612513974,3.101926895542035,24.4480566571904,High-income countries,3.61776089668274,0.271132707595825,0.102918557822704,0.599614667222777,0.009878854641879542
United States,2005,2.1980890546334564,17580320.0,59449.87936154995,1.78,2.8686144775686375,2.886968349432157,3.014718612513974,25.6385573436769,High-income countries,3.62762236595154,0.27567395567894,0.10633610188961,0.627621904160661,0.009958948835484982
United States,2006,1.7372229451689591,18070692.0,60491.679299832715,1.7,2.774631195544671,2.8686144775686375,2.886968349432157,26.9752858058903,High-income countries,3.64232897758484,0.269490122795105,0.106841444969177,0.666470436622282,0.010139075342413761
United States,2007,0.8812000104830631,18420674.0,61027.08752825373,2.93,2.397047653177649,2.774631195544671,2.8686144775686375,28.0120155631098,High-income countries,3.65709471702576,0.254794239997864,0.107961773872375,0.693869495270118,0.010370221326916784
United States,2008,-2.1590032132079884,18213936.0,59723.63219998845,2.56,2.6312793932858027,2.397047653177649,2.774631195544671,29.8677875257061,High-income countries,3.67192077636719,0.239004090428352,0.112313792109489,0.703240032947853,0.010303426670862592
United States,2009,-3.1376167382061837,17828036.0,57878.8263311923,1.12,2.75422400872077,2.6312793932858027,2.397047653177649,24.759527635837,High-income countries,3.68680667877197,0.199556156992912,0.122945457696915,0.715803241915781,0.00996142640097819
United States,2010,1.630959811885191,18299994.0,58830.5467201654,1.19,2.658167641690077,2.75422400872077,2.6312793932858027,28.2198829408336,High-income countries,3.70175337791443,0.209013253450394,0.123154334723949,0.726870178753859,0.009818859481856457
United States,2011,0.4812507659956111,18568118.0,59114.351535571164,4.43,2.6324724899667338,2.658167641690077,2.75422400872077,30.842478575914,High-income countries,3.70701098442078,0.211778312921524,0.119643121957779,0.746330398166054,0.00973278433290492
United States,2012,1.7114221452715128,19069654.0,60134.75443344583,4.29,2.726650875288348,2.6324724899667338,2.658167641690077,30.681839575193,High-income countries,3.71227598190308,0.23223477602005,0.113385982811451,0.726609655910744,0.009538030342508996
United States,2013,1.6936585828007722,19578584.0,61161.90552658057,1.73,2.814669068374755,2.726650875288348,2.6324724899667338,29.9413062848227,High-income countries,3.71754860877991,0.228933349251747,0.111030146479607,0.765746029927991,0.009401454200134829
United States,2014,1.912408195778248,20143926.0,62342.826847265766,1.68,2.771759620932625,2.814669068374755,2.726650875288348,29.906569337428,High-income countries,3.72282862663269,0.229411363601685,0.110255092382431,0.797403406877779,0.00934240599232794
United States,2015,2.756895418822225,20899968.0,64085.46435894168,3.87,2.760206880791321,2.771759620932625,2.814669068374755,27.6882139340768,High-income countries,3.72811627388001,0.228806331753731,0.111392587423325,0.826816157892441,0.009275869936084646
United States,2016,1.1659861882403533,21343028.0,64837.06528840881,3.86,2.7455506524898374,2.760206880791321,2.771759620932625,26.4525977865465,High-income countries,3.73341131210327,0.221826300024986,0.113228358328342,0.839742416222062,0.009317639214595275
United States,2017,1.6266894660766695,21892416.0,65900.38803188372,1.32,2.4558537461039482,2.7455506524898374,2.760206880791321,27.1253382222874,High-income countries,3.73871397972107,0.223839938640594,0.114735588431358,0.857951924856945,0.009148251849545375
United States,2018,2.2007275442046392,22571668.0,67366.7521809016,1.44,2.6279571836688524,2.4558537461039482,2.7455506524898374,27.4453591302618,High-income countries,3.74402379989624,0.230752885341644,0.116839818656445,0.86794686673085,0.008547940591857817
United States,2019,1.9347043092842853,23200364.0,68682.78930179436,4.0,2.7163122169930745,2.6279571836688524,2.4558537461039482,26.2584806245428,High-income countries,3.74934148788452,0.232231289148331,0.116583928465843,0.8807604037501,0.008125433601183119
United States,2020,-2.7684321262624323,22676858.0,66807.43167377169,3.71,2.5410101365807467,2.7163122169930745,2.6279571836688524,23.0797778694073,High-income countries,3.75466680526733,0.22821643948555,0.124538786709309,0.89764618873753,0.004861286165597001
United States,2021,6.153500337284612,24167636.0,71047.5470969092,1.73,2.587380539262418,2.5410101365807467,2.7163122169930745,25.2136560307765,High-income countries,3.72817277908325,0.230949953198433,0.121562063694,0.923722950329925,0.002134446252773259
United States,2022,2.4264199192503,24861132.0,72792.54379225198,1.88,2.5146517801586685,2.587380539262418,2.5410101365807467,26.891689830077,High-income countries,3.81364345550537,0.239827409386635,0.117233231663704,0.980558872610411,0.004027038116404924
United States,2023,2.5246248848912245,25641846.0,74653.67693038611,3.86,2.7120664046197005,2.5146517801586685,2.587380539262418,24.8993631439946,High-income countries,3.82982563972473,0.230900436639786,0.116765603423119,1.0352914667422,0.0056737574499265975
Uruguay,1992,10.605051291620526,39086.03515625,12448.963359022608,5.41,5.718019856627479,,,40.0730436292529,Upper-middle-income countries,2.36305570602417,0.18404458463192,0.196677714586258,0.335227997162312,0.005540686439340803
Uruguay,1995,-1.0932967679732286,44334.60546875,13900.435646618216,3.33,10.596986477255696,5.718019856627479,,38.0976748425287,Upper-middle-income countries,2.38985681533813,0.200339809060097,0.206940725445747,0.415518031914691,0.005220157984239471
Uruguay,1996,5.63206140582313,47151.50390625,14705.782667706071,3.3,10.323648376933363,10.596986477255696,5.718019856627479,39.5284364552889,Upper-middle-income countries,2.42010712623596,0.186003565788269,0.204219043254852,0.446103259599286,0.005279756795678159
Uruguay,1997,1.1987851150166762,47973.4765625,14883.134310010253,9.83,10.554007102124968,10.323648376933363,10.596986477255696,37.706397080707,Upper-middle-income countries,2.45074009895325,0.197780221700668,0.178093895316124,0.438254370177719,0.0052945306394824865
Uruguay,1998,1.8869603566603388,49128.9921875,15166.639558019066,11.73,12.875656105328385,10.554007102124968,10.323648376933363,35.6400154006956,Upper-middle-income countries,2.48176097869873,0.204827964305878,0.156651079654694,0.452430591748836,0.0049314426548840995
Uruguay,1999,-5.800941919968139,46571.01953125,14311.863814779588,16.88,12.308149053560214,12.875656105328385,10.554007102124968,33.3864489469027,Upper-middle-income countries,2.51317453384399,0.181327551603317,0.15598426759243,0.443058921696986,0.004538535610347116
Uruguay,2000,-5.778646453051017,44120.8046875,13508.273724161918,17.59,12.200231535969278,12.308149053560214,12.875656105328385,36.7137381507902,Upper-middle-income countries,2.54498553276062,0.179612681269646,0.145897701382637,0.428633704150932,0.003739448158594394
Uruguay,2001,-5.368260784858769,41917.73046875,12802.23491380166,10.8,12.364703158255963,12.200231535969278,12.308149053560214,36.3095126435057,Upper-middle-income countries,2.54196763038635,0.181767076253891,0.135663419961929,0.402594286620706,0.002460073984841493
Uruguay,2002,-9.389847850420274,38214.66015625,11654.836916608694,10.21,10.65445178508126,12.364703158255963,12.200231535969278,40.02906730756,Upper-middle-income countries,2.53895330429077,0.157526582479477,0.128835067152977,0.298973351208072,0.0014087952524124425
Uruguay,2003,-0.8823406606133233,37905.75,11552.453899291293,2.05,9.35033784398248,10.65445178508126,12.364703158255963,51.7591995826472,Upper-middle-income countries,2.53594255447388,0.169960170984268,0.126649856567383,0.288882846913799,0.0007070065124772373
Uruguay,2004,3.4469976871225327,39258.6015625,11957.609453640225,1.52,9.280017780254386,9.35033784398248,10.65445178508126,61.4766880860242,Upper-middle-income countries,2.53293538093567,0.190402612090111,0.112681321799755,0.326445905884045,0.0005977758165336411
Uruguay,2005,3.7734828274928134,40800.89453125,12417.449217017862,8.83,7.974130372133768,9.280017780254386,9.35033784398248,58.8776963255774,Upper-middle-income countries,2.52993178367615,0.194529443979263,0.106181204319,0.388543411521623,0.0007986093722291976
Uruguay,2006,6.498463950004485,43589.8671875,13251.18944531489,6.62,7.232065159248571,7.974130372133768,9.280017780254386,61.9715745165876,Upper-middle-income countries,2.54152894020081,0.211070090532303,0.110295951366425,0.419185155298633,0.0011360739332255676
Uruguay,2007,10.059664824274428,48285.75390625,14653.569623701844,12.32,7.661328918464769,7.232065159248571,7.974130372133768,59.2104478374095,Upper-middle-income countries,2.5531792640686,0.212414637207985,0.112532839179039,0.453064689349466,0.0017151993396813392
Uruguay,2008,11.242071279308163,54146.13671875,16397.103098577092,11.44,6.529635964677894,7.661328918464769,7.232065159248571,65.2080950071821,Upper-middle-income countries,2.5632803440094,0.251380383968353,0.118876487016678,0.527602996098377,0.002129347070396914
Uruguay,2009,8.330837016298531,58991.2265625,17821.63286825045,5.65,7.699978932921852,6.529635964677894,7.661328918464769,53.3944192683736,Upper-middle-income countries,2.57118535041809,0.214649349451065,0.127099722623825,0.507012130257173,0.00239373352045269
Uruguay,2010,13.064050792628379,67396.328125,20308.78512044308,6.98,8.494342992107233,7.699978932921852,6.529635964677894,51.6990372012256,Upper-middle-income countries,2.57911467552185,0.224362477660179,0.126461043953896,0.533650059106801,0.002561299132460171
Uruguay,2011,10.822846808403952,75286.46875,22630.12594590939,2.21,8.611953354822289,8.494342992107233,7.699978932921852,53.2470340109018,Upper-middle-income countries,2.6003246307373,0.236928880214691,0.133644536137581,0.589681328647753,0.0024814151223773173
Uruguay,2012,2.979592629367289,77763.3984375,23314.557511225787,1.26,7.944544181822132,8.611953354822289,8.494342992107233,55.0611541633768,High-income countries,2.62170910835266,0.25377944111824,0.127853527665138,0.635560226397889,0.002574516306383501
Uruguay,2013,2.603064589064452,80051.96875,23929.41839641268,7.23,8.592659839716513,7.944544181822132,8.611953354822289,49.7178464746233,High-income countries,2.64326930046082,0.241765141487122,0.138383269309998,0.728350703094349,0.0029745238702580945
Uruguay,2014,3.896254609077232,83506.1640625,24880.17106238533,7.2,8.581818813647008,8.592659839716513,7.944544181822132,49.0876240632174,High-income countries,2.66500687599182,0.224589645862579,0.143582671880722,0.703157052046844,0.0032818710051349953
Uruguay,2015,1.1694603538273896,84782.5625,25172.842803346895,15.71,8.579853975320958,8.581818813647008,8.592659839716513,45.3282408087534,High-income countries,2.68692326545715,0.200303718447685,0.154501706361771,0.678321515885719,0.003474836978474727
Uruguay,2016,1.241587090211027,86128.9140625,25487.333870084276,16.45,9.397097409489827,8.579853975320958,8.581818813647008,48.4705583785623,High-income countries,2.70901989936829,0.180004939436913,0.164719611406326,0.668301985458019,0.003339412941344211
Uruguay,2017,0.3205706673929498,86639.546875,25569.169887423057,7.3,11.336641791062164,9.397097409489827,8.579853975320958,46.3780042035515,High-income countries,2.73129820823669,0.166629567742348,0.177427724003792,0.736578908126917,0.002705491430367246
Uruguay,2018,0.6492550037096478,87360.7734375,25735.71908176498,6.83,9.811911304450994,11.336641791062164,9.397097409489827,47.7913104806475,High-income countries,2.75375962257385,0.156452283263206,0.188356310129166,0.739366390493112,0.0017974426670923638
Uruguay,2019,4.581651276618359,91528.4375,26942.268882134318,2.46,9.83076825668846,9.811911304450994,11.336641791062164,49.7448341159636,High-income countries,2.77640581130981,0.143074676394463,0.194453224539757,0.694543697514374,0.0007868381704412286
Uruguay,2020,-1.9209764633400184,89833.546875,26429.653611037233,3.53,10.074147263307799,9.83076825668846,9.811911304450994,47.7318733182088,High-income countries,2.79923820495605,0.15784102678299,0.198331341147423,0.636580287695922,0.0005185270534506792
Uruguay,2021,2.6724158517067664,92204.9375,27145.486274157676,7.91,10.042572384615953,10.074147263307799,9.83076825668846,58.3150410230338,High-income countries,2.8979823589325,0.179588109254837,0.18557596206665,0.696944447950562,-0.0006689560929566962
Uruguay,2022,2.934296886151877,94788.9609375,27953.816844460474,7.48,9.383912330228913,10.042572384615953,10.074147263307799,61.0307951043821,High-income countries,3.00021004676819,0.187196061015129,0.182846382260323,0.775499867820036,-0.0017036933772707208
Uruguay,2023,-0.17194601258623265,94547.0859375,27905.792670688807,16.48,10.324403265876022,9.383912330228913,10.042572384615953,52.910987066463,High-income countries,3.01220703125,0.180533543229103,0.184912115335464,0.818199697388942,-0.0008355222514582206
Zambia,1997,4.903707296954796,12420.1884765625,1344.6036339215723,5.68,11.33290599463479,17.805433922376253,,58.272862622336,Low-income countries,2.08651208877563,0.151971906423569,0.111190408468246,0.438807816740615,0.0255491686835172
Zambia,2001,2.5540823620943343,15801.53125,1530.3872279286038,8.37,11.5265242670103,11.33290599463479,17.805433922376253,64.668282708979,Low-income countries,2.08502984046936,0.265127956867218,0.0643430501222611,0.240909068795113,0.030239415804414804
Zambia,2002,2.7283468489672558,16746.203125,1572.7163160717616,6.37,9.94843054457184,11.5265242670103,11.33290599463479,64.9164969990648,Low-income countries,2.10375952720642,0.270921319723129,0.0741844549775124,0.258905696409467,0.03078123508736308
Zambia,2003,4.76091674196244,18116.375,1649.4030415360364,17.73,10.977675544024267,9.94843054457184,11.5265242670103,62.3128446757629,Low-income countries,2.12265777587891,0.268924176692963,0.0889092832803726,0.314772164311366,0.031035504522856527
Zambia,2004,6.62309920173092,19981.798828125,1762.343436595921,9.33,9.479248895638673,10.977675544024267,9.94843054457184,70.8130749317722,Low-income countries,2.14172554016113,0.267965406179428,0.122524991631508,0.364532616216461,0.031774583174712046
Zambia,2005,8.318340740964736,22444.01171875,1915.2110565706323,15.88,10.731453600003045,9.479248895638673,10.977675544024267,62.200282191364,Low-income countries,2.16096472740173,0.232607707381248,0.133346259593964,0.462047755693823,0.033018632006296844
Zambia,2006,15.365186864520197,27088.9140625,2233.2986271217087,8.53,10.454650807245834,10.731453600003045,9.479248895638673,57.8568188739027,Low-income countries,2.17306137084961,0.232141956686974,0.127242609858513,0.552466863467913,0.03444886034041961
Zambia,2007,28.70837681820264,37393.0703125,2975.950446216639,3.45,9.154163477314473,10.454650807245834,10.731453600003045,65.7714586909068,Low-income countries,2.18522572517395,0.219735532999039,0.099758543074131,0.492929322850299,0.03527706430182542
Zambia,2008,1.526040098503234,39346.703125,3021.712932187234,3.45,9.303178791390248,9.154163477314473,10.454650807245834,59.4548891205874,Low-income countries,2.19745802879334,0.261764049530029,0.111397542059422,0.583523504113024,0.03566638552292156
Zambia,2009,9.793959889358383,44958.55078125,3332.6356105261307,4.01,8.725636696745752,9.303178791390248,9.154163477314473,56.1213809555165,Low-income countries,2.2097589969635,0.270852982997894,0.105884581804276,0.404322148900923,0.035389184660338024
Zambia,2010,11.662048722123153,52299.1796875,3744.8589503246335,6.28,7.8124552379705205,8.725636696745752,9.303178791390248,65.0147025206122,Lower-middle-income countries,2.22212862968445,0.293270736932755,0.099460169672966,0.417034197361765,0.03461922742240242
Zambia,2011,9.088543738843846,59211.68359375,4101.158071062231,17.84,8.468081311674252,7.8124552379705205,8.725636696745752,72.7954324384283,Lower-middle-income countries,2.27544116973877,0.355627298355103,0.0969239547848702,0.390833498109822,0.0332527568350911
Zambia,2012,-7.108829583097709,56966.11328125,3819.735175204506,8.1,8.26386753842498,8.468081311674252,7.8124552379705205,75.367709855907,Lower-middle-income countries,2.33003234863281,0.339808434247971,0.114096418023109,0.427319244708397,0.032426002620365324
Zambia,2013,-2.7173262551755784,57243.27734375,3717.338041156187,18.22,8.361375459321795,8.26386753842498,8.468081311674252,80.4562410213373,Lower-middle-income countries,2.38593363761902,0.351126343011856,0.130439460277557,0.487793314055872,0.03202688457169822
Zambia,2014,1.1292335322901081,59759.28515625,3759.553375082532,5.65,8.782050424142787,8.361375459321795,8.26386753842498,76.1934997276313,Lower-middle-income countries,2.44317603111267,0.331460624933243,0.155587121844292,0.480395734100483,0.03172203429067899
Zambia,2015,-7.048741003646697,57457.09765625,3503.6761893450303,1.57,8.788054275621583,8.782050424142787,8.361375459321795,79.8652687573958,Lower-middle-income countries,2.50179147720337,0.380652487277985,0.167672276496887,0.418385911045598,0.031201372787683646
Zambia,2016,-1.0491314720789902,58644.16796875,3467.1101679761705,1.7,8.839641435702665,8.788054275621583,8.782050424142787,73.958561254616,Lower-middle-income countries,2.56121468544006,0.335644096136093,0.189501240849495,0.413962511394982,0.030940905408932906
Zambia,2018,-1.6116534377166758,62073.11328125,3453.577488213387,0.89,7.140279286048549,8.839641435702665,8.788054275621583,74.8883695274665,Lower-middle-income countries,2.64429807662964,0.325165450572968,0.162710443139076,0.51646336055117,0.030060186177753856
Zambia,2020,-8.650261732834785,58458.2265625,3067.1606607922236,4.78,8.599540683297967,7.140279286048549,8.839641435702665,79.2068494095955,Lower-middle-income countries,2.73007655143738,0.250153332948685,0.192770674824715,0.422020530720207,0.029041649369132116
Zambia,2021,6.16177832094742,63948.85546875,3262.096381994905,13.95,8.599305209299217,8.599540683297967,7.140279286048549,86.2085111934645,Low-income countries,2.74438500404358,0.244451776146889,0.230778455734253,0.474754348217545,0.028153424062674404
Zambia,2022,5.047137754790576,69144.015625,3430.9645385203885,9.44,8.725847966497412,8.599305209299217,8.599540683297967,69.2973154193203,Lower-middle-income countries,2.75889253616333,0.204306855797768,0.187149465084076,0.576718331634032,0.027636504298416575
Zambia,2023,2.552706120472692,72941.609375,3519.674414379681,14.83,10.074191481880819,8.725847966497412,8.599305209299217,78.2418870451485,Lower-middle-income countries,2.77360224723816,0.231376126408577,0.172019243240356,0.526721609128143,0.027940675872384357
Zimbabwe,1996,11.327068178434097,82493.21875,7392.95189884535,47.38,39.836891184283154,,,72.0696205534463,Low-income countries,2.01158380508423,0.161649942398071,0.168950721621513,0.197077620809317,0.016605572041137773
Zimbabwe,1997,-23.687829716831565,66327.984375,5833.684573652703,24.29,17.06362237563283,39.836891184283154,,82.2050640855163,Low-income countries,2.02573585510254,0.00484745344147086,0.147297337651253,8.36997518376676,0.0187740994179193
Zimbabwe,1998,-8.952602407825694,61845.30078125,5334.113899380877,22.95,19.80534392889681,17.06362237563283,39.836891184283154,88.5140416661236,Low-income countries,2.03998756408691,0.00319264968857169,0.143520176410675,11.3774905878013,0.019550247120374564
Zimbabwe,1999,1.4469890836888766,63770.4140625,5411.859070783806,23.22,16.860742386744448,19.80534392889681,17.06362237563283,70.9226598006938,Low-income countries,2.05433940887451,0.00177106622140855,0.112317949533463,12.2235906879954,0.016183344245908504
Zimbabwe,2000,-27.318003583252093,48973.6875,4118.185418752268,14.95,11.318599145938114,16.860742386744448,19.80534392889681,74.0674111297806,Low-income countries,2.06879234313965,0.00312914303503931,0.157109171152115,8.63478042487574,0.00917384654947151
Zimbabwe,2001,12.264135096537565,55735.4453125,4655.521734810536,4.57,10.485416571703823,11.318599145938114,16.860742386744448,67.8978721688914,Low-income countries,2.10517907142639,0.00214657164178789,0.108472652733326,7.57871711740441,0.006691790578128742
Zimbabwe,2002,6.916537432146441,60304.328125,4988.919530118875,10.2,17.57838984617362,10.485416571703823,11.318599145938114,66.8073515648498,Low-income countries,2.1422061920166,0.000813510734587908,0.0892792493104935,8.79002666800073,0.00962219774230455
Zimbabwe,2003,-23.348623855281758,48318.5234375,3950.0692908043716,24.38,17.43896599231811,17.57838984617362,10.485416571703823,70.4519882160596,Low-income countries,2.17988419532776,0.000193206826224923,0.101216480135918,72.2674042008361,0.011897356022389616
Zimbabwe,2007,-0.9688791985366763,22989.232421875,1795.4645645837438,23.44,15.485859579082145,17.43896599231811,17.57838984617362,84.1729044270467,Low-income countries,2.30269718170166,0.00217897747643292,0.174452781677246,10.2824973321015,0.01317705277127068
Zimbabwe,2010,-1.7649833343420518,28821.61328125,2157.8639391892275,22.73,16.709860533929085,15.485859579082145,17.43896599231811,83.1234047851259,Low-income countries,2.37260484695435,0.0129374396055937,0.174217253923416,6.06970550696477,0.016133432203242926
Zimbabwe,2011,11.334411665801802,32858.03125,2416.8449067862834,14.34,13.44343019677204,16.709860533929085,15.485859579082145,89.4659437238642,Low-income countries,2.41582274436951,0.136740803718567,0.195574879646301,0.52193642743905,0.017726514046573882
Zimbabwe,2012,14.357059726223387,38551.59375,2789.9774943882517,11.48,14.628660202608813,13.44343019677204,16.709860533929085,74.1627003825153,Low-income countries,2.45982789993286,0.0806299895048142,0.203361734747887,0.5453967468599,0.01623064675914243
Zimbabwe,2014,1.021149889735895,41882.06640625,2947.913571146474,8.77,12.743349678191485,14.628660202608813,13.44343019677204,54.6717592473918,Low-income countries,2.55025768280029,0.0788648054003716,0.179745525121689,0.570124882511282,0.013716940534795885
Zimbabwe,2015,5.346765437908996,44778.359375,3109.821442275245,8.08,12.343499893304276,12.743349678191485,14.628660202608813,56.7496526604333,Low-income countries,2.58465313911438,0.0818547531962395,0.173884332180023,0.556905034778511,0.013399592762045831
Zimbabwe,2016,4.454954450114812,47472.78125,3251.4948842810973,7.17,11.026957758887882,12.343499893304276,12.743349678191485,51.2190376594477,Low-income countries,2.61625742912293,0.0801411420106888,0.165716037154198,0.546165885382308,0.013882002931644877
Zimbabwe,2017,7.13107011248173,51722.6484375,3491.828610323375,18.5,13.983941518287004,11.026957758887882,12.343499893304276,55.028317831061,Low-income countries,2.64824795722961,0.119595251977444,0.107766188681126,0.528811156979566,0.014428538206892494
Zimbabwe,2018,-51.9796969724851,31217.31640625,2076.385385130765,18.46,13.964212335343595,13.983941518287004,11.026957758887882,54.55031658746,Lower-middle-income countries,2.68062973022461,0.13366687297821,0.122730128467083,0.889909296905023,0.014874163784169614
Zimbabwe,2019,38.372837703238716,46541.140625,3047.6078256381484,14.92,11.717827883895598,13.964212335343595,13.983941518287004,55.7959843651922,Lower-middle-income countries,2.71340751647949,0.130146831274033,0.107014581561089,0.534841337208466,0.0156353351552454
Zimbabwe,2020,-2.861306897972149,45985.0859375,2961.6421486069844,6.74,11.796053260685552,11.717827883895598,13.964212335343595,47.3133820116249,Lower-middle-income countries,2.74658608436584,0.119450010359287,0.144038543105125,0.519637372820163,0.016593528087413656
Zimbabwe,2021,-2.511380486258208,45625.34765625,2888.190234620544,5.88,10.041371083991352,11.796053260685552,11.717827883895598,50.8471233244119,Lower-middle-income countries,2.7706606388092,0.153113141655922,0.268606811761856,0.54938001079075,0.01726011143038697
Zimbabwe,2023,2.445007328221749,52258.8984375,3198.0581171192002,0.07,0.6257111038698292,10.041371083991352,11.796053260685552,50.7949638787374,Lower-middle-income countries,2.82049798965454,0.193216800689697,0.295949727296829,0.507688063276047,0.016770959139498665
